{"type":"FeatureCollection","features":[{"type":"Feature","properties":{"sourceId":311,"name":"Mountain View Addition","slug":"mountain-view-addition","platName":"MOUNTAIN VIEW ADDITION BLOCK 8 ALLEY VACATION","recorded":null},"geometry":{"type":"Polygon","coordinates":[[[-121.18119,44.272196],[-121.181191,44.272264],[-121.181191,44.272333],[-121.181192,44.27247],[-121.18123,44.27247],[-121.181268,44.27247],[-121.181267,44.272333],[-121.181267,44.272264],[-121.181267,44.272196],[-121.181266,44.272058],[-121.181261,44.271647],[-121.181226,44.271647],[-121.181188,44.271647],[-121.181185,44.271647],[-121.18119,44.272059],[-121.18119,44.272196]]],"crs":null}},{"type":"Feature","properties":{"sourceId":317,"name":"Ellinger's Addition","slug":"ellinger-s-addition","platName":"ELLINGER'S ADDITION VACATION PLAT","recorded":-1829433600000},"geometry":{"type":"Polygon","coordinates":[[[-121.175532,44.279714],[-121.176372,44.279712],[-121.176371,44.279657],[-121.176035,44.279658],[-121.175531,44.279659],[-121.175532,44.279714]]],"crs":null}},{"type":"Feature","properties":{"sourceId":331,"name":"Rimrock West Estate","slug":"rimrock-west-estate","platName":"RIMROCK WEST ESTATES REPLAT","recorded":87609600000},"geometry":{"type":"Polygon","coordinates":[[[-121.195513,44.309105],[-121.19393,44.309102],[-121.193187,44.3091],[-121.19202,44.309097],[-121.191078,44.309095],[-121.189039,44.30909],[-121.189033,44.309143],[-121.189036,44.309863],[-121.18903,44.31065],[-121.189037,44.311138],[-121.18904,44.311695],[-121.189044,44.312363],[-121.189022,44.312833],[-121.189067,44.312933],[-121.189069,44.313042],[-121.189074,44.313199],[-121.18907,44.313371],[-121.189078,44.314351],[-121.189088,44.315727],[-121.189095,44.31632],[-121.190774,44.316321],[-121.192218,44.316323],[-121.192779,44.316323],[-121.193935,44.316324],[-121.195274,44.316325],[-121.195633,44.316326],[-121.197427,44.316327],[-121.198926,44.316328],[-121.198929,44.315445],[-121.198931,44.314573],[-121.19893,44.314524],[-121.198934,44.313722],[-121.198937,44.312938],[-121.198938,44.312725],[-121.198941,44.311826],[-121.198941,44.311658],[-121.198946,44.310617],[-121.198947,44.310534],[-121.198951,44.309113],[-121.198499,44.309112],[-121.197204,44.309109],[-121.195513,44.309105]]],"crs":null}},{"type":"Feature","properties":{"sourceId":332,"name":"Rimrock West Estate","slug":"rimrock-west-estate","platName":"RIMROCK WEST ESTATES","recorded":47779200000},"geometry":{"type":"Polygon","coordinates":[[[-121.195513,44.309105],[-121.19393,44.309102],[-121.193187,44.3091],[-121.19202,44.309097],[-121.191078,44.309095],[-121.189039,44.30909],[-121.189033,44.309143],[-121.189036,44.309863],[-121.18903,44.31065],[-121.189037,44.311138],[-121.18904,44.311695],[-121.189044,44.312363],[-121.189022,44.312833],[-121.189067,44.312933],[-121.189069,44.313042],[-121.189074,44.313199],[-121.18907,44.313371],[-121.189078,44.314351],[-121.189088,44.315727],[-121.189095,44.31632],[-121.190774,44.316321],[-121.192218,44.316323],[-121.192779,44.316323],[-121.193935,44.316324],[-121.195274,44.316325],[-121.195633,44.316326],[-121.197427,44.316327],[-121.198926,44.316328],[-121.198929,44.315445],[-121.198931,44.314573],[-121.19893,44.314524],[-121.198934,44.313722],[-121.198937,44.312938],[-121.198938,44.312725],[-121.198941,44.311826],[-121.198941,44.311658],[-121.198946,44.310617],[-121.198947,44.310534],[-121.198951,44.309113],[-121.198499,44.309112],[-121.197204,44.309109],[-121.195513,44.309105]]],"crs":null}},{"type":"Feature","properties":{"sourceId":372,"name":"Greens at Redmond","slug":"greens-at-redmond","platName":"GREENS AT REDMOND PHASE 6A","recorded":1005091200000},"geometry":{"type":"Polygon","coordinates":[[[-121.208868,44.23557],[-121.207506,44.235532],[-121.207032,44.235519],[-121.206503,44.235505],[-121.205482,44.235476],[-121.204322,44.235444],[-121.203793,44.235429],[-121.202435,44.235391],[-121.202447,44.236648],[-121.202556,44.236648],[-121.202558,44.236922],[-121.202884,44.236921],[-121.20316,44.23692],[-121.203286,44.23692],[-121.203412,44.236919],[-121.203664,44.236918],[-121.20374,44.236918],[-121.203988,44.236917],[-121.204044,44.236917],[-121.204347,44.236916],[-121.20465,44.236915],[-121.204953,44.236914],[-121.205257,44.236913],[-121.20556,44.236912],[-121.205814,44.236911],[-121.20594,44.23691],[-121.206066,44.23691],[-121.206313,44.236909],[-121.20639,44.236909],[-121.206402,44.236908],[-121.20641,44.236907],[-121.206417,44.236905],[-121.206424,44.236903],[-121.20643,44.2369],[-121.206437,44.236897],[-121.206442,44.236894],[-121.206448,44.23689],[-121.206452,44.236885],[-121.206457,44.23688],[-121.206462,44.236876],[-121.206467,44.236872],[-121.206472,44.236868],[-121.206477,44.236864],[-121.206483,44.23686],[-121.206489,44.236857],[-121.206495,44.236853],[-121.206501,44.23685],[-121.206507,44.236847],[-121.206514,44.236844],[-121.20652,44.236842],[-121.206527,44.236839],[-121.206534,44.236837],[-121.206541,44.236835],[-121.206548,44.236833],[-121.206556,44.236831],[-121.206563,44.23683],[-121.206571,44.236829],[-121.206578,44.236828],[-121.206586,44.236827],[-121.206593,44.236826],[-121.206601,44.236826],[-121.206608,44.236826],[-121.206607,44.236634],[-121.207128,44.236632],[-121.207286,44.236631],[-121.207283,44.236615],[-121.207283,44.236604],[-121.207282,44.236598],[-121.207283,44.236587],[-121.207283,44.236576],[-121.207284,44.236571],[-121.207286,44.23656],[-121.207289,44.236544],[-121.207298,44.236517],[-121.207311,44.236491],[-121.207324,44.236471],[-121.207343,44.236448],[-121.207365,44.236425],[-121.207407,44.236394],[-121.20743,44.236378],[-121.207458,44.236359],[-121.207481,44.236344],[-121.207515,44.236323],[-121.207533,44.236312],[-121.207563,44.236295],[-121.207587,44.236282],[-121.207606,44.236272],[-121.207631,44.23626],[-121.207662,44.236244],[-121.207695,44.23623],[-121.207727,44.236215],[-121.20778,44.236194],[-121.207828,44.236176],[-121.207862,44.236164],[-121.207944,44.236146],[-121.208171,44.236094],[-121.208388,44.236044],[-121.208575,44.236002],[-121.208582,44.236],[-121.208589,44.235998],[-121.208596,44.235995],[-121.208603,44.235993],[-121.20861,44.235991],[-121.208616,44.235988],[-121.208623,44.235986],[-121.20863,44.235983],[-121.208637,44.23598],[-121.208643,44.235978],[-121.20865,44.235975],[-121.208656,44.235972],[-121.208663,44.235969],[-121.208669,44.235966],[-121.208675,44.235963],[-121.208682,44.23596],[-121.208688,44.235956],[-121.208694,44.235953],[-121.2087,44.23595],[-121.208706,44.235946],[-121.208712,44.235943],[-121.208717,44.235939],[-121.208723,44.235936],[-121.208729,44.235932],[-121.208734,44.235928],[-121.20874,44.235924],[-121.208745,44.23592],[-121.20875,44.235917],[-121.208756,44.235913],[-121.208761,44.235908],[-121.208766,44.235904],[-121.208771,44.2359],[-121.208776,44.235896],[-121.20878,44.235892],[-121.208785,44.235887],[-121.20879,44.235883],[-121.208794,44.235879],[-121.208799,44.235874],[-121.208803,44.23587],[-121.208807,44.235865],[-121.208811,44.23586],[-121.208815,44.235856],[-121.208819,44.235851],[-121.208823,44.235846],[-121.208827,44.235841],[-121.20883,44.235837],[-121.208834,44.235832],[-121.208837,44.235827],[-121.208841,44.235822],[-121.208844,44.235817],[-121.208847,44.235812],[-121.20885,44.235807],[-121.208853,44.235802],[-121.208855,44.235797],[-121.208858,44.235791],[-121.208861,44.235786],[-121.208863,44.235781],[-121.208865,44.235776],[-121.208868,44.235771],[-121.20887,44.235765],[-121.208872,44.23576],[-121.208873,44.235755],[-121.208875,44.235749],[-121.208877,44.235744],[-121.208878,44.235739],[-121.20888,44.235733],[-121.208881,44.235728],[-121.208882,44.235722],[-121.208883,44.235717],[-121.208884,44.235712],[-121.208885,44.235706],[-121.208886,44.235701],[-121.208886,44.235695],[-121.208887,44.23569],[-121.208887,44.235684],[-121.208887,44.235679],[-121.208888,44.235673],[-121.208888,44.235668],[-121.208887,44.235662],[-121.208887,44.235657],[-121.208887,44.235651],[-121.208886,44.235646],[-121.208886,44.23564],[-121.208885,44.235635],[-121.208884,44.235629],[-121.208883,44.235624],[-121.208882,44.235619],[-121.208881,44.235613],[-121.20888,44.235608],[-121.208878,44.235602],[-121.208877,44.235597],[-121.208875,44.235592],[-121.208874,44.235586],[-121.208872,44.235581],[-121.20887,44.235576],[-121.208868,44.23557]]],"crs":null}},{"type":"Feature","properties":{"sourceId":373,"name":"Sunshine Addition","slug":"sunshine-addition","platName":"SUNSHINE ADDITION REPLAT BLOCK 3 LOTS 2-7","recorded":343958400000},"geometry":{"type":"Polygon","coordinates":[[[-121.202036,44.242142],[-121.20205,44.242129],[-121.202073,44.242106],[-121.202086,44.242093],[-121.202099,44.24208],[-121.202121,44.242057],[-121.202133,44.242043],[-121.202146,44.242029],[-121.202166,44.242006],[-121.202178,44.241992],[-121.20219,44.241978],[-121.202209,44.241955],[-121.202335,44.241799],[-121.202535,44.24155],[-121.202736,44.241301],[-121.202864,44.241143],[-121.20288,44.241123],[-121.202896,44.241105],[-121.202912,44.241086],[-121.202932,44.241064],[-121.202957,44.241035],[-121.202983,44.241008],[-121.203009,44.240981],[-121.203026,44.240963],[-121.203039,44.240949],[-121.203066,44.240922],[-121.203093,44.240896],[-121.203121,44.24087],[-121.203135,44.240857],[-121.203153,44.240841],[-121.203168,44.240827],[-121.203183,44.240814],[-121.203212,44.240788],[-121.203231,44.240772],[-121.203246,44.240759],[-121.203276,44.240734],[-121.203307,44.24071],[-121.203327,44.240693],[-121.203342,44.240681],[-121.203374,44.240657],[-121.203406,44.240633],[-121.203432,44.240614],[-121.203454,44.240598],[-121.203475,44.240583],[-121.203497,44.240568],[-121.203519,44.240553],[-121.203542,44.240537],[-121.203564,44.240523],[-121.203588,44.240507],[-121.203615,44.24049],[-121.203638,44.240475],[-121.203661,44.240461],[-121.203684,44.240447],[-121.203708,44.240432],[-121.203731,44.240419],[-121.203755,44.240405],[-121.203783,44.240389],[-121.203809,44.240374],[-121.203833,44.240361],[-121.203858,44.240348],[-121.203882,44.240335],[-121.203913,44.240318],[-121.203938,44.240306],[-121.203963,44.240293],[-121.203989,44.24028],[-121.204026,44.240262],[-121.204064,44.240244],[-121.204096,44.240229],[-121.204135,44.240212],[-121.204174,44.240195],[-121.204207,44.240181],[-121.204247,44.240164],[-121.204283,44.24015],[-121.204293,44.239357],[-121.203631,44.239489],[-121.203601,44.239495],[-121.203572,44.239501],[-121.203543,44.239508],[-121.203529,44.239512],[-121.203511,44.239516],[-121.203482,44.239524],[-121.203454,44.239532],[-121.203426,44.23954],[-121.203398,44.239549],[-121.20337,44.239558],[-121.203342,44.239567],[-121.203315,44.239577],[-121.203288,44.239587],[-121.203261,44.239597],[-121.203234,44.239608],[-121.203208,44.239619],[-121.203182,44.23963],[-121.203156,44.239642],[-121.20313,44.239654],[-121.203105,44.239667],[-121.203093,44.239673],[-121.203078,44.239681],[-121.203053,44.239694],[-121.203029,44.239707],[-121.203005,44.239721],[-121.202982,44.239735],[-121.202958,44.239749],[-121.202936,44.239763],[-121.202913,44.239778],[-121.202891,44.239793],[-121.202869,44.239809],[-121.202848,44.239825],[-121.202827,44.23984],[-121.202806,44.239857],[-121.202786,44.239873],[-121.202767,44.23989],[-121.202747,44.239907],[-121.202738,44.239915],[-121.202727,44.239926],[-121.202708,44.239943],[-121.202695,44.239956],[-121.202681,44.23997],[-121.202664,44.239988],[-121.202651,44.240001],[-121.202635,44.24002],[-121.202622,44.240034],[-121.202607,44.240053],[-121.202591,44.240072],[-121.20258,44.240086],[-121.202569,44.2401],[-121.202555,44.24012],[-121.202545,44.240135],[-121.202532,44.240154],[-121.202522,44.240169],[-121.20251,44.240188],[-121.202356,44.240442],[-121.202202,44.240696],[-121.202047,44.240949],[-121.201886,44.241215],[-121.201724,44.241482],[-121.201488,44.241868],[-121.20186,44.241978],[-121.201996,44.24208],[-121.202023,44.24215],[-121.202026,44.242152],[-121.202036,44.242142]]],"crs":null}},{"type":"Feature","properties":{"sourceId":374,"name":"Greens at Redmond","slug":"greens-at-redmond","platName":"GREENS AT REDMOND PHASES 4 AND 5","recorded":1006992000000},"geometry":{"type":"Polygon","coordinates":[[[-121.205068,44.237302],[-121.204655,44.237303],[-121.204655,44.237344],[-121.20437,44.237358],[-121.204085,44.237359],[-121.203799,44.237359],[-121.203514,44.23736],[-121.203513,44.237305],[-121.200663,44.237312],[-121.20043,44.237354],[-121.200272,44.237435],[-121.200187,44.237512],[-121.200133,44.237591],[-121.200099,44.237709],[-121.200098,44.237831],[-121.200097,44.238179],[-121.200096,44.23941],[-121.200095,44.240026],[-121.200082,44.240356],[-121.200048,44.240513],[-121.199998,44.240657],[-121.199606,44.24141],[-121.19953,44.241553],[-121.199495,44.241723],[-121.199504,44.241948],[-121.20013,44.241935],[-121.200814,44.241922],[-121.20094,44.241919],[-121.200965,44.241919],[-121.200978,44.241919],[-121.200986,44.241919],[-121.200994,44.241918],[-121.201001,44.241918],[-121.201009,44.241918],[-121.201016,44.241919],[-121.201024,44.241919],[-121.201032,44.241919],[-121.201039,44.241919],[-121.201047,44.241919],[-121.201055,44.241919],[-121.201062,44.241919],[-121.201075,44.24192],[-121.201082,44.24192],[-121.20109,44.24192],[-121.201097,44.241921],[-121.201105,44.241921],[-121.201113,44.241922],[-121.20112,44.241922],[-121.201128,44.241923],[-121.201135,44.241923],[-121.201143,44.241924],[-121.201151,44.241924],[-121.201158,44.241925],[-121.201166,44.241926],[-121.201173,44.241926],[-121.201181,44.241927],[-121.201188,44.241928],[-121.201196,44.241928],[-121.201204,44.241929],[-121.201211,44.24193],[-121.201219,44.241931],[-121.201226,44.241932],[-121.201234,44.241933],[-121.201241,44.241934],[-121.201249,44.241935],[-121.201256,44.241936],[-121.201264,44.241937],[-121.201271,44.241938],[-121.201279,44.241939],[-121.201286,44.24194],[-121.201294,44.241941],[-121.201301,44.241942],[-121.201308,44.241944],[-121.201316,44.241945],[-121.201323,44.241946],[-121.201331,44.241948],[-121.201338,44.241949],[-121.201345,44.24195],[-121.20146,44.241743],[-121.201551,44.241581],[-121.20157,44.241544],[-121.20168,44.24134],[-121.201789,44.241135],[-121.201819,44.241079],[-121.201919,44.240922],[-121.202041,44.240732],[-121.202059,44.240701],[-121.202191,44.240477],[-121.202323,44.240253],[-121.20239,44.240138],[-121.202394,44.240132],[-121.202397,44.240127],[-121.2024,44.240122],[-121.202403,44.240117],[-121.202406,44.240112],[-121.20241,44.240107],[-121.202413,44.240102],[-121.202416,44.240097],[-121.202419,44.240092],[-121.202422,44.240087],[-121.202426,44.240082],[-121.202429,44.240077],[-121.202432,44.240072],[-121.202436,44.240067],[-121.202439,44.240062],[-121.202442,44.240057],[-121.202446,44.240052],[-121.202449,44.240047],[-121.202453,44.240043],[-121.202456,44.240038],[-121.20246,44.240032],[-121.202464,44.240028],[-121.202467,44.240023],[-121.202471,44.240018],[-121.202475,44.240013],[-121.202478,44.240008],[-121.202482,44.240003],[-121.202486,44.239999],[-121.20249,44.239994],[-121.202493,44.239989],[-121.202497,44.239984],[-121.202501,44.23998],[-121.202505,44.239975],[-121.202509,44.23997],[-121.202513,44.239966],[-121.202517,44.239961],[-121.202521,44.239956],[-121.202525,44.239951],[-121.202529,44.239947],[-121.202533,44.239942],[-121.202537,44.239938],[-121.202541,44.239933],[-121.202545,44.239928],[-121.202549,44.239924],[-121.202553,44.239919],[-121.202558,44.239915],[-121.202562,44.23991],[-121.202566,44.239905],[-121.20257,44.239901],[-121.202575,44.239896],[-121.202579,44.239892],[-121.202583,44.239887],[-121.202588,44.239883],[-121.202592,44.239878],[-121.202597,44.239874],[-121.202601,44.239869],[-121.202606,44.239865],[-121.202611,44.23986],[-121.202615,44.239856],[-121.20262,44.239851],[-121.202624,44.239847],[-121.202629,44.239843],[-121.202633,44.239838],[-121.202638,44.239834],[-121.202643,44.239829],[-121.202648,44.239825],[-121.202652,44.239821],[-121.202657,44.239817],[-121.202662,44.239812],[-121.202667,44.239808],[-121.202671,44.239804],[-121.202676,44.2398],[-121.202681,44.239795],[-121.202686,44.239791],[-121.202691,44.239787],[-121.202696,44.239783],[-121.202701,44.239779],[-121.202706,44.239774],[-121.202711,44.23977],[-121.202716,44.239766],[-121.202721,44.239762],[-121.202726,44.239758],[-121.202731,44.239754],[-121.202736,44.23975],[-121.202741,44.239746],[-121.202747,44.239742],[-121.202752,44.239738],[-121.202757,44.239734],[-121.202762,44.23973],[-121.202767,44.239726],[-121.202773,44.239722],[-121.202778,44.239718],[-121.202783,44.239714],[-121.202789,44.23971],[-121.202798,44.239703],[-121.202803,44.239699],[-121.202809,44.239696],[-121.202814,44.239692],[-121.20282,44.239688],[-121.202825,44.239684],[-121.202831,44.23968],[-121.202836,44.239676],[-121.202842,44.239673],[-121.202847,44.239669],[-121.202853,44.239665],[-121.202859,44.239662],[-121.202864,44.239658],[-121.20287,44.239654],[-121.202876,44.239651],[-121.202881,44.239647],[-121.202887,44.239643],[-121.202893,44.23964],[-121.202899,44.239636],[-121.202904,44.239632],[-121.20291,44.239629],[-121.202916,44.239625],[-121.202922,44.239622],[-121.202928,44.239618],[-121.202934,44.239615],[-121.202939,44.239611],[-121.202945,44.239608],[-121.202951,44.239604],[-121.202957,44.239601],[-121.202963,44.239598],[-121.202969,44.239594],[-121.202975,44.239591],[-121.202981,44.239587],[-121.202987,44.239584],[-121.202993,44.239581],[-121.202999,44.239577],[-121.203006,44.239574],[-121.203012,44.239571],[-121.203018,44.239568],[-121.203024,44.239564],[-121.20303,44.239561],[-121.203036,44.239558],[-121.203043,44.239555],[-121.203049,44.239552],[-121.203055,44.239548],[-121.203062,44.239545],[-121.203069,44.239542],[-121.203075,44.239539],[-121.203081,44.239536],[-121.203088,44.239533],[-121.203094,44.239529],[-121.2031,44.239526],[-121.203107,44.239523],[-121.203113,44.23952],[-121.20312,44.239518],[-121.203126,44.239515],[-121.203132,44.239512],[-121.203139,44.239509],[-121.203145,44.239506],[-121.203152,44.239503],[-121.203158,44.2395],[-121.203165,44.239497],[-121.203171,44.239494],[-121.203178,44.239492],[-121.203185,44.239489],[-121.203191,44.239486],[-121.203198,44.239483],[-121.203204,44.239481],[-121.203211,44.239478],[-121.203218,44.239475],[-121.203224,44.239473],[-121.203231,44.23947],[-121.203238,44.239467],[-121.203245,44.239465],[-121.203251,44.239462],[-121.203258,44.23946],[-121.203265,44.239457],[-121.203272,44.239455],[-121.203278,44.239452],[-121.203285,44.23945],[-121.203294,44.239446],[-121.203301,44.239444],[-121.203308,44.239441],[-121.203315,44.239439],[-121.203322,44.239437],[-121.203329,44.239434],[-121.203335,44.239432],[-121.203342,44.23943],[-121.203349,44.239427],[-121.203356,44.239425],[-121.203363,44.239423],[-121.20337,44.23942],[-121.203377,44.239418],[-121.203384,44.239416],[-121.203391,44.239414],[-121.203398,44.239412],[-121.203405,44.23941],[-121.203412,44.239407],[-121.203419,44.239405],[-121.203426,44.239403],[-121.203433,44.239401],[-121.20344,44.239399],[-121.203448,44.239397],[-121.203455,44.239395],[-121.203462,44.239393],[-121.203469,44.239391],[-121.203476,44.239389],[-121.203483,44.239387],[-121.20349,44.239385],[-121.203498,44.239384],[-121.203505,44.239382],[-121.203512,44.23938],[-121.203519,44.239378],[-121.203526,44.239376],[-121.203534,44.239374],[-121.203547,44.239371],[-121.203555,44.239369],[-121.203562,44.239368],[-121.203569,44.239366],[-121.203576,44.239364],[-121.203584,44.239363],[-121.203591,44.239361],[-121.203598,44.23936],[-121.203606,44.239358],[-121.203613,44.239356],[-121.20362,44.239355],[-121.203628,44.239353],[-121.203635,44.239352],[-121.203642,44.23935],[-121.20365,44.239349],[-121.203657,44.239348],[-121.203664,44.239346],[-121.203672,44.239345],[-121.203679,44.239343],[-121.203687,44.239342],[-121.203694,44.239341],[-121.203701,44.23934],[-121.203814,44.239321],[-121.204119,44.239269],[-121.204292,44.23924],[-121.204424,44.239218],[-121.204728,44.239167],[-121.204931,44.239133],[-121.204944,44.239131],[-121.204951,44.239129],[-121.204958,44.239128],[-121.204966,44.239126],[-121.204973,44.239125],[-121.20498,44.239123],[-121.204988,44.239122],[-121.204995,44.23912],[-121.205002,44.239119],[-121.20501,44.239117],[-121.205017,44.239115],[-121.205024,44.239114],[-121.205031,44.239112],[-121.205039,44.23911],[-121.205046,44.239108],[-121.205053,44.239107],[-121.20506,44.239105],[-121.205067,44.239103],[-121.205075,44.239101],[-121.205082,44.239099],[-121.20509,44.239097],[-121.205097,44.239095],[-121.205104,44.239093],[-121.205112,44.239091],[-121.205119,44.239089],[-121.205126,44.239086],[-121.205133,44.239084],[-121.20514,44.239082],[-121.205147,44.23908],[-121.205154,44.239078],[-121.205161,44.239075],[-121.205168,44.239073],[-121.205174,44.239071],[-121.205181,44.239069],[-121.205188,44.239066],[-121.205195,44.239064],[-121.205202,44.239061],[-121.205209,44.239059],[-121.205216,44.239056],[-121.205222,44.239054],[-121.205229,44.239051],[-121.205236,44.239049],[-121.205243,44.239046],[-121.205249,44.239044],[-121.205256,44.239041],[-121.205263,44.239038],[-121.205269,44.239036],[-121.205276,44.239033],[-121.205283,44.23903],[-121.205289,44.239027],[-121.205296,44.239025],[-121.205302,44.239022],[-121.205309,44.239019],[-121.205315,44.239016],[-121.205322,44.239013],[-121.205328,44.23901],[-121.205334,44.239007],[-121.205341,44.239004],[-121.205347,44.239001],[-121.205354,44.238998],[-121.20536,44.238995],[-121.205366,44.238992],[-121.205372,44.238989],[-121.205379,44.238986],[-121.205385,44.238982],[-121.205391,44.238979],[-121.205397,44.238976],[-121.205403,44.238973],[-121.20541,44.238969],[-121.205416,44.238966],[-121.205422,44.238963],[-121.205428,44.238959],[-121.205434,44.238956],[-121.20544,44.238952],[-121.205446,44.238949],[-121.205452,44.238946],[-121.205458,44.238942],[-121.205464,44.238939],[-121.20547,44.238935],[-121.205476,44.238931],[-121.205481,44.238928],[-121.205487,44.238924],[-121.205493,44.238921],[-121.205499,44.238917],[-121.205504,44.238913],[-121.20551,44.23891],[-121.205515,44.238906],[-121.205521,44.238902],[-121.205527,44.238898],[-121.205532,44.238895],[-121.205538,44.238891],[-121.205543,44.238887],[-121.205549,44.238883],[-121.205554,44.238879],[-121.205559,44.238875],[-121.205565,44.238871],[-121.20557,44.238868],[-121.205575,44.238864],[-121.20558,44.23886],[-121.205586,44.238856],[-121.205591,44.238852],[-121.205596,44.238848],[-121.205601,44.238843],[-121.205606,44.238839],[-121.205611,44.238835],[-121.205616,44.238831],[-121.205621,44.238827],[-121.205626,44.238823],[-121.205631,44.238819],[-121.205636,44.238814],[-121.205641,44.23881],[-121.205646,44.238806],[-121.205651,44.238802],[-121.205655,44.238797],[-121.20566,44.238793],[-121.205665,44.238789],[-121.205669,44.238784],[-121.205674,44.23878],[-121.205679,44.238776],[-121.205683,44.238771],[-121.205688,44.238767],[-121.205692,44.238762],[-121.205697,44.238758],[-121.205701,44.238753],[-121.205705,44.238749],[-121.20571,44.238744],[-121.205714,44.23874],[-121.205721,44.238733],[-121.205725,44.238728],[-121.205729,44.238723],[-121.205733,44.238719],[-121.205737,44.238714],[-121.205741,44.238709],[-121.205745,44.238705],[-121.205749,44.2387],[-121.205753,44.238695],[-121.205757,44.238691],[-121.205761,44.238686],[-121.205765,44.238681],[-121.205769,44.238676],[-121.205773,44.238672],[-121.205776,44.238667],[-121.20578,44.238662],[-121.205784,44.238657],[-121.205787,44.238652],[-121.205791,44.238648],[-121.205794,44.238643],[-121.205798,44.238638],[-121.205801,44.238633],[-121.205805,44.238628],[-121.205808,44.238623],[-121.205811,44.238618],[-121.205815,44.238613],[-121.205818,44.238608],[-121.205821,44.238603],[-121.205824,44.238598],[-121.205827,44.238593],[-121.205831,44.238588],[-121.205834,44.238583],[-121.205837,44.238578],[-121.20584,44.238573],[-121.205843,44.238568],[-121.205845,44.238563],[-121.205848,44.238558],[-121.205851,44.238553],[-121.205854,44.238548],[-121.205857,44.238543],[-121.205859,44.238538],[-121.205862,44.238532],[-121.205865,44.238527],[-121.205867,44.238522],[-121.20587,44.238517],[-121.205872,44.238512],[-121.205875,44.238506],[-121.205877,44.238501],[-121.205879,44.238496],[-121.205882,44.238491],[-121.205884,44.238486],[-121.205886,44.23848],[-121.205888,44.238475],[-121.205576,44.238407],[-121.205503,44.238391],[-121.20543,44.238375],[-121.205428,44.23838],[-121.205426,44.238385],[-121.205423,44.23839],[-121.205421,44.238395],[-121.205418,44.238401],[-121.205416,44.238406],[-121.205413,44.238411],[-121.20541,44.238416],[-121.205408,44.238421],[-121.205405,44.238426],[-121.205036,44.238345],[-121.205077,44.238256],[-121.205068,44.237302]]],"crs":null}},{"type":"Feature","properties":{"sourceId":375,"name":"Greens at Redmond","slug":"greens-at-redmond","platName":"GREENS AT REDMOND (THE) PHASE 3B","recorded":839980800000},"geometry":{"type":"Polygon","coordinates":[[[-121.196176,44.240279],[-121.196138,44.240279],[-121.196108,44.240521],[-121.196082,44.240726],[-121.196064,44.240872],[-121.19605,44.240981],[-121.196037,44.24109],[-121.196023,44.241199],[-121.19601,44.241308],[-121.195996,44.241417],[-121.195982,44.241526],[-121.195969,44.241635],[-121.195955,44.241744],[-121.19594,44.241866],[-121.195921,44.242016],[-121.195929,44.242017],[-121.195937,44.242018],[-121.195945,44.242019],[-121.195952,44.242019],[-121.19596,44.24202],[-121.195967,44.24202],[-121.195975,44.24202],[-121.195983,44.24202],[-121.196276,44.242014],[-121.196519,44.242009],[-121.196572,44.242008],[-121.196919,44.242001],[-121.197161,44.241996],[-121.197744,44.241984],[-121.197739,44.241859],[-121.197734,44.241739],[-121.197733,44.241706],[-121.197799,44.241624],[-121.197891,44.241509],[-121.197983,44.241394],[-121.198075,44.241278],[-121.198167,44.241163],[-121.198259,44.241048],[-121.198318,44.240975],[-121.198502,44.240745],[-121.198521,44.240721],[-121.19854,44.240558],[-121.198549,44.240487],[-121.198574,44.240273],[-121.198192,44.240274],[-121.197907,44.240275],[-121.197755,44.240275],[-121.197602,44.240275],[-121.19745,44.240276],[-121.197298,44.240276],[-121.197146,44.240276],[-121.196993,44.240277],[-121.196794,44.240277],[-121.196528,44.240278],[-121.196176,44.240279]]],"crs":null}},{"type":"Feature","properties":{"sourceId":376,"name":"Greens at Redmond","slug":"greens-at-redmond","platName":"GREENS AT REDMOND (THE) PHASE 3C","recorded":895017600000},"geometry":{"type":"Polygon","coordinates":[[[-121.197891,44.241509],[-121.197983,44.241394],[-121.198075,44.241278],[-121.198167,44.241163],[-121.198259,44.241048],[-121.198318,44.240975],[-121.198502,44.240745],[-121.198521,44.240721],[-121.19854,44.240558],[-121.198549,44.240487],[-121.198574,44.240273],[-121.198192,44.240274],[-121.197907,44.240275],[-121.197755,44.240275],[-121.197602,44.240275],[-121.19745,44.240276],[-121.197298,44.240276],[-121.197146,44.240276],[-121.196993,44.240277],[-121.196794,44.240277],[-121.196528,44.240278],[-121.196746,44.240621],[-121.196893,44.240695],[-121.196893,44.240821],[-121.196894,44.240955],[-121.196894,44.241081],[-121.196894,44.241091],[-121.196894,44.241097],[-121.196894,44.241108],[-121.196893,44.241113],[-121.196892,44.241124],[-121.196891,44.241135],[-121.196889,44.241146],[-121.196888,44.241151],[-121.196887,44.241157],[-121.196884,44.241167],[-121.196881,44.241178],[-121.19688,44.241184],[-121.196876,44.241194],[-121.196874,44.2412],[-121.196872,44.241205],[-121.196868,44.241215],[-121.196863,44.241226],[-121.196858,44.241236],[-121.196852,44.241246],[-121.196846,44.241256],[-121.19684,44.241266],[-121.196833,44.241276],[-121.196826,44.241286],[-121.19682,44.241295],[-121.196785,44.241339],[-121.196767,44.241361],[-121.196759,44.241371],[-121.196748,44.241386],[-121.196738,44.2414],[-121.196727,44.241415],[-121.196717,44.24143],[-121.196708,44.241444],[-121.196698,44.241459],[-121.19669,44.241473],[-121.196684,44.241483],[-121.196679,44.241493],[-121.19667,44.241508],[-121.196662,44.241524],[-121.196654,44.241539],[-121.196647,44.241555],[-121.19664,44.24157],[-121.196633,44.241586],[-121.196625,44.241607],[-121.196619,44.241623],[-121.196615,44.241633],[-121.196611,44.241644],[-121.196606,44.24166],[-121.196601,44.241676],[-121.196597,44.241692],[-121.196592,44.241708],[-121.196588,44.241725],[-121.196585,44.241741],[-121.197,44.241746],[-121.197159,44.241745],[-121.197734,44.241739],[-121.197733,44.241706],[-121.197799,44.241624],[-121.197891,44.241509]]],"crs":null}},{"type":"Feature","properties":{"sourceId":377,"name":"Greens at Redmond","slug":"greens-at-redmond","platName":"GREENS AT REDMOND (THE) PHASE 3A","recorded":826156800000},"geometry":{"type":"Polygon","coordinates":[[[-121.197551,44.243066],[-121.197533,44.242618],[-121.197528,44.242508],[-121.197524,44.242399],[-121.19752,44.242303],[-121.197514,44.242153],[-121.197171,44.24216],[-121.19692,44.242165],[-121.196578,44.242172],[-121.195989,44.242184],[-121.195976,44.242185],[-121.195968,44.242185],[-121.195953,44.242184],[-121.195937,44.242184],[-121.19593,44.242183],[-121.195915,44.242182],[-121.1959,44.24218],[-121.195892,44.242179],[-121.195877,44.242177],[-121.195862,44.242175],[-121.195847,44.242172],[-121.195544,44.242504],[-121.1954,44.242752],[-121.195242,44.243026],[-121.19517,44.243151],[-121.19497,44.243355],[-121.195178,44.243492],[-121.197551,44.243066]]],"crs":null}},{"type":"Feature","properties":{"sourceId":378,"name":"Frank's Landing","slug":"frank-s-landing","platName":"FRANK'S LANDING","recorded":1022803200000},"geometry":{"type":"Polygon","coordinates":[[[-121.193086,44.241245],[-121.193914,44.240856],[-121.194609,44.240282],[-121.194167,44.240283],[-121.193204,44.240286],[-121.193083,44.240286],[-121.192961,44.240286],[-121.191902,44.240289],[-121.191382,44.24029],[-121.19096,44.240781],[-121.191352,44.241022],[-121.191569,44.241146],[-121.191753,44.241252],[-121.192183,44.241498],[-121.192347,44.241592],[-121.193086,44.241245]]],"crs":null}},{"type":"Feature","properties":{"sourceId":379,"name":"South Gate Estates","slug":"south-gate-estates","platName":"SOUTH GATE ESTATES","recorded":-38275200000},"geometry":{"type":"Polygon","coordinates":[[[-121.192109,44.245118],[-121.192388,44.244762],[-121.192989,44.243992],[-121.19299,44.24399],[-121.193054,44.243909],[-121.192256,44.243911],[-121.192147,44.243912],[-121.192068,44.243983],[-121.192061,44.243989],[-121.191941,44.244113],[-121.191649,44.244415],[-121.191331,44.244743],[-121.191013,44.24507],[-121.190696,44.245398],[-121.190378,44.245726],[-121.19005,44.246065],[-121.189852,44.246172],[-121.189531,44.246502],[-121.189193,44.246849],[-121.190867,44.246841],[-121.190969,44.246586],[-121.191097,44.246414],[-121.191222,44.246254],[-121.191462,44.245947],[-121.191552,44.245832],[-121.191831,44.245474],[-121.192109,44.245118]]],"crs":null}},{"type":"Feature","properties":{"sourceId":380,"name":"Desert Valley","slug":"desert-valley","platName":"DESERT VALLEY","recorded":891993600000},"geometry":{"type":"Polygon","coordinates":[[[-121.188579,44.256515],[-121.188961,44.256514],[-121.188961,44.256272],[-121.18896,44.25603],[-121.188959,44.255788],[-121.188578,44.255789],[-121.188369,44.255789],[-121.188223,44.255895],[-121.188162,44.25594],[-121.188035,44.255849],[-121.187778,44.255667],[-121.187403,44.2554],[-121.187331,44.2554],[-121.18733,44.255751],[-121.18733,44.255757],[-121.18733,44.255762],[-121.18733,44.255768],[-121.187331,44.255773],[-121.187331,44.255779],[-121.187332,44.255784],[-121.187332,44.25579],[-121.187333,44.255795],[-121.187334,44.2558],[-121.187335,44.255806],[-121.187336,44.255811],[-121.187337,44.255817],[-121.187338,44.255822],[-121.187339,44.255828],[-121.187341,44.255833],[-121.187342,44.255838],[-121.187343,44.255844],[-121.187345,44.255849],[-121.187347,44.255854],[-121.187349,44.25586],[-121.187351,44.255865],[-121.187353,44.25587],[-121.187355,44.255876],[-121.187357,44.255881],[-121.187359,44.255886],[-121.187361,44.255891],[-121.187364,44.255897],[-121.187366,44.255902],[-121.187369,44.255907],[-121.187372,44.255912],[-121.187374,44.255917],[-121.187377,44.255922],[-121.187381,44.255928],[-121.187384,44.255933],[-121.187387,44.255938],[-121.18739,44.255943],[-121.187393,44.255948],[-121.187397,44.255953],[-121.1874,44.255958],[-121.187404,44.255962],[-121.187408,44.255967],[-121.187411,44.255972],[-121.187415,44.255977],[-121.187419,44.255981],[-121.187423,44.255986],[-121.187427,44.255991],[-121.187431,44.255995],[-121.187436,44.256],[-121.18744,44.256004],[-121.187444,44.256009],[-121.187449,44.256013],[-121.187453,44.256018],[-121.187458,44.256022],[-121.187462,44.256027],[-121.187467,44.256031],[-121.187472,44.256035],[-121.187477,44.256039],[-121.187482,44.256044],[-121.187487,44.256048],[-121.187492,44.256052],[-121.187498,44.256056],[-121.187503,44.25606],[-121.187508,44.256064],[-121.187514,44.256068],[-121.187522,44.256073],[-121.187527,44.256077],[-121.187533,44.256081],[-121.187538,44.256085],[-121.187544,44.256089],[-121.187549,44.256093],[-121.187554,44.256097],[-121.187559,44.256101],[-121.187565,44.256105],[-121.18757,44.256109],[-121.187575,44.256113],[-121.18758,44.256117],[-121.187585,44.256121],[-121.18759,44.256126],[-121.187594,44.25613],[-121.187599,44.256134],[-121.187604,44.256138],[-121.187609,44.256143],[-121.187614,44.256147],[-121.187618,44.256152],[-121.187623,44.256156],[-121.187627,44.256161],[-121.187632,44.256165],[-121.187636,44.25617],[-121.18764,44.256174],[-121.187644,44.256179],[-121.187649,44.256183],[-121.187653,44.256188],[-121.187657,44.256193],[-121.187661,44.256197],[-121.187665,44.256202],[-121.187669,44.256207],[-121.187673,44.256211],[-121.187676,44.256216],[-121.18768,44.256221],[-121.187684,44.256226],[-121.187687,44.256231],[-121.187691,44.256235],[-121.187694,44.25624],[-121.187698,44.256245],[-121.187701,44.25625],[-121.187704,44.256255],[-121.187707,44.25626],[-121.187711,44.256265],[-121.187714,44.25627],[-121.187717,44.256276],[-121.18772,44.256281],[-121.187723,44.256286],[-121.187726,44.256291],[-121.187728,44.256296],[-121.187731,44.256301],[-121.187734,44.256306],[-121.187736,44.256311],[-121.187739,44.256316],[-121.187741,44.256322],[-121.187744,44.256327],[-121.187746,44.256332],[-121.187748,44.256337],[-121.18775,44.256343],[-121.187753,44.256348],[-121.187755,44.256353],[-121.187757,44.256358],[-121.187759,44.256364],[-121.18776,44.256369],[-121.187762,44.256374],[-121.187764,44.25638],[-121.187766,44.256385],[-121.187767,44.25639],[-121.187769,44.256396],[-121.18777,44.256401],[-121.187772,44.256407],[-121.187773,44.256412],[-121.187774,44.256417],[-121.187775,44.256423],[-121.187776,44.256428],[-121.187777,44.256434],[-121.187778,44.256439],[-121.187779,44.256445],[-121.18778,44.25645],[-121.187781,44.256456],[-121.187782,44.256461],[-121.187782,44.256466],[-121.187783,44.256472],[-121.187783,44.256477],[-121.187784,44.256483],[-121.187784,44.256488],[-121.187784,44.256494],[-121.187785,44.256499],[-121.187785,44.256505],[-121.187785,44.25651],[-121.187785,44.256516],[-121.188045,44.256516],[-121.188312,44.256515],[-121.188579,44.256515]]],"crs":null}},{"type":"Feature","properties":{"sourceId":381,"name":"Planerville","slug":"planerville","platName":"PLANERVILLE","recorded":-949017600000},"geometry":{"type":"Polygon","coordinates":[[[-121.178942,44.258441],[-121.180244,44.258437],[-121.180532,44.258437],[-121.181698,44.258433],[-121.181937,44.258432],[-121.181999,44.258432],[-121.182083,44.25826],[-121.18221,44.258],[-121.182336,44.25774],[-121.182463,44.25748],[-121.182527,44.25735],[-121.182664,44.257245],[-121.182939,44.257035],[-121.183214,44.256825],[-121.183489,44.256616],[-121.183627,44.256511],[-121.183726,44.256393],[-121.183925,44.256157],[-121.184027,44.254786],[-121.182645,44.254787],[-121.182222,44.254787],[-121.181505,44.254787],[-121.181227,44.254787],[-121.180927,44.255239],[-121.180886,44.2553],[-121.180849,44.255356],[-121.180634,44.255678],[-121.18047,44.255925],[-121.180305,44.256173],[-121.180139,44.256422],[-121.179973,44.256671],[-121.179932,44.256733],[-121.179852,44.256853],[-121.179728,44.257039],[-121.179646,44.257163],[-121.179564,44.257286],[-121.179432,44.257484],[-121.179316,44.257658],[-121.179037,44.258077],[-121.178981,44.258161],[-121.178938,44.258226],[-121.178942,44.258441]]],"crs":null}},{"type":"Feature","properties":{"sourceId":382,"name":"Dana-Butler","slug":"dana-butler","platName":"DANA-BUTLER","recorded":-603763200000},"geometry":{"type":"Polygon","coordinates":[[[-121.199232,44.251116],[-121.199203,44.248736],[-121.199199,44.248464],[-121.199198,44.248407],[-121.199194,44.24819],[-121.19919,44.247915],[-121.199183,44.247504],[-121.195113,44.247522],[-121.19412,44.248364],[-121.194149,44.251141],[-121.199232,44.251116]]],"crs":null}},{"type":"Feature","properties":{"sourceId":383,"name":"Jensen Tracts","slug":"jensen-tracts","platName":"JENSEN TRACTS","recorded":827712000000},"geometry":{"type":"Polygon","coordinates":[[[-121.194046,44.252203],[-121.194043,44.251937],[-121.194041,44.251773],[-121.193353,44.251776],[-121.192591,44.25178],[-121.192594,44.252054],[-121.192597,44.252327],[-121.193359,44.252322],[-121.193366,44.25287],[-121.193597,44.252869],[-121.194053,44.252867],[-121.19405,44.252554],[-121.194048,44.252378],[-121.194046,44.252203]]],"crs":null}},{"type":"Feature","properties":{"sourceId":384,"name":"Country Park","slug":"country-park","platName":"COUNTRY PARK PHASE II","recorded":815097600000},"geometry":{"type":"Polygon","coordinates":[[[-121.199364,44.249188],[-121.19937,44.249592],[-121.199377,44.249997],[-121.199747,44.249993],[-121.199823,44.249993],[-121.200083,44.24999],[-121.200158,44.24999],[-121.200248,44.249989],[-121.200248,44.250009],[-121.200244,44.250151],[-121.200569,44.25015],[-121.200567,44.250205],[-121.201121,44.250203],[-121.201124,44.250067],[-121.201128,44.249929],[-121.201132,44.249791],[-121.201135,44.249654],[-121.20114,44.249464],[-121.201148,44.249182],[-121.200688,44.249183],[-121.200575,44.249184],[-121.200497,44.249184],[-121.200323,44.249185],[-121.200305,44.249185],[-121.200114,44.249185],[-121.199923,44.249186],[-121.199846,44.249186],[-121.199364,44.249188]]],"crs":null}},{"type":"Feature","properties":{"sourceId":385,"name":"Kelley","slug":"kelley","platName":"KELLEY","recorded":800841600000},"geometry":{"type":"Polygon","coordinates":[[[-121.208182,44.248918],[-121.208176,44.248448],[-121.208162,44.248451],[-121.208148,44.248455],[-121.208134,44.24846],[-121.208127,44.248462],[-121.208113,44.248467],[-121.208099,44.248472],[-121.208086,44.248477],[-121.208079,44.24848],[-121.208066,44.248485],[-121.208054,44.248491],[-121.208041,44.248498],[-121.208035,44.248501],[-121.208023,44.248508],[-121.208017,44.248511],[-121.208005,44.248518],[-121.208,44.248522],[-121.207791,44.248657],[-121.207737,44.248692],[-121.20769,44.248722],[-121.207677,44.248731],[-121.207665,44.248738],[-121.207642,44.248752],[-121.207631,44.248759],[-121.207613,44.24877],[-121.207589,44.248783],[-121.207566,44.248796],[-121.207542,44.248809],[-121.207517,44.248821],[-121.207492,44.248834],[-121.207466,44.248846],[-121.20744,44.248858],[-121.207414,44.248869],[-121.207388,44.24888],[-121.207392,44.249195],[-121.207678,44.249194],[-121.2079,44.249193],[-121.208186,44.249192],[-121.208182,44.248918]]],"crs":null}},{"type":"Feature","properties":{"sourceId":386,"name":"Valleyview","slug":"valleyview","platName":"VALLEYVIEW REPLAT LOTS 113, 114, 115, 116, 117 AND 118","recorded":1037232000000},"geometry":{"type":"Polygon","coordinates":[[[-121.206856,44.252656],[-121.207017,44.252517],[-121.207328,44.252455],[-121.207318,44.25244],[-121.207312,44.25243],[-121.207299,44.25241],[-121.20729,44.252395],[-121.207284,44.252385],[-121.207272,44.252365],[-121.207264,44.25235],[-121.207259,44.252339],[-121.207248,44.252319],[-121.207238,44.252298],[-121.207228,44.252277],[-121.207224,44.252268],[-121.207222,44.252263],[-121.207219,44.252258],[-121.207217,44.252252],[-121.207215,44.252247],[-121.207213,44.252242],[-121.20721,44.252237],[-121.207208,44.252231],[-121.207206,44.252226],[-121.207204,44.252221],[-121.207202,44.252215],[-121.2072,44.25221],[-121.207198,44.252205],[-121.207195,44.252196],[-121.207193,44.25219],[-121.207191,44.252185],[-121.207189,44.25218],[-121.207187,44.252174],[-121.207185,44.252169],[-121.207183,44.252164],[-121.207182,44.252158],[-121.20718,44.252153],[-121.207178,44.252148],[-121.207177,44.252142],[-121.207175,44.252137],[-121.207173,44.252132],[-121.207172,44.252126],[-121.20717,44.252121],[-121.207169,44.252116],[-121.207167,44.25211],[-121.207166,44.252105],[-121.207164,44.252099],[-121.207163,44.252094],[-121.207161,44.252089],[-121.20716,44.252083],[-121.207159,44.252078],[-121.207155,44.252062],[-121.207152,44.252052],[-121.207148,44.25203],[-121.207147,44.252024],[-121.207146,44.252019],[-121.207144,44.252013],[-121.207143,44.252008],[-121.207142,44.252003],[-121.20714,44.251997],[-121.207139,44.251992],[-121.207137,44.251987],[-121.207135,44.251981],[-121.207134,44.251976],[-121.207132,44.251971],[-121.20713,44.251965],[-121.207128,44.25196],[-121.207126,44.251955],[-121.207124,44.251949],[-121.207121,44.251943],[-121.207118,44.251937],[-121.207116,44.251932],[-121.207114,44.251927],[-121.207111,44.251922],[-121.207109,44.251917],[-121.207106,44.251911],[-121.207103,44.251906],[-121.2071,44.251901],[-121.207098,44.251896],[-121.207095,44.251891],[-121.207092,44.251886],[-121.207088,44.251881],[-121.207085,44.251876],[-121.207082,44.251871],[-121.207079,44.251866],[-121.207074,44.251859],[-121.207067,44.251849],[-121.207056,44.251834],[-121.207044,44.25182],[-121.207032,44.251806],[-121.207025,44.251798],[-121.207017,44.251789],[-121.20701,44.251779],[-121.207007,44.251774],[-121.207,44.251764],[-121.206993,44.251754],[-121.20699,44.251749],[-121.206984,44.251739],[-121.206982,44.251734],[-121.206976,44.251724],[-121.206974,44.251719],[-121.206969,44.251708],[-121.206965,44.251698],[-121.206961,44.251687],[-121.206958,44.251676],[-121.206957,44.251671],[-121.206944,44.251673],[-121.206937,44.251674],[-121.206922,44.251677],[-121.206907,44.25168],[-121.206893,44.251683],[-121.206885,44.251685],[-121.206871,44.251689],[-121.206857,44.251693],[-121.20685,44.251695],[-121.206836,44.251699],[-121.206823,44.251704],[-121.206816,44.251707],[-121.206803,44.251712],[-121.206796,44.251715],[-121.206783,44.251721],[-121.20677,44.251727],[-121.206764,44.25173],[-121.206752,44.251737],[-121.20674,44.251744],[-121.206729,44.251751],[-121.206717,44.251758],[-121.206706,44.251766],[-121.206701,44.25177],[-121.206692,44.251777],[-121.206682,44.251785],[-121.206672,44.251794],[-121.206667,44.251798],[-121.206662,44.251802],[-121.206653,44.251811],[-121.206645,44.25182],[-121.206641,44.251825],[-121.206637,44.251829],[-121.206629,44.251839],[-121.206625,44.251844],[-121.206618,44.251853],[-121.206614,44.251858],[-121.206608,44.251868],[-121.206605,44.251873],[-121.206599,44.251883],[-121.206596,44.251888],[-121.206591,44.251899],[-121.206586,44.251909],[-121.206584,44.251914],[-121.20658,44.251925],[-121.206578,44.25193],[-121.206577,44.251936],[-121.206574,44.251946],[-121.206572,44.251952],[-121.20657,44.251963],[-121.206568,44.251973],[-121.206567,44.251979],[-121.206566,44.25199],[-121.206566,44.251995],[-121.206565,44.252006],[-121.206565,44.252012],[-121.206565,44.252071],[-121.206566,44.252213],[-121.206566,44.252229],[-121.206567,44.25224],[-121.206568,44.252251],[-121.206569,44.252262],[-121.20657,44.252273],[-121.206572,44.252284],[-121.206574,44.252295],[-121.206578,44.25231],[-121.20658,44.25232],[-121.206585,44.252337],[-121.20659,44.252353],[-121.206594,44.252363],[-121.206598,44.252374],[-121.206603,44.252384],[-121.206607,44.252395],[-121.206615,44.25241],[-121.20662,44.25242],[-121.206626,44.252431],[-121.206632,44.252441],[-121.206641,44.252456],[-121.206651,44.252471],[-121.206658,44.25248],[-121.206665,44.25249],[-121.206673,44.2525],[-121.206681,44.252509],[-121.206689,44.252518],[-121.206701,44.252532],[-121.20671,44.252541],[-121.206718,44.25255],[-121.206732,44.252563],[-121.206746,44.252576],[-121.206756,44.252585],[-121.206766,44.252593],[-121.206776,44.252601],[-121.206792,44.252613],[-121.206803,44.252621],[-121.206819,44.252633],[-121.20683,44.25264],[-121.206842,44.252647],[-121.206856,44.252656]]],"crs":null}},{"type":"Feature","properties":{"sourceId":387,"name":"Timber Estates","slug":"timber-estates","platName":"TIMBER ESTATES","recorded":263174400000},"geometry":{"type":"Polygon","coordinates":[[[-121.204257,44.253712],[-121.204254,44.253534],[-121.204251,44.253356],[-121.204249,44.253178],[-121.204246,44.253034],[-121.204245,44.253025],[-121.204243,44.253019],[-121.204241,44.253014],[-121.204238,44.253009],[-121.204234,44.253004],[-121.20423,44.253],[-121.204224,44.252996],[-121.204219,44.252992],[-121.204213,44.252989],[-121.204206,44.252986],[-121.204199,44.252984],[-121.204192,44.252982],[-121.204185,44.25298],[-121.204177,44.25298],[-121.20417,44.252979],[-121.203762,44.252981],[-121.203686,44.252982],[-121.20328,44.252984],[-121.203266,44.252985],[-121.203259,44.252986],[-121.203252,44.252988],[-121.203245,44.25299],[-121.203238,44.252993],[-121.203232,44.252996],[-121.203226,44.253],[-121.203221,44.253004],[-121.203217,44.253008],[-121.203213,44.253013],[-121.20321,44.253018],[-121.203207,44.253023],[-121.203205,44.253028],[-121.203204,44.253034],[-121.203204,44.253039],[-121.203206,44.253186],[-121.203209,44.253364],[-121.203211,44.253542],[-121.203214,44.25372],[-121.203217,44.253898],[-121.203219,44.254076],[-121.203222,44.254254],[-121.203225,44.254432],[-121.203227,44.254569],[-121.203227,44.254574],[-121.203228,44.25458],[-121.20323,44.254585],[-121.203233,44.25459],[-121.203236,44.254595],[-121.20324,44.2546],[-121.203245,44.254604],[-121.20325,44.254608],[-121.203256,44.254612],[-121.203262,44.254615],[-121.203269,44.254617],[-121.203276,44.25462],[-121.203283,44.254621],[-121.203291,44.254622],[-121.203304,44.254623],[-121.203711,44.254621],[-121.203787,44.25462],[-121.204193,44.254618],[-121.204201,44.254618],[-121.204209,44.254617],[-121.204216,44.254616],[-121.204223,44.254614],[-121.20423,44.254611],[-121.204236,44.254608],[-121.204243,44.254605],[-121.204248,44.254601],[-121.204253,44.254597],[-121.204257,44.254593],[-121.204261,44.254588],[-121.204264,44.254583],[-121.204267,44.254578],[-121.204268,44.254572],[-121.204269,44.254563],[-121.204267,44.254424],[-121.204264,44.254246],[-121.204262,44.254068],[-121.204259,44.25389],[-121.204257,44.253712]]],"crs":null}},{"type":"Feature","properties":{"sourceId":388,"name":"Quartz Canyon Tracts","slug":"quartz-canyon-tracts","platName":"QUARTZ CANYON TRACTS","recorded":331776000000},"geometry":{"type":"Polygon","coordinates":[[[-121.19154,44.258877],[-121.191539,44.258673],[-121.191538,44.258468],[-121.191157,44.258472],[-121.190775,44.258476],[-121.189196,44.258491],[-121.1892,44.26014],[-121.190802,44.260122],[-121.191548,44.260114],[-121.191547,44.259927],[-121.191546,44.259742],[-121.191544,44.259557],[-121.191543,44.259359],[-121.191542,44.259118],[-121.19154,44.258877]]],"crs":null}},{"type":"Feature","properties":{"sourceId":389,"name":"Majestic Ridge","slug":"majestic-ridge","platName":"MAJESTIC RIDGE PHASES 1 AND 2","recorded":1019779200000},"geometry":{"type":"Polygon","coordinates":[[[-121.215698,44.251733],[-121.215697,44.251459],[-121.215695,44.251184],[-121.215401,44.251184],[-121.215279,44.251183],[-121.215163,44.251183],[-121.214781,44.251182],[-121.21459,44.251181],[-121.214563,44.251181],[-121.214566,44.251475],[-121.214568,44.251821],[-121.214569,44.252014],[-121.214575,44.252856],[-121.214576,44.252993],[-121.214583,44.253956],[-121.214584,44.25412],[-121.214588,44.254667],[-121.214619,44.254668],[-121.21481,44.254669],[-121.215192,44.254671],[-121.21543,44.254672],[-121.215473,44.254672],[-121.215666,44.254673],[-121.216265,44.254676],[-121.216835,44.254679],[-121.217064,44.25468],[-121.217483,44.254683],[-121.217794,44.254684],[-121.218111,44.254686],[-121.218299,44.254687],[-121.21831,44.254687],[-121.218317,44.254687],[-121.218325,44.254687],[-121.218333,44.254687],[-121.21834,44.254687],[-121.218348,44.254687],[-121.218356,44.254686],[-121.218363,44.254686],[-121.218371,44.254686],[-121.218379,44.254686],[-121.218386,44.254686],[-121.218394,44.254686],[-121.218401,44.254685],[-121.218409,44.254685],[-121.218417,44.254685],[-121.218424,44.254684],[-121.218432,44.254684],[-121.218439,44.254684],[-121.218447,44.254683],[-121.218455,44.254683],[-121.218462,44.254682],[-121.219426,44.25469],[-121.219426,44.254638],[-121.219672,44.254593],[-121.219663,44.254566],[-121.219635,44.254487],[-121.219563,44.254234],[-121.219492,44.253981],[-121.219421,44.253728],[-121.219349,44.253476],[-121.219244,44.253228],[-121.219136,44.252974],[-121.219126,44.252976],[-121.219119,44.252977],[-121.219112,44.252979],[-121.219104,44.25298],[-121.219097,44.252982],[-121.219089,44.252983],[-121.219082,44.252985],[-121.219075,44.252986],[-121.219067,44.252987],[-121.21906,44.252989],[-121.219052,44.25299],[-121.219045,44.252991],[-121.219038,44.252993],[-121.21903,44.252994],[-121.219023,44.252995],[-121.219015,44.252996],[-121.219008,44.252997],[-121.219,44.252999],[-121.218993,44.253],[-121.218985,44.253001],[-121.218978,44.253002],[-121.21897,44.253003],[-121.218963,44.253004],[-121.218955,44.253005],[-121.218948,44.253006],[-121.21894,44.253007],[-121.218933,44.253008],[-121.218925,44.253008],[-121.218918,44.253009],[-121.21891,44.25301],[-121.218903,44.253011],[-121.218895,44.253012],[-121.218888,44.253013],[-121.21888,44.253013],[-121.218872,44.253014],[-121.218865,44.253015],[-121.218857,44.253015],[-121.21885,44.253016],[-121.218842,44.253017],[-121.218835,44.253017],[-121.218827,44.253018],[-121.218819,44.253018],[-121.218812,44.253019],[-121.218804,44.253019],[-121.218797,44.25302],[-121.218789,44.25302],[-121.21878,44.252938],[-121.218772,44.252856],[-121.218763,44.252856],[-121.218755,44.252857],[-121.218747,44.252857],[-121.21874,44.252857],[-121.218732,44.252858],[-121.218725,44.252858],[-121.218717,44.252858],[-121.218709,44.252858],[-121.218702,44.252858],[-121.218694,44.252859],[-121.218686,44.252859],[-121.218679,44.252859],[-121.218671,44.252859],[-121.218664,44.252859],[-121.218656,44.252859],[-121.218188,44.252856],[-121.218061,44.252856],[-121.218053,44.252856],[-121.218046,44.252856],[-121.218038,44.252856],[-121.21803,44.252856],[-121.218023,44.252856],[-121.218015,44.252856],[-121.218007,44.252856],[-121.218,44.252857],[-121.217992,44.252857],[-121.217985,44.252857],[-121.217977,44.252857],[-121.217969,44.252858],[-121.217962,44.252858],[-121.217954,44.252858],[-121.217947,44.252859],[-121.217939,44.252859],[-121.217931,44.25286],[-121.217924,44.25286],[-121.217916,44.252861],[-121.217909,44.252862],[-121.217901,44.252862],[-121.217893,44.252863],[-121.217886,44.252864],[-121.217878,44.252864],[-121.217871,44.252865],[-121.217863,44.252866],[-121.217856,44.252867],[-121.217848,44.252868],[-121.217841,44.252869],[-121.217833,44.25287],[-121.217826,44.252871],[-121.217818,44.252872],[-121.217811,44.252873],[-121.217803,44.252874],[-121.217796,44.252875],[-121.217788,44.252876],[-121.217781,44.252877],[-121.217773,44.252878],[-121.217766,44.252879],[-121.217758,44.252881],[-121.217751,44.252882],[-121.217744,44.252883],[-121.217736,44.252885],[-121.217729,44.252886],[-121.217721,44.252888],[-121.217714,44.252889],[-121.217707,44.25289],[-121.217699,44.252892],[-121.217692,44.252894],[-121.217685,44.252895],[-121.217677,44.252897],[-121.21767,44.252898],[-121.217663,44.2529],[-121.217656,44.252902],[-121.217648,44.252904],[-121.217641,44.252905],[-121.217634,44.252907],[-121.217627,44.252909],[-121.21762,44.252911],[-121.217612,44.252913],[-121.217605,44.252915],[-121.217598,44.252917],[-121.217591,44.252919],[-121.217584,44.252921],[-121.217577,44.252923],[-121.21757,44.252925],[-121.217563,44.252927],[-121.217556,44.252929],[-121.217549,44.252931],[-121.217535,44.252935],[-121.217065,44.252933],[-121.217061,44.25286],[-121.216832,44.252862],[-121.216832,44.25285],[-121.216831,44.25244],[-121.21683,44.252303],[-121.216829,44.25202],[-121.216467,44.252019],[-121.216294,44.252018],[-121.216149,44.252017],[-121.215826,44.252016],[-121.215699,44.252016],[-121.215698,44.251733]]],"crs":null}},{"type":"Feature","properties":{"sourceId":390,"name":"Nolan's Addition","slug":"nolan-s-addition","platName":"NOLAN'S ADDITION PHASE III","recorded":674784000000},"geometry":{"type":"Polygon","coordinates":[[[-121.194978,44.270487],[-121.195249,44.270487],[-121.19552,44.270486],[-121.195791,44.270485],[-121.19603,44.270484],[-121.196044,44.270482],[-121.196051,44.27048],[-121.19632,44.270481],[-121.196328,44.270483],[-121.196335,44.270483],[-121.196563,44.270483],[-121.196789,44.270482],[-121.196827,44.270482],[-121.196865,44.270482],[-121.19709,44.270481],[-121.197354,44.27048],[-121.197618,44.27048],[-121.197881,44.270479],[-121.198145,44.270478],[-121.198489,44.270477],[-121.198503,44.270475],[-121.198787,44.270476],[-121.198794,44.270476],[-121.19917,44.270475],[-121.199184,44.270473],[-121.19919,44.270471],[-121.199196,44.270467],[-121.199201,44.270463],[-121.199205,44.270458],[-121.199207,44.270453],[-121.199208,44.270448],[-121.199209,44.270292],[-121.199211,44.270109],[-121.199212,44.269926],[-121.199215,44.269479],[-121.199216,44.269397],[-121.198931,44.269418],[-121.198634,44.26942],[-121.198549,44.26942],[-121.198227,44.269406],[-121.197906,44.269392],[-121.197585,44.269378],[-121.197404,44.26937],[-121.197265,44.26937],[-121.196944,44.269371],[-121.196657,44.269373],[-121.196624,44.269373],[-121.196291,44.269375],[-121.195921,44.269378],[-121.195643,44.26938],[-121.195374,44.269382],[-121.19527,44.269383],[-121.195105,44.269384],[-121.194836,44.269386],[-121.194431,44.269389],[-121.194429,44.269787],[-121.194428,44.270215],[-121.194427,44.270461],[-121.194429,44.270472],[-121.194433,44.270476],[-121.194438,44.270481],[-121.194444,44.270484],[-121.19445,44.270487],[-121.194458,44.270488],[-121.194465,44.270489],[-121.194707,44.270488],[-121.194978,44.270487]]],"crs":null}},{"type":"Feature","properties":{"sourceId":391,"name":"Ehret's First Addition","slug":"ehret-s-first-addition","platName":"EHRET'S FIRST ADDITION","recorded":null},"geometry":{"type":"Polygon","coordinates":[[[-121.173117,44.277002],[-121.173117,44.276948],[-121.173117,44.276605],[-121.169124,44.276612],[-121.169166,44.276954],[-121.169173,44.277009],[-121.169214,44.277352],[-121.16991,44.277351],[-121.170139,44.27735],[-121.170643,44.277349],[-121.172048,44.277347],[-121.172277,44.277347],[-121.173117,44.277345],[-121.173117,44.277002]]],"crs":null}},{"type":"Feature","properties":{"sourceId":392,"name":"Fair Acres Addition","slug":"fair-acres-addition","platName":"FAIR ACRES ADDITION LOT 17 REPLAT","recorded":98409600000},"geometry":{"type":"Polygon","coordinates":[[[-121.169523,44.280531],[-121.169516,44.280805],[-121.169512,44.28097],[-121.169507,44.281134],[-121.1695,44.281408],[-121.169493,44.281682],[-121.169486,44.281956],[-121.169886,44.281955],[-121.170192,44.281955],[-121.170497,44.281955],[-121.170803,44.281955],[-121.171108,44.281954],[-121.171414,44.281954],[-121.171413,44.281748],[-121.171412,44.281611],[-121.171412,44.281543],[-121.17141,44.281324],[-121.171409,44.281132],[-121.171409,44.280968],[-121.171407,44.280598],[-121.171405,44.280228],[-121.1711,44.280228],[-121.17078,44.280229],[-121.170452,44.280229],[-121.170147,44.280229],[-121.17005,44.28023],[-121.169842,44.28023],[-121.169531,44.28023],[-121.169523,44.280531]]],"crs":null}},{"type":"Feature","properties":{"sourceId":393,"name":"Sunnyside Addition","slug":"sunnyside-addition","platName":"SUNNYSIDE ADDITION REPLAT BLOCKS 9 & 10","recorded":219888000000},"geometry":{"type":"Polygon","coordinates":[[[-121.176983,44.284247],[-121.176601,44.284246],[-121.176372,44.284248],[-121.176372,44.284246],[-121.176373,44.284203],[-121.176374,44.28403],[-121.176376,44.283829],[-121.175995,44.28383],[-121.175918,44.28383],[-121.175536,44.283832],[-121.175535,44.283998],[-121.175533,44.284164],[-121.175531,44.28433],[-121.175913,44.28433],[-121.17599,44.284329],[-121.175989,44.284375],[-121.175987,44.284576],[-121.176369,44.284576],[-121.176598,44.284576],[-121.17698,44.284576],[-121.176981,44.284412],[-121.176983,44.284247]]],"crs":null}},{"type":"Feature","properties":{"sourceId":395,"name":"Evansville","slug":"evansville","platName":"EVANSVILLE","recorded":1021593600000},"geometry":{"type":"Polygon","coordinates":[[[-121.189582,44.292536],[-121.189217,44.292536],[-121.189103,44.292539],[-121.189088,44.293385],[-121.189336,44.293381],[-121.189524,44.293382],[-121.189565,44.293382],[-121.189799,44.293382],[-121.189842,44.293382],[-121.190036,44.293383],[-121.190159,44.293383],[-121.190284,44.293383],[-121.190476,44.293383],[-121.190541,44.293383],[-121.190793,44.293384],[-121.1908,44.293384],[-121.191059,44.293384],[-121.191109,44.293384],[-121.191317,44.293385],[-121.191514,44.293385],[-121.191575,44.293385],[-121.191865,44.293385],[-121.191858,44.293342],[-121.191808,44.293017],[-121.191783,44.292853],[-121.191735,44.292541],[-121.19146,44.29254],[-121.191366,44.29254],[-121.191158,44.29254],[-121.190878,44.292539],[-121.190857,44.292539],[-121.190561,44.292538],[-121.190556,44.292538],[-121.190253,44.292538],[-121.190225,44.292538],[-121.189928,44.292537],[-121.189892,44.292537],[-121.189582,44.292536]]],"crs":null}},{"type":"Feature","properties":{"sourceId":396,"name":"Pleasant View","slug":"pleasant-view","platName":"PLEASANT VIEW PHASE 1","recorded":1038182400000},"geometry":{"type":"Polygon","coordinates":[[[-121.192783,44.291509],[-121.192785,44.291372],[-121.192788,44.291057],[-121.192488,44.291057],[-121.19206,44.291057],[-121.191507,44.291058],[-121.191527,44.291182],[-121.191543,44.291288],[-121.191583,44.291544],[-121.191589,44.291584],[-121.191621,44.291796],[-121.191624,44.291815],[-121.191654,44.292006],[-121.191667,44.292094],[-121.191702,44.292323],[-121.191731,44.292515],[-121.191735,44.292541],[-121.191783,44.292853],[-121.191808,44.293017],[-121.191858,44.293342],[-121.192444,44.293342],[-121.192749,44.293342],[-121.192758,44.292832],[-121.192761,44.292667],[-121.192766,44.292391],[-121.192771,44.292116],[-121.192774,44.291979],[-121.192778,44.291742],[-121.192783,44.291509]]],"crs":null}},{"type":"Feature","properties":{"sourceId":397,"name":"Meadowlark Estates","slug":"meadowlark-estates","platName":"MEADOWLARK ESTATES","recorded":1049241600000},"geometry":{"type":"Polygon","coordinates":[[[-121.193629,44.292336],[-121.19365,44.291057],[-121.193018,44.291057],[-121.192996,44.292336],[-121.193301,44.292336],[-121.193629,44.292336]]],"crs":null}},{"type":"Feature","properties":{"sourceId":398,"name":"Mountain Glenn","slug":"mountain-glenn","platName":"MOUNTAIN GLENN PHASE TWO","recorded":975542400000},"geometry":{"type":"Polygon","coordinates":[[[-121.189012,44.297627],[-121.189009,44.297819],[-121.189005,44.298011],[-121.189002,44.298202],[-121.189494,44.298203],[-121.18961,44.298203],[-121.189725,44.298203],[-121.190623,44.298204],[-121.190623,44.297991],[-121.190436,44.297991],[-121.190161,44.29799],[-121.190162,44.297916],[-121.190168,44.297631],[-121.189732,44.297628],[-121.189502,44.297624],[-121.189502,44.297619],[-121.189501,44.297613],[-121.189501,44.297608],[-121.1895,44.297602],[-121.1895,44.297597],[-121.189499,44.297591],[-121.189498,44.297586],[-121.189498,44.29758],[-121.189497,44.297575],[-121.189496,44.297569],[-121.189495,44.297564],[-121.189494,44.297558],[-121.189493,44.297553],[-121.189492,44.297548],[-121.189491,44.297542],[-121.18949,44.297537],[-121.189489,44.297531],[-121.189488,44.297526],[-121.189487,44.297521],[-121.189485,44.297515],[-121.189484,44.29751],[-121.189483,44.297504],[-121.189481,44.297499],[-121.18948,44.297494],[-121.189478,44.297488],[-121.189477,44.297483],[-121.189475,44.297478],[-121.189474,44.297472],[-121.189472,44.297467],[-121.18947,44.297462],[-121.189468,44.297456],[-121.189467,44.297451],[-121.189465,44.297446],[-121.189463,44.29744],[-121.189461,44.297435],[-121.189459,44.29743],[-121.189457,44.297424],[-121.189455,44.297419],[-121.189453,44.297414],[-121.189451,44.297409],[-121.189448,44.297403],[-121.189446,44.297398],[-121.189444,44.297393],[-121.189442,44.297388],[-121.189439,44.297383],[-121.189437,44.297377],[-121.189434,44.297372],[-121.189432,44.297367],[-121.189428,44.29736],[-121.189426,44.297355],[-121.189423,44.29735],[-121.18942,44.297344],[-121.189417,44.297339],[-121.189415,44.297334],[-121.189412,44.297329],[-121.189409,44.297324],[-121.189406,44.297319],[-121.189403,44.297314],[-121.1894,44.297309],[-121.189397,44.297304],[-121.189394,44.297299],[-121.189391,44.297294],[-121.189388,44.297289],[-121.189385,44.297284],[-121.189381,44.297279],[-121.189378,44.297274],[-121.189375,44.297269],[-121.189371,44.297264],[-121.189368,44.29726],[-121.189365,44.297255],[-121.189361,44.29725],[-121.189358,44.297245],[-121.189354,44.29724],[-121.18935,44.297235],[-121.189347,44.297231],[-121.189343,44.297226],[-121.189339,44.297221],[-121.189114,44.296936],[-121.189109,44.29693],[-121.189105,44.296925],[-121.189102,44.29692],[-121.189098,44.296915],[-121.189095,44.29691],[-121.189091,44.296905],[-121.189087,44.296901],[-121.189084,44.296896],[-121.18908,44.296891],[-121.189077,44.296886],[-121.189074,44.296881],[-121.18907,44.296876],[-121.189067,44.296871],[-121.189064,44.296866],[-121.18906,44.296861],[-121.189057,44.296856],[-121.189054,44.296851],[-121.189051,44.296846],[-121.189048,44.296841],[-121.189045,44.296836],[-121.189041,44.296831],[-121.189038,44.296826],[-121.189035,44.296821],[-121.189032,44.296816],[-121.18903,44.296811],[-121.189027,44.296806],[-121.189015,44.297475],[-121.189012,44.297627]]],"crs":null}},{"type":"Feature","properties":{"sourceId":399,"name":"Innovation Park","slug":"innovation-park","platName":"INNOVATION PARK","recorded":726105600000},"geometry":{"type":"Polygon","coordinates":[[[-121.168742,44.253858],[-121.168971,44.253858],[-121.171664,44.253856],[-121.172789,44.253856],[-121.173741,44.253855],[-121.173856,44.253855],[-121.17397,44.253855],[-121.176223,44.253854],[-121.176224,44.252235],[-121.176226,44.251272],[-121.176226,44.251189],[-121.176226,44.251107],[-121.176227,44.250167],[-121.17623,44.247467],[-121.176196,44.247467],[-121.176158,44.247468],[-121.17612,44.247468],[-121.176082,44.247469],[-121.176044,44.24747],[-121.176006,44.247472],[-121.175967,44.247474],[-121.175929,44.247476],[-121.175891,44.247478],[-121.175853,44.24748],[-121.175815,44.247483],[-121.175777,44.247486],[-121.17574,44.247489],[-121.175702,44.247493],[-121.175664,44.247497],[-121.175626,44.247501],[-121.175589,44.247505],[-121.175551,44.24751],[-121.175513,44.247515],[-121.175476,44.24752],[-121.175438,44.247525],[-121.175401,44.247531],[-121.175364,44.247537],[-121.175327,44.247543],[-121.17529,44.247549],[-121.175253,44.247556],[-121.175208,44.247564],[-121.175171,44.247572],[-121.175135,44.247579],[-121.175098,44.247587],[-121.175062,44.247595],[-121.175025,44.247603],[-121.174989,44.247612],[-121.174953,44.24762],[-121.174917,44.247629],[-121.174881,44.247639],[-121.174845,44.247648],[-121.174809,44.247658],[-121.174774,44.247668],[-121.174738,44.247678],[-121.174703,44.247688],[-121.174668,44.247699],[-121.174633,44.24771],[-121.174598,44.247721],[-121.174564,44.247733],[-121.174529,44.247744],[-121.174495,44.247756],[-121.17446,44.247769],[-121.174426,44.247781],[-121.174393,44.247794],[-121.174359,44.247806],[-121.174325,44.247819],[-121.174292,44.247833],[-121.174259,44.247846],[-121.174226,44.24786],[-121.174193,44.247874],[-121.17416,44.247888],[-121.174128,44.247903],[-121.174096,44.247918],[-121.174064,44.247932],[-121.174032,44.247948],[-121.174,44.247963],[-121.173969,44.247978],[-121.173938,44.247994],[-121.173905,44.248011],[-121.17227,44.248864],[-121.171337,44.249352],[-121.17123,44.249407],[-121.170824,44.249619],[-121.170161,44.249965],[-121.169556,44.250281],[-121.16937,44.250378],[-121.168571,44.250795],[-121.167168,44.251527],[-121.166449,44.251902],[-121.166442,44.251906],[-121.166436,44.251909],[-121.16643,44.251912],[-121.166424,44.251915],[-121.166418,44.251919],[-121.166412,44.251922],[-121.166406,44.251925],[-121.166399,44.251928],[-121.166393,44.251932],[-121.166387,44.251935],[-121.166381,44.251938],[-121.166375,44.251942],[-121.166369,44.251945],[-121.166363,44.251948],[-121.166357,44.251952],[-121.166351,44.251955],[-121.166342,44.25196],[-121.166336,44.251963],[-121.16633,44.251967],[-121.166324,44.25197],[-121.166318,44.251973],[-121.166312,44.251977],[-121.166306,44.25198],[-121.1663,44.251984],[-121.166294,44.251987],[-121.166288,44.25199],[-121.166282,44.251994],[-121.166276,44.251997],[-121.166271,44.252001],[-121.166265,44.252004],[-121.166259,44.252008],[-121.166253,44.252011],[-121.166247,44.252015],[-121.166241,44.252018],[-121.166235,44.252022],[-121.166229,44.252025],[-121.166224,44.252029],[-121.166218,44.252032],[-121.166212,44.252036],[-121.166206,44.252039],[-121.1662,44.252044],[-121.166176,44.252058],[-121.166148,44.252076],[-121.166125,44.252091],[-121.166102,44.252105],[-121.16608,44.25212],[-121.166058,44.252135],[-121.166035,44.25215],[-121.166008,44.252169],[-121.165986,44.252185],[-121.165959,44.252204],[-121.165938,44.25222],[-121.165917,44.252236],[-121.165896,44.252251],[-121.16587,44.252271],[-121.165849,44.252288],[-121.165828,44.252304],[-121.165808,44.25232],[-121.165783,44.252341],[-121.165763,44.252358],[-121.165743,44.252374],[-121.165724,44.252391],[-121.165704,44.252408],[-121.16568,44.252429],[-121.165661,44.252447],[-121.165643,44.252464],[-121.165624,44.252481],[-121.165606,44.252499],[-121.165583,44.252521],[-121.165565,44.252539],[-121.165547,44.252556],[-121.165529,44.252574],[-121.165511,44.252593],[-121.165494,44.252611],[-121.165477,44.252629],[-121.16546,44.252648],[-121.165444,44.252666],[-121.165427,44.252685],[-121.165411,44.252703],[-121.165395,44.252722],[-121.165379,44.252741],[-121.165363,44.252759],[-121.165348,44.252778],[-121.165333,44.252797],[-121.165318,44.252817],[-121.165303,44.252836],[-121.165288,44.252855],[-121.165274,44.252874],[-121.16526,44.252894],[-121.165246,44.252913],[-121.165232,44.252933],[-121.165218,44.252953],[-121.165205,44.252972],[-121.165192,44.252992],[-121.165179,44.253012],[-121.165166,44.253032],[-121.165154,44.253052],[-121.165141,44.253072],[-121.165129,44.253092],[-121.165117,44.253112],[-121.165106,44.253133],[-121.165094,44.253153],[-121.165083,44.253173],[-121.165072,44.253194],[-121.165059,44.253219],[-121.165057,44.253224],[-121.165054,44.253229],[-121.165053,44.253234],[-121.165051,44.25324],[-121.16505,44.253245],[-121.165049,44.253251],[-121.165048,44.253256],[-121.165047,44.253262],[-121.165047,44.253267],[-121.165047,44.253273],[-121.165048,44.253278],[-121.165049,44.253284],[-121.16505,44.253289],[-121.165051,44.253294],[-121.165053,44.2533],[-121.165055,44.253305],[-121.165057,44.25331],[-121.16506,44.253315],[-121.165063,44.25332],[-121.165066,44.253325],[-121.165069,44.25333],[-121.165073,44.253335],[-121.165077,44.25334],[-121.165081,44.253344],[-121.165086,44.253349],[-121.16509,44.253353],[-121.165095,44.253357],[-121.1651,44.253361],[-121.165106,44.253365],[-121.165111,44.253369],[-121.165117,44.253373],[-121.165123,44.253376],[-121.165129,44.253379],[-121.165136,44.253382],[-121.165142,44.253385],[-121.165149,44.253388],[-121.165156,44.25339],[-121.165163,44.253392],[-121.16517,44.253394],[-121.165177,44.253396],[-121.165188,44.253399],[-121.165265,44.253414],[-121.165287,44.253418],[-121.165302,44.253421],[-121.165316,44.253425],[-121.165331,44.253428],[-121.165345,44.253431],[-121.165367,44.253437],[-121.165388,44.253443],[-121.165403,44.253447],[-121.165417,44.253451],[-121.165438,44.253457],[-121.165452,44.253462],[-121.165466,44.253466],[-121.165486,44.253473],[-121.1655,44.253478],[-121.165514,44.253483],[-121.165534,44.253491],[-121.165547,44.253496],[-121.165561,44.253502],[-121.16558,44.25351],[-121.165593,44.253516],[-121.165606,44.253521],[-121.165619,44.253527],[-121.165632,44.253533],[-121.165653,44.253544],[-121.165692,44.253563],[-121.16588,44.253658],[-121.166008,44.253722],[-121.166021,44.253728],[-121.16604,44.253737],[-121.166053,44.253743],[-121.166072,44.253752],[-121.166086,44.253757],[-121.166106,44.253765],[-121.166126,44.253773],[-121.166146,44.25378],[-121.166167,44.253788],[-121.166188,44.253794],[-121.166202,44.253799],[-121.166223,44.253805],[-121.166237,44.253809],[-121.166259,44.253815],[-121.16628,44.25382],[-121.166295,44.253823],[-121.166309,44.253827],[-121.166331,44.253831],[-121.166346,44.253834],[-121.166368,44.253838],[-121.166391,44.253842],[-121.166413,44.253845],[-121.166436,44.253848],[-121.166451,44.25385],[-121.166473,44.253852],[-121.166496,44.253854],[-121.166511,44.253855],[-121.166534,44.253857],[-121.166549,44.253857],[-121.166572,44.253858],[-121.166595,44.253859],[-121.166615,44.253859],[-121.166973,44.253859],[-121.167065,44.253859],[-121.167572,44.253858],[-121.16821,44.253858],[-121.168742,44.253858]]],"crs":null}},{"type":"Feature","properties":{"sourceId":837,"name":"Forrest Commons","slug":"forrest-commons","platName":"FORREST COMMONS","recorded":1064275200000},"geometry":{"type":"Polygon","coordinates":[[[-121.189034,44.289067],[-121.18905,44.287337],[-121.186643,44.287343],[-121.18663,44.28907],[-121.189034,44.289081],[-121.189034,44.289067]]],"crs":null}},{"type":"Feature","properties":{"sourceId":842,"name":"Pleasant View","slug":"pleasant-view","platName":"PLEASANT VIEW PHASE 2","recorded":1067558400000},"geometry":{"type":"Polygon","coordinates":[[[-121.191783,44.292853],[-121.191912,44.292853],[-121.192065,44.292853],[-121.192141,44.292847],[-121.192218,44.292833],[-121.192302,44.292806],[-121.192368,44.292775],[-121.192431,44.292744],[-121.192411,44.292433],[-121.191731,44.292515],[-121.191783,44.292853]]],"crs":null}},{"type":"Feature","properties":{"sourceId":861,"name":"Wildflower","slug":"wildflower","platName":"WILDFLOWER","recorded":943401600000},"geometry":{"type":"Polygon","coordinates":[[[-121.189131,44.290962],[-121.189103,44.292532],[-121.189217,44.292536],[-121.191735,44.292541],[-121.191482,44.290962],[-121.189131,44.290962]]],"crs":null}},{"type":"Feature","properties":{"sourceId":874,"name":"Canyon Rim Village","slug":"canyon-rim-village","platName":"CANYON RIM VILLAGE PHASE 5","recorded":1081900800000},"geometry":{"type":"Polygon","coordinates":[[[-121.183628,44.285364],[-121.184389,44.285361],[-121.184617,44.285329],[-121.184902,44.285329],[-121.185387,44.285329],[-121.185914,44.28533],[-121.187227,44.285331],[-121.187602,44.285203],[-121.187601,44.28507],[-121.187599,44.284898],[-121.187587,44.284754],[-121.187567,44.284652],[-121.187517,44.2845],[-121.187423,44.284337],[-121.186824,44.284513],[-121.184288,44.284519],[-121.18429,44.284533],[-121.183999,44.284534],[-121.183982,44.284534],[-121.183732,44.284535],[-121.183628,44.285364]]],"crs":null}},{"type":"Feature","properties":{"sourceId":892,"name":"Echo Rim Estates","slug":"echo-rim-estates","platName":"ECHO RIM SUBDIVISION PHASES I & II","recorded":1083628800000},"geometry":{"type":"Polygon","coordinates":[[[-121.193986,44.301823],[-121.190781,44.301898],[-121.19083,44.302087],[-121.190937,44.302507],[-121.191,44.302754],[-121.191011,44.302799],[-121.191142,44.30294],[-121.191289,44.303099],[-121.191441,44.303251],[-121.191669,44.303408],[-121.191915,44.303578],[-121.192143,44.303691],[-121.192366,44.303801],[-121.192586,44.30391],[-121.192816,44.304003],[-121.193032,44.304086],[-121.193285,44.304183],[-121.193562,44.304395],[-121.193703,44.304503],[-121.193943,44.30461],[-121.193967,44.3031],[-121.193986,44.301823]]],"crs":null}},{"type":"Feature","properties":{"sourceId":896,"name":"Summer Creek","slug":"summer-creek","platName":"SUMMER CREEK PHASE 2","recorded":1087344000000},"geometry":{"type":"Polygon","coordinates":[[[-121.203881,44.242318],[-121.204254,44.242315],[-121.204235,44.241327],[-121.204226,44.240877],[-121.204217,44.240398],[-121.204123,44.240445],[-121.203982,44.24052],[-121.203881,44.240579],[-121.203783,44.24064],[-121.203678,44.240712],[-121.203593,44.240775],[-121.2035,44.240848],[-121.203379,44.240953],[-121.203283,44.241046],[-121.203189,44.241146],[-121.203113,44.241235],[-121.20301,44.241362],[-121.202921,44.241474],[-121.202822,44.241596],[-121.202732,44.241709],[-121.202652,44.241808],[-121.202558,44.241924],[-121.202454,44.242054],[-121.202403,44.242115],[-121.202798,44.242264],[-121.202806,44.242249],[-121.20299,44.242303],[-121.203881,44.242294],[-121.203881,44.242318]]],"crs":null}},{"type":"Feature","properties":{"sourceId":905,"name":"Diamond Bar Ranch","slug":"diamond-bar-ranch","platName":"DIAMOND BAR RANCH PHASE 1","recorded":1091145600000},"geometry":{"type":"Polygon","coordinates":[[[-121.16161,44.300462],[-121.162183,44.300457],[-121.162183,44.300583],[-121.162627,44.30058],[-121.162872,44.300619],[-121.1633,44.300615],[-121.163546,44.300682],[-121.163786,44.300611],[-121.163811,44.298244],[-121.161577,44.298262],[-121.161581,44.298536],[-121.161634,44.298701],[-121.16163,44.300023],[-121.161621,44.300105],[-121.161611,44.300188],[-121.16161,44.300462]]],"crs":null}},{"type":"Feature","properties":{"sourceId":909,"name":"Vista Meadows","slug":"vista-meadows","platName":"VISTA MEADOWS PHASE 1","recorded":1093910400000},"geometry":{"type":"Polygon","coordinates":[[[-121.183505,44.301898],[-121.182746,44.301898],[-121.182745,44.301898],[-121.182715,44.30383],[-121.183512,44.303837],[-121.183505,44.301898]]],"crs":null}},{"type":"Feature","properties":{"sourceId":917,"name":"Sterling Pointe","slug":"sterling-pointe","platName":"STERLING POINTE PHASE 2","recorded":1114473600000},"geometry":{"type":"Polygon","coordinates":[[[-121.192999,44.300897],[-121.193004,44.300581],[-121.19287,44.300416],[-121.19288,44.299765],[-121.193009,44.299601],[-121.193014,44.299294],[-121.191657,44.299292],[-121.190037,44.29929],[-121.189045,44.299288],[-121.189669,44.299809],[-121.189719,44.299957],[-121.189984,44.300189],[-121.190159,44.300288],[-121.190414,44.300563],[-121.190504,44.300745],[-121.190632,44.300916],[-121.190729,44.301046],[-121.190812,44.301279],[-121.191294,44.301199],[-121.19153,44.301203],[-121.1914,44.30086],[-121.191576,44.300874],[-121.191802,44.300894],[-121.192401,44.300895],[-121.1927,44.300896],[-121.192999,44.300897]]],"crs":null}},{"type":"Feature","properties":{"sourceId":949,"name":"Fairhaven Crossing","slug":"fairhaven-crossing","platName":"FAIRHAVEN CROSSING PHASES I AND II","recorded":1130803200000},"geometry":{"type":"Polygon","coordinates":[[[-121.195783,44.280564],[-121.195786,44.280166],[-121.195664,44.280166],[-121.195423,44.280166],[-121.195138,44.280166],[-121.194996,44.280166],[-121.19489,44.280158],[-121.194763,44.280136],[-121.194636,44.2801],[-121.194551,44.280066],[-121.194441,44.280007],[-121.194375,44.279961],[-121.194374,44.280084],[-121.19437,44.280564],[-121.195076,44.280564],[-121.195783,44.280564]]],"crs":null}},{"type":"Feature","properties":{"sourceId":965,"name":"Diamond Bar Ranch","slug":"diamond-bar-ranch","platName":"DIAMOND BAR RANCH PHASE 3","recorded":1140134400000},"geometry":{"type":"Polygon","coordinates":[[[-121.15872,44.301825],[-121.159718,44.30183],[-121.159732,44.301466],[-121.159779,44.301465],[-121.159789,44.301424],[-121.160246,44.301419],[-121.16047,44.301376],[-121.160465,44.301285],[-121.16046,44.301152],[-121.161399,44.301136],[-121.162225,44.301116],[-121.16222,44.3007],[-121.162156,44.300571],[-121.162158,44.300445],[-121.161627,44.300446],[-121.161585,44.300446],[-121.161589,44.300172],[-121.16161,44.300008],[-121.161614,44.299718],[-121.160468,44.299721],[-121.159323,44.299724],[-121.159092,44.299822],[-121.158749,44.299823],[-121.158732,44.300967],[-121.15872,44.301825]]],"crs":null}},{"type":"Feature","properties":{"sourceId":994,"name":"Oak Hills","slug":"oak-hills","platName":"OAK HILLS PHASE 2","recorded":1148342400000},"geometry":{"type":"Polygon","coordinates":[[[-121.179464,44.300323],[-121.179575,44.300275],[-121.17968,44.300243],[-121.179761,44.300227],[-121.179855,44.300217],[-121.179893,44.300215],[-121.180367,44.300209],[-121.180598,44.300205],[-121.180666,44.300199],[-121.180754,44.300181],[-121.180816,44.30016],[-121.180886,44.300126],[-121.180945,44.300087],[-121.181021,44.30004],[-121.181071,44.300015],[-121.180369,44.300016],[-121.179854,44.300017],[-121.179455,44.300017],[-121.179464,44.300323]]],"crs":null}},{"type":"Feature","properties":{"sourceId":997,"name":"Credenda Subdivision","slug":"credenda-subdivision","platName":"CREDENDA SUBDIVISION","recorded":1150329600000},"geometry":{"type":"Polygon","coordinates":[[[-121.194175,44.290057],[-121.192373,44.290056],[-121.19238,44.290842],[-121.194168,44.290836],[-121.194175,44.290057]]],"crs":null}},{"type":"Feature","properties":{"sourceId":1001,"name":"Sierra Vista","slug":"sierra-vista","platName":"SIERRA VISTA PHASE 2","recorded":1152576000000},"geometry":{"type":"Polygon","coordinates":[[[-121.18768,44.290966],[-121.189023,44.290268],[-121.18903,44.28951],[-121.188574,44.289513],[-121.188565,44.289388],[-121.188155,44.289391],[-121.188144,44.289291],[-121.187918,44.28929],[-121.18791,44.289482],[-121.18767,44.289493],[-121.187622,44.289554],[-121.187485,44.289554],[-121.187059,44.289504],[-121.187044,44.289415],[-121.186739,44.289416],[-121.18672,44.289282],[-121.186498,44.289288],[-121.186487,44.28953],[-121.186056,44.289538],[-121.185368,44.28974],[-121.185361,44.290862],[-121.186618,44.290859],[-121.186617,44.290969],[-121.18768,44.290966]]],"crs":null}},{"type":"Feature","properties":{"sourceId":1010,"name":"Timber Flats","slug":"timber-flats","platName":"TIMBER FLATS PHASES 2 AND 3","recorded":1157500800000},"geometry":{"type":"Polygon","coordinates":[[[-121.199174,44.253823],[-121.19916,44.253004],[-121.198131,44.25301],[-121.197491,44.253013],[-121.197498,44.253421],[-121.197987,44.253419],[-121.198069,44.253418],[-121.19808,44.25383],[-121.199174,44.253823]]],"crs":null}},{"type":"Feature","properties":{"sourceId":1016,"name":"Cedar Creek Village Condos","slug":"cedar-creek-village-condos","platName":"CEDAR CREEK VILLAGE CONDOMINIUMS","recorded":1162944000000},"geometry":{"type":"Polygon","coordinates":[[[-121.193036,44.250516],[-121.19303,44.249969],[-121.192196,44.249973],[-121.19185,44.250238],[-121.191853,44.250522],[-121.193036,44.250516]]],"crs":null}},{"type":"Feature","properties":{"sourceId":1021,"name":"Kian Canyon","slug":"kian-canyon","platName":"KIAN CANYON","recorded":1167264000000},"geometry":{"type":"Polygon","coordinates":[[[-121.207188,44.250998],[-121.207173,44.249931],[-121.20638,44.249934],[-121.206395,44.251001],[-121.207188,44.250998]]],"crs":null}},{"type":"Feature","properties":{"sourceId":1035,"name":"Diamond Bar Ranch","slug":"diamond-bar-ranch","platName":"DIAMOND BAR RANCH PHASE 4","recorded":1178064000000},"geometry":{"type":"Polygon","coordinates":[[[-121.16376,44.301757],[-121.163759,44.300608],[-121.163518,44.300678],[-121.163272,44.300609],[-121.162845,44.30061],[-121.1626,44.30057],[-121.162156,44.300571],[-121.162214,44.300678],[-121.162231,44.301115],[-121.160461,44.301153],[-121.160469,44.301367],[-121.160234,44.301426],[-121.159799,44.301425],[-121.159782,44.301474],[-121.159742,44.301474],[-121.159712,44.301828],[-121.160405,44.301816],[-121.160474,44.301874],[-121.163432,44.301857],[-121.163511,44.301824],[-121.163644,44.301782],[-121.16376,44.301757]]],"crs":null}},{"type":"Feature","properties":{"sourceId":1053,"name":"Fairgrounds Condo Plaza","slug":"fairgrounds-condo-plaza","platName":"FAIRGROUNDS CONDOMINIUM PLAZA","recorded":1189555200000},"geometry":{"type":"Polygon","coordinates":[[[-121.192338,44.236878],[-121.192336,44.23555],[-121.191445,44.235552],[-121.191446,44.236882],[-121.192338,44.236878]]],"crs":null}},{"type":"Feature","properties":{"sourceId":1066,"name":"Sierra Vista","slug":"sierra-vista","platName":"SIERRA VISTA PHASE 1","recorded":1129593600000},"geometry":{"type":"Polygon","coordinates":[[[-121.189028,44.289216],[-121.188471,44.289213],[-121.186625,44.289203],[-121.186625,44.289223],[-121.185849,44.289225],[-121.185849,44.289604],[-121.186069,44.289527],[-121.18649,44.289532],[-121.186495,44.28928],[-121.186625,44.28928],[-121.186718,44.289281],[-121.186723,44.289415],[-121.187049,44.289411],[-121.187047,44.289502],[-121.187481,44.289552],[-121.187617,44.289552],[-121.18766,44.289485],[-121.187912,44.289484],[-121.187912,44.289287],[-121.188141,44.289286],[-121.188145,44.289388],[-121.188568,44.289383],[-121.18857,44.28951],[-121.189025,44.289505],[-121.189028,44.289216]]],"crs":null}},{"type":"Feature","properties":{"sourceId":1075,"name":"21st Street Condominiums","slug":"21st-street-condominiums","platName":"21ST STREET CONDOMINIUMS","recorded":1199750400000},"geometry":{"type":"Polygon","coordinates":[[[-121.191082,44.234472],[-121.191088,44.234438],[-121.19111,44.234397],[-121.191142,44.234367],[-121.191178,44.234346],[-121.191179,44.23398],[-121.19024,44.233982],[-121.190241,44.234472],[-121.191082,44.234472]]],"crs":null}},{"type":"Feature","properties":{"sourceId":1096,"name":"McKenzie Rim Estates","slug":"mckenzie-rim-estates","platName":"MCKENZIE RIM ESTATES","recorded":1208217600000},"geometry":{"type":"Polygon","coordinates":[[[-121.191086,44.299291],[-121.191102,44.298205],[-121.189002,44.298202],[-121.188567,44.298203],[-121.188576,44.298219],[-121.188497,44.298253],[-121.188369,44.298344],[-121.188355,44.298359],[-121.188488,44.298511],[-121.188486,44.298599],[-121.18843,44.29866],[-121.188319,44.29872],[-121.18831,44.298898],[-121.18836,44.298982],[-121.188802,44.29916],[-121.188909,44.299125],[-121.188992,44.299282],[-121.190004,44.29929],[-121.191086,44.299291]]],"crs":null}},{"type":"Feature","properties":{"sourceId":1117,"name":"Vista Dorado","slug":"vista-dorado","platName":"VISTA DORADO","recorded":1179187200000},"geometry":{"type":"Polygon","coordinates":[[[-121.163999,44.301738],[-121.164518,44.301746],[-121.165151,44.301736],[-121.165173,44.301722],[-121.165541,44.29824],[-121.163895,44.298244],[-121.163903,44.298424],[-121.163942,44.298671],[-121.163987,44.298947],[-121.163994,44.300011],[-121.163999,44.301738]]],"crs":null}},{"type":"Feature","properties":{"sourceId":1122,"name":"Diamond Bar Ranch","slug":"diamond-bar-ranch","platName":"DIAMOND BAR RANCH PHASE 2","recorded":1096848000000},"geometry":{"type":"Polygon","coordinates":[[[-121.161643,44.29972],[-121.161643,44.299431],[-121.161644,44.299266],[-121.161644,44.298977],[-121.161645,44.298865],[-121.161645,44.298781],[-121.161645,44.298687],[-121.161619,44.298605],[-121.161593,44.298523],[-121.161588,44.298249],[-121.160633,44.298251],[-121.159589,44.298253],[-121.158771,44.298255],[-121.158759,44.299096],[-121.158748,44.299834],[-121.159122,44.299838],[-121.159351,44.299739],[-121.160497,44.299729],[-121.161643,44.29972]]],"crs":null}},{"type":"Feature","properties":{"sourceId":1123,"name":"Airport Business Center","slug":"airport-business-center","platName":"AIRPORT BUSINESS CENTER PHASE 4","recorded":1217462400000},"geometry":{"type":"Polygon","coordinates":[[[-121.173741,44.253855],[-121.173743,44.25184],[-121.171645,44.251839],[-121.171664,44.253856],[-121.173741,44.253855]]],"crs":null}},{"type":"Feature","properties":{"sourceId":1146,"name":"Canyon Point Estates","slug":"canyon-point-estates","platName":"CANYON POINT ESTATES PHASE 5","recorded":995328000000},"geometry":{"type":"Polygon","coordinates":[[[-121.18436,44.303829],[-121.184642,44.303814],[-121.184925,44.3038],[-121.185207,44.303785],[-121.18549,44.303799],[-121.185772,44.303812],[-121.186055,44.303826],[-121.186365,44.303825],[-121.1867,44.303737],[-121.186806,44.303709],[-121.186912,44.303681],[-121.186854,44.303568],[-121.187222,44.303471],[-121.187118,44.303268],[-121.187073,44.303107],[-121.186969,44.302904],[-121.18659,44.303004],[-121.186366,44.30303],[-121.186052,44.30303],[-121.18577,44.303017],[-121.185487,44.303003],[-121.185204,44.30299],[-121.184922,44.303004],[-121.184639,44.303019],[-121.184357,44.303034],[-121.184055,44.303034],[-121.183829,44.303035],[-121.183534,44.303035],[-121.183535,44.303352],[-121.183535,44.303433],[-121.183536,44.303514],[-121.183537,44.303831],[-121.183832,44.30383],[-121.183945,44.30383],[-121.184058,44.30383],[-121.18436,44.303829]]],"crs":null}},{"type":"Feature","properties":{"sourceId":1147,"name":"Cliffs","slug":"cliffs","platName":"CLIFFS","recorded":1062547200000},"geometry":{"type":"Polygon","coordinates":[[[-121.188875,44.296279],[-121.188882,44.295666],[-121.188898,44.294551],[-121.188926,44.292983],[-121.18667,44.292989],[-121.185989,44.29266],[-121.184127,44.292353],[-121.184129,44.292985],[-121.185323,44.292996],[-121.186189,44.293298],[-121.186212,44.293315],[-121.18642,44.293478],[-121.186667,44.293653],[-121.186926,44.293819],[-121.187186,44.293984],[-121.187268,44.294036],[-121.187412,44.294192],[-121.187349,44.294376],[-121.187449,44.294529],[-121.187618,44.294687],[-121.188178,44.294992],[-121.188185,44.29508],[-121.188192,44.295181],[-121.18803,44.29541],[-121.188192,44.295915],[-121.188388,44.295992],[-121.188463,44.296326],[-121.188875,44.296279]]],"crs":null}},{"type":"Feature","properties":{"sourceId":1148,"name":"North Canyon Estates","slug":"north-canyon-estates","platName":"NORTH CANYON ESTATES","recorded":281577600000},"geometry":{"type":"Polygon","coordinates":[[[-121.185125,44.298206],[-121.185276,44.298208],[-121.185707,44.298207],[-121.185791,44.297916],[-121.18581,44.297852],[-121.185868,44.297689],[-121.185961,44.297431],[-121.186056,44.297166],[-121.186072,44.296861],[-121.186087,44.29656],[-121.186089,44.296527],[-121.185919,44.296286],[-121.185735,44.296024],[-121.185608,44.295842],[-121.185501,44.295749],[-121.185227,44.29551],[-121.184776,44.295116],[-121.184622,44.294983],[-121.184271,44.294907],[-121.184154,44.294935],[-121.184056,44.295484],[-121.183997,44.298202],[-121.185125,44.298206]]],"crs":null}},{"type":"Feature","properties":{"sourceId":1149,"name":"Mountain Glenn","slug":"mountain-glenn","platName":"MOUNTAIN GLENN PHASE 3","recorded":1002585600000},"geometry":{"type":"Polygon","coordinates":[[[-121.192569,44.29778],[-121.192449,44.298045],[-121.192374,44.298201],[-121.192365,44.298199],[-121.192358,44.298197],[-121.192351,44.298195],[-121.192344,44.298193],[-121.192336,44.298191],[-121.192329,44.298189],[-121.192322,44.298188],[-121.192315,44.298186],[-121.192308,44.298184],[-121.192301,44.298182],[-121.192294,44.29818],[-121.192286,44.298177],[-121.192279,44.298175],[-121.192272,44.298173],[-121.192265,44.298171],[-121.192258,44.298169],[-121.192251,44.298167],[-121.192244,44.298165],[-121.192237,44.298162],[-121.19223,44.29816],[-121.192223,44.298158],[-121.192216,44.298156],[-121.19221,44.298153],[-121.192203,44.298151],[-121.192196,44.298149],[-121.192085,44.298382],[-121.191756,44.298378],[-121.191756,44.298371],[-121.191756,44.298366],[-121.191756,44.29836],[-121.191757,44.298355],[-121.191757,44.298349],[-121.191758,44.298344],[-121.191759,44.298338],[-121.191759,44.298333],[-121.19176,44.298327],[-121.191761,44.298322],[-121.191762,44.298317],[-121.191764,44.298311],[-121.191765,44.298306],[-121.191766,44.2983],[-121.191768,44.298295],[-121.191769,44.29829],[-121.191771,44.298284],[-121.191772,44.298279],[-121.191774,44.298274],[-121.191776,44.298268],[-121.191778,44.298263],[-121.191782,44.298254],[-121.191784,44.298248],[-121.191786,44.298243],[-121.191788,44.298238],[-121.191791,44.298233],[-121.191793,44.298227],[-121.191557,44.29822],[-121.191489,44.298198],[-121.191129,44.298141],[-121.191129,44.298019],[-121.190903,44.298001],[-121.190695,44.297994],[-121.190644,44.297991],[-121.190655,44.298177],[-121.191129,44.298184],[-121.191119,44.299251],[-121.193998,44.299254],[-121.194001,44.299079],[-121.194004,44.298878],[-121.194007,44.298677],[-121.19401,44.298476],[-121.194013,44.298276],[-121.194015,44.298193],[-121.194016,44.298111],[-121.19402,44.297898],[-121.194023,44.297682],[-121.194027,44.297466],[-121.194031,44.297249],[-121.194035,44.297033],[-121.194038,44.296817],[-121.194042,44.296601],[-121.194045,44.296419],[-121.192591,44.296419],[-121.192591,44.296683],[-121.192564,44.29688],[-121.192559,44.297239],[-121.192799,44.297268],[-121.192845,44.297273],[-121.192844,44.297329],[-121.192841,44.297523],[-121.19284,44.297582],[-121.192837,44.297717],[-121.192835,44.297841],[-121.192569,44.29778]]],"crs":null}},{"type":"Feature","properties":{"sourceId":1150,"name":"Mountain Glenn","slug":"mountain-glenn","platName":"MOUNTAIN GLENN PHASE ONE","recorded":975542400000},"geometry":{"type":"Polygon","coordinates":[[[-121.192544,44.29688],[-121.192563,44.296721],[-121.192564,44.296423],[-121.192261,44.296422],[-121.191958,44.296422],[-121.191654,44.296422],[-121.191351,44.296422],[-121.191048,44.296421],[-121.190745,44.296421],[-121.190442,44.296421],[-121.190139,44.296421],[-121.189836,44.296421],[-121.189533,44.29642],[-121.189495,44.29642],[-121.189225,44.296419],[-121.189102,44.29642],[-121.189107,44.29682],[-121.18911,44.296825],[-121.189112,44.29683],[-121.189115,44.296835],[-121.189118,44.296839],[-121.189121,44.296844],[-121.189124,44.296849],[-121.189127,44.296854],[-121.18913,44.296859],[-121.189133,44.296864],[-121.189136,44.296869],[-121.189139,44.296873],[-121.189143,44.296878],[-121.189146,44.296883],[-121.189149,44.296888],[-121.189152,44.296892],[-121.189156,44.296897],[-121.189159,44.296902],[-121.189162,44.296907],[-121.189166,44.296911],[-121.189169,44.296916],[-121.189173,44.296921],[-121.189176,44.296925],[-121.18918,44.29693],[-121.189183,44.296935],[-121.189187,44.296939],[-121.189192,44.296946],[-121.189409,44.297222],[-121.189413,44.297226],[-121.189417,44.297231],[-121.18942,44.297235],[-121.189424,44.29724],[-121.189427,44.297245],[-121.18943,44.297249],[-121.189434,44.297254],[-121.189437,44.297259],[-121.18944,44.297263],[-121.189444,44.297268],[-121.189447,44.297273],[-121.18945,44.297278],[-121.189453,44.297282],[-121.189456,44.297287],[-121.189459,44.297292],[-121.189462,44.297297],[-121.189465,44.297302],[-121.189468,44.297306],[-121.189471,44.297311],[-121.189474,44.297316],[-121.189477,44.297321],[-121.18948,44.297326],[-121.189482,44.297331],[-121.189485,44.297336],[-121.189488,44.297341],[-121.18949,44.297346],[-121.189493,44.297351],[-121.189495,44.297356],[-121.189499,44.297363],[-121.189501,44.297368],[-121.189504,44.297373],[-121.189506,44.297378],[-121.189508,44.297383],[-121.189511,44.297388],[-121.189513,44.297393],[-121.189515,44.297398],[-121.189517,44.297403],[-121.189519,44.297408],[-121.189521,44.297413],[-121.189523,44.297418],[-121.189525,44.297423],[-121.189527,44.297428],[-121.189529,44.297434],[-121.189531,44.297439],[-121.189533,44.297444],[-121.189534,44.297449],[-121.189536,44.297454],[-121.189538,44.297459],[-121.189539,44.297464],[-121.189541,44.29747],[-121.189542,44.297475],[-121.189544,44.29748],[-121.189545,44.297485],[-121.189547,44.29749],[-121.189548,44.297496],[-121.189549,44.297501],[-121.189551,44.297506],[-121.189552,44.297511],[-121.189553,44.297516],[-121.189554,44.297522],[-121.189555,44.297527],[-121.189556,44.297532],[-121.189557,44.297537],[-121.189558,44.297543],[-121.189559,44.297548],[-121.18956,44.297553],[-121.189561,44.297558],[-121.189562,44.297564],[-121.189563,44.297569],[-121.189563,44.297574],[-121.189564,44.29758],[-121.189565,44.297585],[-121.189565,44.29759],[-121.189566,44.297596],[-121.189566,44.297601],[-121.189567,44.297606],[-121.189789,44.297615],[-121.190211,44.297618],[-121.190206,44.297894],[-121.190205,44.297966],[-121.19047,44.297967],[-121.190652,44.297967],[-121.190739,44.297974],[-121.190949,44.297991],[-121.191169,44.298009],[-121.191168,44.298127],[-121.191517,44.298182],[-121.191582,44.298204],[-121.191811,44.298211],[-121.191789,44.298266],[-121.191788,44.298271],[-121.191786,44.298276],[-121.191785,44.298281],[-121.191784,44.298286],[-121.191782,44.298292],[-121.191781,44.298297],[-121.19178,44.298302],[-121.191779,44.298307],[-121.191778,44.298313],[-121.191778,44.298318],[-121.191777,44.298323],[-121.191776,44.298329],[-121.191776,44.298334],[-121.191776,44.298339],[-121.191775,44.298344],[-121.191775,44.29835],[-121.191775,44.298357],[-121.192065,44.298363],[-121.192181,44.298127],[-121.192187,44.29813],[-121.192194,44.298132],[-121.192201,44.298134],[-121.192207,44.298137],[-121.192214,44.298139],[-121.192221,44.298141],[-121.192227,44.298143],[-121.192234,44.298145],[-121.192241,44.298148],[-121.192248,44.29815],[-121.192254,44.298152],[-121.192261,44.298154],[-121.192268,44.298156],[-121.192275,44.298158],[-121.192282,44.29816],[-121.192288,44.298162],[-121.192295,44.298164],[-121.192302,44.298166],[-121.192309,44.298168],[-121.192316,44.29817],[-121.192323,44.298172],[-121.19233,44.298174],[-121.192337,44.298176],[-121.192344,44.298177],[-121.192351,44.298179],[-121.192358,44.298181],[-121.192365,44.298183],[-121.192446,44.298034],[-121.192566,44.297768],[-121.19282,44.297828],[-121.192822,44.297717],[-121.192824,44.297586],[-121.192825,44.297529],[-121.192828,44.297341],[-121.192829,44.297287],[-121.192785,44.297282],[-121.192536,44.297252],[-121.192536,44.296879],[-121.192544,44.29688]]],"crs":null}},{"type":"Feature","properties":{"sourceId":1161,"name":"North Canyon Estates","slug":"north-canyon-estates","platName":"NORTH CANYON ESTATES","recorded":1098144000000},"geometry":{"type":"Polygon","coordinates":[[[-121.183997,44.298202],[-121.185148,44.298206],[-121.185707,44.298207],[-121.185791,44.297916],[-121.185866,44.297695],[-121.185958,44.29744],[-121.186056,44.297166],[-121.186072,44.296861],[-121.186089,44.296527],[-121.185608,44.295842],[-121.185219,44.295503],[-121.184622,44.294983],[-121.184271,44.294907],[-121.184154,44.294935],[-121.184056,44.295484],[-121.184044,44.296064],[-121.184036,44.296425],[-121.184029,44.296754],[-121.184022,44.297059],[-121.184018,44.29721],[-121.184013,44.297467],[-121.184005,44.297829],[-121.183997,44.298202]]],"crs":null}},{"type":"Feature","properties":{"sourceId":1406,"name":"Rennolds Acres","slug":"rennolds-acres","platName":"RENNOLDS ACRES","recorded":-647049600000},"geometry":{"type":"Polygon","coordinates":[[[-121.169041,44.287458],[-121.169041,44.29094],[-121.173892,44.29093],[-121.17391,44.289189],[-121.173939,44.287467],[-121.169041,44.287458]]],"crs":null}},{"type":"Feature","properties":{"sourceId":1425,"name":"Sunnyside Addition","slug":"sunnyside-addition","platName":"SUNNYSIDE ADDITION","recorded":-588902400000},"geometry":{"type":"Polygon","coordinates":[[[-121.174162,44.28647],[-121.179078,44.286469],[-121.17908,44.28379],[-121.174197,44.283828],[-121.174162,44.28647]]],"crs":null}},{"type":"Feature","properties":{"sourceId":1447,"name":"Redmond Townsite","slug":"redmond-townsite","platName":"REDMOND VACATION ALLEY BLOCKS 1 & 20","recorded":-1814486400000},"geometry":{"type":"Polygon","coordinates":[[[-121.169506,44.2747],[-121.169429,44.274793],[-121.169429,44.274809],[-121.16943,44.274883],[-121.169431,44.27502],[-121.169431,44.275089],[-121.169431,44.275157],[-121.169431,44.275295],[-121.169432,44.275432],[-121.169432,44.275597],[-121.169433,44.275871],[-121.169434,44.276146],[-121.169434,44.276283],[-121.169435,44.27642],[-121.169511,44.27642],[-121.169511,44.276283],[-121.16951,44.276146],[-121.169509,44.275871],[-121.169509,44.275596],[-121.169508,44.275432],[-121.169508,44.275295],[-121.169507,44.275157],[-121.169507,44.275089],[-121.169507,44.27502],[-121.169506,44.274883],[-121.169506,44.2747]]],"crs":null}},{"type":"Feature","properties":{"sourceId":1519,"name":"Home Depot Station","slug":"home-depot-station","platName":"HOME DEPOT STATION","recorded":1187308800000},"geometry":{"type":"Polygon","coordinates":[[[-121.172928,44.300109],[-121.173274,44.299868],[-121.173437,44.2996],[-121.173622,44.298966],[-121.173644,44.298567],[-121.173675,44.298384],[-121.173694,44.298225],[-121.173692,44.298056],[-121.173715,44.296423],[-121.172009,44.29641],[-121.172116,44.296649],[-121.169811,44.296538],[-121.169688,44.299153],[-121.169819,44.299154],[-121.169964,44.299265],[-121.169963,44.29941],[-121.16979,44.299551],[-121.170054,44.299691],[-121.170466,44.299911],[-121.170894,44.300028],[-121.171844,44.300071],[-121.172052,44.300099],[-121.172464,44.300099],[-121.172463,44.300112],[-121.172928,44.300109]]],"crs":null}},{"type":"Feature","properties":{"sourceId":1536,"name":"The Meadows","slug":"the-meadows","platName":"MEADOWS (THE) PHASE 1","recorded":829526400000},"geometry":{"type":"Polygon","coordinates":[[[-121.174863,44.291104],[-121.174871,44.292139],[-121.175348,44.292141],[-121.175358,44.292399],[-121.177631,44.292401],[-121.177641,44.29109],[-121.174863,44.291104]]],"crs":null}},{"type":"Feature","properties":{"sourceId":1537,"name":"Sisters View Estates","slug":"sisters-view-estates","platName":"SISTERS VIEW ESTATES","recorded":-185155200000},"geometry":{"type":"Polygon","coordinates":[[[-121.179064,44.291005],[-121.179079,44.290075],[-121.1763,44.290079],[-121.176294,44.291009],[-121.179064,44.291005]]],"crs":null}},{"type":"Feature","properties":{"sourceId":1538,"name":"Sisters View Estates","slug":"sisters-view-estates","platName":"SISTERS VIEW ESTATES SUBDIVISION EXTENDED","recorded":null},"geometry":{"type":"Polygon","coordinates":[[[-121.176319,44.289186],[-121.176326,44.290066],[-121.176579,44.290065],[-121.177072,44.290064],[-121.177145,44.290064],[-121.177638,44.290063],[-121.177857,44.290063],[-121.178351,44.290062],[-121.178424,44.290062],[-121.178908,44.290061],[-121.179061,44.290059],[-121.179064,44.289187],[-121.176319,44.289186]]],"crs":null}},{"type":"Feature","properties":{"sourceId":1539,"name":"Curry Addition","slug":"curry-addition","platName":"CURRY ADDITION","recorded":240796800000},"geometry":{"type":"Polygon","coordinates":[[[-121.174137,44.287367],[-121.174153,44.287807],[-121.174933,44.287807],[-121.175214,44.287807],[-121.175496,44.287808],[-121.175777,44.287808],[-121.176058,44.287809],[-121.176331,44.287809],[-121.176444,44.287809],[-121.176556,44.28781],[-121.176875,44.28781],[-121.177194,44.287811],[-121.177268,44.287811],[-121.177563,44.287811],[-121.177619,44.287811],[-121.177621,44.287839],[-121.177623,44.287871],[-121.177625,44.287904],[-121.177627,44.287936],[-121.177628,44.287969],[-121.177629,44.288001],[-121.17763,44.288033],[-121.177631,44.28806],[-121.177631,44.288112],[-121.177631,44.288139],[-121.177631,44.288166],[-121.177631,44.288193],[-121.177631,44.28822],[-121.17763,44.288247],[-121.177629,44.288274],[-121.177629,44.288276],[-121.177855,44.288275],[-121.177856,44.288216],[-121.177857,44.288162],[-121.177857,44.288103],[-121.177856,44.288049],[-121.177855,44.287995],[-121.177852,44.287936],[-121.177849,44.287876],[-121.177846,44.287822],[-121.177842,44.287763],[-121.177837,44.287709],[-121.177832,44.287655],[-121.177826,44.287596],[-121.177818,44.287537],[-121.177811,44.287483],[-121.177803,44.287424],[-121.177794,44.287372],[-121.176483,44.287379],[-121.176462,44.287379],[-121.17543,44.287385],[-121.174137,44.287367]]],"crs":null}},{"type":"Feature","properties":{"sourceId":1540,"name":"Blue Sky Addition","slug":"blue-sky-addition","platName":"BLUE SKY ADDITION","recorded":212976000000},"geometry":{"type":"Polygon","coordinates":[[[-121.17751,44.286485],[-121.176958,44.286483],[-121.176962,44.286057],[-121.17658,44.286057],[-121.176576,44.286324],[-121.175963,44.28633],[-121.175962,44.28649],[-121.175884,44.286491],[-121.175875,44.286924],[-121.175288,44.28692],[-121.17529,44.287372],[-121.176571,44.287365],[-121.176551,44.286907],[-121.177521,44.286917],[-121.177518,44.286878],[-121.177517,44.286848],[-121.177514,44.286804],[-121.177513,44.286776],[-121.177512,44.286741],[-121.177511,44.286693],[-121.17751,44.286646],[-121.17751,44.286619],[-121.177509,44.28657],[-121.177509,44.286542],[-121.17751,44.286513],[-121.17751,44.286485]]],"crs":null}},{"type":"Feature","properties":{"sourceId":1559,"name":"Hayden Acres","slug":"hayden-acres","platName":"HAYDEN ACRES PHASE 3","recorded":940896000000},"geometry":{"type":"Polygon","coordinates":[[[-121.175764,44.30142],[-121.176062,44.301423],[-121.176292,44.301467],[-121.178767,44.301465],[-121.178791,44.300788],[-121.176292,44.300807],[-121.1763,44.300539],[-121.175771,44.300539],[-121.175764,44.30142]]],"crs":null}},{"type":"Feature","properties":{"sourceId":1560,"name":"Hayden Acres","slug":"hayden-acres","platName":"HAYDEN ACRES PHASE I","recorded":845510400000},"geometry":{"type":"Polygon","coordinates":[[[-121.178815,44.299376],[-121.178802,44.300118],[-121.176292,44.300117],[-121.176292,44.300375],[-121.174758,44.30039],[-121.174757,44.301723],[-121.173983,44.301726],[-121.173871,44.301587],[-121.173838,44.301848],[-121.174985,44.301847],[-121.174984,44.300543],[-121.176311,44.300526],[-121.176314,44.300791],[-121.17881,44.300775],[-121.178773,44.301818],[-121.178873,44.301818],[-121.17893,44.299372],[-121.178815,44.299376]]],"crs":null}},{"type":"Feature","properties":{"sourceId":1561,"name":"Hayden Acres","slug":"hayden-acres","platName":"HAYDEN ACRES PHASE 4","recorded":932428800000},"geometry":{"type":"Polygon","coordinates":[[[-121.175742,44.300533],[-121.175748,44.298239],[-121.174055,44.298242],[-121.174052,44.298444],[-121.174046,44.298968],[-121.174046,44.298973],[-121.174046,44.298979],[-121.174046,44.298984],[-121.174046,44.298989],[-121.174046,44.298995],[-121.174046,44.299],[-121.174046,44.299006],[-121.174046,44.299011],[-121.174046,44.299016],[-121.174045,44.299022],[-121.174045,44.299027],[-121.174045,44.299032],[-121.174045,44.299038],[-121.174045,44.299043],[-121.174045,44.299048],[-121.174045,44.299054],[-121.174045,44.299059],[-121.174045,44.299065],[-121.174045,44.29907],[-121.174045,44.299075],[-121.174045,44.299081],[-121.174045,44.299086],[-121.174044,44.299091],[-121.174044,44.299097],[-121.174044,44.299102],[-121.174044,44.299107],[-121.174044,44.299113],[-121.174044,44.299118],[-121.174044,44.299123],[-121.174044,44.299129],[-121.174044,44.299134],[-121.174044,44.29914],[-121.174044,44.299145],[-121.174043,44.29915],[-121.174043,44.299156],[-121.174043,44.299161],[-121.174043,44.299166],[-121.174043,44.299172],[-121.174043,44.299177],[-121.174043,44.299182],[-121.174043,44.299188],[-121.174043,44.299193],[-121.174042,44.299199],[-121.174042,44.299204],[-121.174042,44.299209],[-121.174042,44.299215],[-121.174042,44.29922],[-121.174042,44.299225],[-121.174042,44.299231],[-121.174042,44.299236],[-121.174042,44.299241],[-121.174041,44.299247],[-121.174041,44.299252],[-121.174041,44.299257],[-121.174041,44.299263],[-121.174041,44.299268],[-121.174041,44.299274],[-121.174041,44.299279],[-121.174041,44.299284],[-121.17404,44.29929],[-121.17404,44.299295],[-121.17404,44.2993],[-121.17404,44.299306],[-121.17404,44.299311],[-121.17404,44.299316],[-121.17404,44.299322],[-121.174039,44.299327],[-121.174039,44.299333],[-121.174039,44.299338],[-121.174039,44.299343],[-121.174039,44.299349],[-121.174039,44.299354],[-121.174039,44.299359],[-121.174038,44.299365],[-121.174038,44.29937],[-121.174038,44.299375],[-121.174038,44.299381],[-121.174038,44.299386],[-121.174038,44.299391],[-121.174037,44.299397],[-121.174037,44.299402],[-121.174037,44.299408],[-121.174037,44.299413],[-121.174037,44.299418],[-121.174037,44.299424],[-121.174036,44.299429],[-121.174036,44.299434],[-121.174036,44.29944],[-121.174036,44.299445],[-121.174036,44.29945],[-121.174036,44.299456],[-121.174035,44.299461],[-121.174035,44.299467],[-121.174035,44.299472],[-121.174035,44.299477],[-121.174035,44.299483],[-121.174035,44.299488],[-121.174034,44.299493],[-121.174034,44.299499],[-121.174034,44.299504],[-121.174034,44.299509],[-121.174034,44.299515],[-121.174033,44.29952],[-121.174033,44.299525],[-121.174033,44.299531],[-121.174033,44.299536],[-121.174033,44.299542],[-121.174032,44.299547],[-121.174032,44.299552],[-121.174032,44.299558],[-121.174032,44.299563],[-121.174032,44.299568],[-121.174031,44.299574],[-121.174031,44.299579],[-121.174031,44.299584],[-121.174031,44.29959],[-121.174031,44.299595],[-121.17403,44.2996],[-121.17403,44.299606],[-121.17403,44.299611],[-121.17403,44.299617],[-121.17403,44.299622],[-121.174029,44.299627],[-121.174029,44.299633],[-121.174029,44.299638],[-121.174029,44.299643],[-121.174028,44.299649],[-121.174028,44.299654],[-121.174028,44.299659],[-121.174028,44.299665],[-121.174028,44.29967],[-121.174027,44.299675],[-121.174027,44.299681],[-121.174027,44.299686],[-121.174027,44.299692],[-121.174026,44.299697],[-121.174026,44.299702],[-121.174026,44.299708],[-121.174026,44.299713],[-121.174025,44.299718],[-121.174025,44.299724],[-121.174025,44.299729],[-121.174025,44.299734],[-121.174024,44.29974],[-121.174024,44.299745],[-121.174024,44.299754],[-121.174024,44.29976],[-121.174023,44.299765],[-121.174023,44.29977],[-121.174023,44.299776],[-121.174023,44.299781],[-121.174022,44.299787],[-121.174022,44.299792],[-121.174022,44.299797],[-121.174022,44.299803],[-121.174021,44.299808],[-121.174021,44.299813],[-121.174021,44.299819],[-121.17402,44.299824],[-121.17402,44.299829],[-121.17402,44.299835],[-121.17402,44.29984],[-121.174019,44.299846],[-121.174019,44.299851],[-121.174019,44.299856],[-121.174019,44.299862],[-121.174018,44.299867],[-121.174018,44.299872],[-121.174018,44.299878],[-121.174018,44.299883],[-121.174017,44.299888],[-121.174017,44.299894],[-121.174017,44.299899],[-121.174016,44.299904],[-121.174016,44.29991],[-121.174016,44.299915],[-121.174016,44.29992],[-121.174015,44.299926],[-121.174015,44.299931],[-121.174015,44.299937],[-121.174014,44.299942],[-121.174014,44.299947],[-121.174014,44.299953],[-121.174013,44.299958],[-121.174013,44.299963],[-121.174013,44.299969],[-121.174013,44.299974],[-121.174012,44.299979],[-121.174012,44.299985],[-121.174012,44.29999],[-121.174011,44.299995],[-121.174011,44.300001],[-121.174011,44.300006],[-121.17401,44.300012],[-121.17401,44.300017],[-121.17401,44.300022],[-121.17401,44.300028],[-121.174009,44.300033],[-121.174009,44.300038],[-121.174009,44.300044],[-121.174008,44.300049],[-121.174008,44.300055],[-121.174008,44.30006],[-121.174007,44.300065],[-121.174007,44.300071],[-121.174007,44.300076],[-121.174006,44.300081],[-121.174006,44.300087],[-121.174006,44.300092],[-121.174005,44.300097],[-121.174005,44.300103],[-121.174005,44.300108],[-121.174004,44.300113],[-121.174004,44.300119],[-121.174004,44.300124],[-121.174003,44.30013],[-121.174003,44.300135],[-121.174003,44.30014],[-121.174002,44.300146],[-121.174002,44.300151],[-121.174002,44.300156],[-121.174001,44.300162],[-121.174001,44.300167],[-121.174001,44.300172],[-121.174,44.300178],[-121.174,44.300183],[-121.174,44.300188],[-121.173999,44.300194],[-121.173999,44.300199],[-121.173998,44.300204],[-121.173998,44.30021],[-121.173998,44.300215],[-121.173997,44.300221],[-121.173997,44.300226],[-121.173997,44.300231],[-121.173996,44.300237],[-121.173996,44.300242],[-121.173996,44.300247],[-121.173995,44.300253],[-121.173995,44.300258],[-121.173994,44.300263],[-121.173994,44.300269],[-121.173994,44.300274],[-121.173993,44.300279],[-121.173993,44.300285],[-121.173993,44.30029],[-121.173992,44.300296],[-121.173992,44.300301],[-121.173991,44.300306],[-121.173991,44.300312],[-121.173991,44.300317],[-121.17399,44.300322],[-121.17399,44.300328],[-121.17399,44.300333],[-121.173989,44.300339],[-121.173989,44.300344],[-121.173988,44.300349],[-121.173988,44.300355],[-121.173988,44.30036],[-121.173987,44.300365],[-121.173987,44.300371],[-121.173986,44.300376],[-121.173986,44.300381],[-121.173986,44.300387],[-121.173985,44.300392],[-121.173985,44.300397],[-121.173984,44.300403],[-121.173984,44.300408],[-121.173984,44.300413],[-121.173983,44.300419],[-121.173983,44.300424],[-121.173982,44.30043],[-121.173982,44.300435],[-121.173982,44.30044],[-121.173981,44.300446],[-121.173981,44.300451],[-121.17398,44.300456],[-121.17398,44.300462],[-121.173979,44.300467],[-121.173979,44.300472],[-121.173979,44.300478],[-121.173978,44.300483],[-121.173978,44.300488],[-121.173977,44.300494],[-121.173977,44.300499],[-121.173976,44.300504],[-121.173976,44.30051],[-121.173976,44.300515],[-121.173975,44.300521],[-121.173975,44.300526],[-121.173974,44.300531],[-121.173974,44.300537],[-121.173973,44.300542],[-121.173973,44.300547],[-121.173973,44.300553],[-121.173972,44.300558],[-121.173972,44.300564],[-121.173971,44.300569],[-121.173971,44.300574],[-121.17397,44.30058],[-121.17397,44.300585],[-121.173969,44.30059],[-121.173969,44.300596],[-121.173969,44.300601],[-121.173968,44.300606],[-121.173968,44.300612],[-121.173967,44.300617],[-121.173967,44.300623],[-121.173966,44.300628],[-121.173966,44.300633],[-121.173965,44.300639],[-121.173965,44.300644],[-121.173964,44.300649],[-121.173964,44.300655],[-121.173963,44.30066],[-121.173963,44.300665],[-121.173963,44.300671],[-121.173962,44.300676],[-121.173962,44.300681],[-121.173961,44.300687],[-121.173961,44.300692],[-121.17396,44.300697],[-121.17396,44.300703],[-121.173959,44.300708],[-121.173959,44.300713],[-121.173958,44.300719],[-121.173958,44.300724],[-121.173957,44.30073],[-121.173957,44.300735],[-121.173956,44.30074],[-121.173956,44.300746],[-121.173955,44.300751],[-121.173955,44.300756],[-121.173954,44.300762],[-121.173954,44.300767],[-121.173953,44.300772],[-121.173953,44.300778],[-121.173952,44.300783],[-121.173952,44.300788],[-121.173951,44.300794],[-121.173951,44.300799],[-121.17395,44.300804],[-121.17395,44.30081],[-121.173949,44.300815],[-121.173949,44.30082],[-121.173948,44.300826],[-121.173948,44.300832],[-121.173947,44.300837],[-121.173947,44.300842],[-121.173946,44.300848],[-121.173946,44.300853],[-121.173945,44.300858],[-121.173945,44.300864],[-121.173944,44.300869],[-121.173944,44.300874],[-121.173943,44.30088],[-121.173943,44.300885],[-121.173942,44.30089],[-121.173942,44.300896],[-121.173941,44.300901],[-121.173941,44.300907],[-121.17394,44.300912],[-121.17394,44.300917],[-121.173939,44.300923],[-121.173938,44.300928],[-121.173938,44.300933],[-121.173937,44.300939],[-121.173937,44.300944],[-121.173936,44.300949],[-121.173936,44.300955],[-121.173935,44.30096],[-121.173935,44.300965],[-121.173934,44.300971],[-121.173934,44.300976],[-121.173933,44.300981],[-121.173933,44.300987],[-121.173932,44.300992],[-121.173931,44.300997],[-121.173931,44.301003],[-121.17393,44.301008],[-121.17393,44.301013],[-121.173929,44.301019],[-121.173929,44.301024],[-121.173928,44.301029],[-121.173928,44.301035],[-121.173927,44.30104],[-121.173926,44.301046],[-121.173926,44.301051],[-121.173925,44.301056],[-121.173925,44.301062],[-121.173924,44.301067],[-121.173924,44.301072],[-121.173923,44.301078],[-121.173923,44.301083],[-121.173922,44.301088],[-121.173921,44.301094],[-121.173921,44.3011],[-121.17392,44.301105],[-121.17392,44.30111],[-121.173919,44.301116],[-121.173918,44.301121],[-121.173918,44.301126],[-121.173917,44.301132],[-121.173917,44.301137],[-121.173916,44.301142],[-121.173916,44.301148],[-121.173915,44.301153],[-121.173914,44.301158],[-121.173914,44.301164],[-121.173913,44.301169],[-121.173913,44.301174],[-121.173912,44.30118],[-121.173911,44.301185],[-121.173911,44.30119],[-121.17391,44.301196],[-121.17391,44.301201],[-121.173909,44.301206],[-121.173908,44.301212],[-121.173908,44.301217],[-121.173907,44.301223],[-121.173907,44.301228],[-121.173906,44.301233],[-121.173905,44.301239],[-121.173905,44.301244],[-121.173904,44.301249],[-121.173904,44.301255],[-121.173903,44.30126],[-121.173902,44.301265],[-121.173902,44.301271],[-121.173901,44.301276],[-121.1739,44.301281],[-121.1739,44.301287],[-121.173899,44.301292],[-121.173899,44.301297],[-121.173898,44.301303],[-121.173897,44.301308],[-121.173897,44.301313],[-121.173896,44.301319],[-121.173896,44.301324],[-121.173895,44.301329],[-121.173894,44.301335],[-121.173894,44.30134],[-121.173893,44.301345],[-121.173892,44.301351],[-121.173892,44.301356],[-121.173891,44.301362],[-121.17389,44.301368],[-121.17389,44.301373],[-121.173889,44.301378],[-121.173888,44.301384],[-121.173888,44.301389],[-121.173887,44.301394],[-121.173887,44.3014],[-121.173886,44.301405],[-121.173885,44.30141],[-121.173885,44.301416],[-121.173884,44.301421],[-121.173883,44.301426],[-121.173883,44.301432],[-121.173882,44.301437],[-121.173881,44.301442],[-121.173881,44.301448],[-121.17388,44.301453],[-121.173879,44.301458],[-121.173879,44.301464],[-121.173878,44.301469],[-121.173877,44.301474],[-121.173877,44.30148],[-121.173876,44.301485],[-121.173875,44.30149],[-121.173875,44.301496],[-121.173874,44.301501],[-121.173873,44.301506],[-121.173873,44.301512],[-121.173872,44.301517],[-121.173871,44.301522],[-121.173871,44.301528],[-121.17387,44.301533],[-121.173869,44.301538],[-121.173869,44.301544],[-121.173868,44.301549],[-121.173867,44.301554],[-121.173866,44.301563],[-121.17385,44.301668],[-121.173831,44.30181],[-121.174996,44.301806],[-121.174999,44.301749],[-121.175739,44.301747],[-121.175742,44.300533]]],"crs":null}},{"type":"Feature","properties":{"sourceId":1579,"name":"Smith Rock Industrial Park","slug":"smith-rock-industrial-park","platName":"SMITH ROCK INDUSTRIAL PARK PHASES 1 AND 2","recorded":1190592000000},"geometry":{"type":"Polygon","coordinates":[[[-121.156194,44.286477],[-121.156192,44.285641],[-121.153759,44.285655],[-121.153739,44.285517],[-121.1526,44.285521],[-121.152563,44.283923],[-121.15144,44.283929],[-121.151474,44.286494],[-121.153741,44.286476],[-121.156194,44.286477]]],"crs":null}},{"type":"Feature","properties":{"sourceId":1580,"name":"Pioneer Park Industrial Condominiums","slug":"pioneer-park-industrial-condominiums","platName":"PIONEER PARK INDUSTRIAL CONDOMINIUMS","recorded":1201737600000},"geometry":{"type":"Polygon","coordinates":[[[-121.163668,44.284409],[-121.163661,44.283897],[-121.163626,44.283871],[-121.161413,44.283877],[-121.161375,44.28391],[-121.161377,44.284413],[-121.163668,44.284409]]],"crs":null}},{"type":"Feature","properties":{"sourceId":1599,"name":"Redmond Acres","slug":"redmond-acres","platName":"REDMOND ACRES VACATION PLAT","recorded":-1808870400000},"geometry":{"type":"Polygon","coordinates":[[[-121.158893,44.28018],[-121.163912,44.280172],[-121.163891,44.276625],[-121.158866,44.27663],[-121.158893,44.28018]]],"crs":null}},{"type":"Feature","properties":{"sourceId":1600,"name":"Redmond Acres","slug":"redmond-acres","platName":"REDMOND ACRES","recorded":-1856822400000},"geometry":{"type":"Polygon","coordinates":[[[-121.158893,44.28018],[-121.163912,44.280172],[-121.163891,44.276625],[-121.158866,44.27663],[-121.158893,44.28018]]],"crs":null}},{"type":"Feature","properties":{"sourceId":1601,"name":"Vista La Monte Industrial Park","slug":"vista-la-monte-industrial-park","platName":"VISTA LA MONTE INDUSTRIAL PARK","recorded":1103673600000},"geometry":{"type":"Polygon","coordinates":[[[-121.158672,44.280138],[-121.158671,44.276654],[-121.15635,44.276656],[-121.156362,44.280135],[-121.158672,44.280138]]],"crs":null}},{"type":"Feature","properties":{"sourceId":1620,"name":"Dorsch Acres","slug":"dorsch-acres","platName":"DORSCH ACRES","recorded":205977600000},"geometry":{"type":"Polygon","coordinates":[[[-121.179063,44.288298],[-121.176315,44.288284],[-121.176318,44.289168],[-121.179061,44.289172],[-121.179063,44.288298]]],"crs":null}},{"type":"Feature","properties":{"sourceId":1628,"name":"Newberry Village","slug":"newberry-village","platName":"NEWBERRY VILLAGE","recorded":754012800000},"geometry":{"type":"Polygon","coordinates":[[[-121.18588,44.263845],[-121.185941,44.263845],[-121.185937,44.263723],[-121.185747,44.263724],[-121.185719,44.263697],[-121.185301,44.263701],[-121.185302,44.263835],[-121.184762,44.26384],[-121.184773,44.264213],[-121.185211,44.26421],[-121.185214,44.26439],[-121.185443,44.264388],[-121.18544,44.264208],[-121.185878,44.264205],[-121.185874,44.263845],[-121.18588,44.263845]]],"crs":null}},{"type":"Feature","properties":{"sourceId":1635,"name":"Canyon View","slug":"canyon-view","platName":"CANYON VIEW","recorded":-492825600000},"geometry":{"type":"Polygon","coordinates":[[[-121.186519,44.263979],[-121.186523,44.264116],[-121.186533,44.264381],[-121.186533,44.264397],[-121.186539,44.264562],[-121.186547,44.264791],[-121.186555,44.265019],[-121.186563,44.265248],[-121.186571,44.265476],[-121.186576,44.26564],[-121.186805,44.265639],[-121.187069,44.265638],[-121.187332,44.265637],[-121.187595,44.265635],[-121.187862,44.265634],[-121.18827,44.265632],[-121.188385,44.265632],[-121.189068,44.265628],[-121.189298,44.265627],[-121.190239,44.26562],[-121.190086,44.265304],[-121.189935,44.265002],[-121.18992,44.264966],[-121.189585,44.264719],[-121.189139,44.26439],[-121.189091,44.262022],[-121.188276,44.26203],[-121.186451,44.262037],[-121.186454,44.262134],[-121.186462,44.262358],[-121.18647,44.262582],[-121.186478,44.262805],[-121.186485,44.263029],[-121.186493,44.263253],[-121.186499,44.263418],[-121.186514,44.263841],[-121.186519,44.263979]]],"crs":null}},{"type":"Feature","properties":{"sourceId":1639,"name":"Hammerstone Industrial Park","slug":"hammerstone-industrial-park","platName":"HAMMERSTONE INDUSTRIAL PARK","recorded":1230076800000},"geometry":{"type":"Polygon","coordinates":[[[-121.163897,44.269408],[-121.163937,44.269312],[-121.164026,44.269187],[-121.164135,44.269098],[-121.164238,44.269006],[-121.16458,44.268756],[-121.164881,44.268539],[-121.165147,44.268348],[-121.165413,44.26816],[-121.16567,44.268037],[-121.166149,44.267835],[-121.16491,44.266294],[-121.163885,44.266953],[-121.163897,44.269408]]],"crs":null}},{"type":"Feature","properties":{"sourceId":1646,"name":"Corks Westside Addition","slug":"corks-westside-addition","platName":"CORK'S WESTSIDE ADDITION","recorded":-777600000},"geometry":{"type":"Polygon","coordinates":[[[-121.199211,44.275208],[-121.199215,44.274727],[-121.199214,44.274721],[-121.199213,44.274517],[-121.199216,44.274511],[-121.199216,44.274506],[-121.199219,44.274172],[-121.199221,44.27385],[-121.199224,44.273511],[-121.199226,44.273171],[-121.199222,44.27282],[-121.194303,44.272845],[-121.194297,44.2747],[-121.194411,44.274699],[-121.194794,44.274696],[-121.195432,44.274691],[-121.195664,44.27469],[-121.195698,44.274485],[-121.195894,44.274404],[-121.196062,44.274408],[-121.196397,44.274417],[-121.196697,44.274452],[-121.196813,44.274463],[-121.196925,44.274499],[-121.197373,44.274652],[-121.197498,44.274691],[-121.197772,44.274923],[-121.198799,44.27522],[-121.199211,44.275208]]],"crs":null}},{"type":"Feature","properties":{"sourceId":1647,"name":"Dehmc Acre","slug":"dehmc-acre","platName":"DEHMC ACRE","recorded":1244505600000},"geometry":{"type":"Polygon","coordinates":[[[-121.200439,44.273306],[-121.200631,44.272826],[-121.199496,44.272828],[-121.199489,44.273307],[-121.200439,44.273306]]],"crs":null}},{"type":"Feature","properties":{"sourceId":1648,"name":"Nolan's Addition","slug":"nolan-s-addition","platName":"NOLAN'S ADDITION","recorded":313804800000},"geometry":{"type":"Polygon","coordinates":[[[-121.194326,44.270469],[-121.194313,44.272497],[-121.194309,44.272826],[-121.19443,44.272825],[-121.199342,44.272796],[-121.199315,44.270489],[-121.196345,44.2705],[-121.196327,44.270498],[-121.196309,44.270494],[-121.196062,44.270494],[-121.196048,44.2705],[-121.196032,44.270499],[-121.194474,44.270504],[-121.194463,44.270489],[-121.194429,44.270491],[-121.194406,44.27047],[-121.1944,44.269389],[-121.194326,44.269389],[-121.194326,44.270469]]],"crs":null}},{"type":"Feature","properties":{"sourceId":1649,"name":"Cornerstone Professional Park","slug":"cornerstone-professional-park","platName":"CORNERSTONE PROFESSIONAL PARK","recorded":961632000000},"geometry":{"type":"Polygon","coordinates":[[[-121.195111,44.269782],[-121.195372,44.26978],[-121.195641,44.269778],[-121.19592,44.269776],[-121.19605,44.269775],[-121.196047,44.269763],[-121.196281,44.269764],[-121.19628,44.269404],[-121.194466,44.269416],[-121.194468,44.269787],[-121.194836,44.269784],[-121.195111,44.269782]]],"crs":null}},{"type":"Feature","properties":{"sourceId":1650,"name":"Stonehedge West","slug":"stonehedge-west","platName":"STONEHEDGE WEST PHASE ONE","recorded":778896000000},"geometry":{"type":"Polygon","coordinates":[[[-121.196377,44.269089],[-121.196639,44.269087],[-121.197218,44.269086],[-121.197218,44.268694],[-121.197218,44.268667],[-121.197218,44.268425],[-121.197218,44.268412],[-121.197218,44.268157],[-121.197218,44.267995],[-121.197218,44.267727],[-121.196635,44.267723],[-121.196631,44.267387],[-121.196628,44.267203],[-121.196274,44.267204],[-121.195795,44.267206],[-121.19542,44.267207],[-121.194971,44.267208],[-121.194441,44.26721],[-121.194442,44.26724],[-121.194445,44.267638],[-121.194447,44.267933],[-121.19445,44.268213],[-121.194451,44.268374],[-121.194453,44.268643],[-121.194456,44.269005],[-121.194457,44.269098],[-121.194992,44.269095],[-121.195459,44.269093],[-121.195874,44.269091],[-121.196377,44.269089]]],"crs":null}},{"type":"Feature","properties":{"sourceId":1651,"name":"Stonehedge West","slug":"stonehedge-west","platName":"STONEHEDGE WEST PHASE 3","recorded":869616000000},"geometry":{"type":"Polygon","coordinates":[[[-121.198209,44.26773],[-121.198211,44.268],[-121.198249,44.268161],[-121.198251,44.268415],[-121.198253,44.268669],[-121.198255,44.269054],[-121.198365,44.269046],[-121.198402,44.269045],[-121.198924,44.269045],[-121.199022,44.269055],[-121.199203,44.269077],[-121.199209,44.26773],[-121.198209,44.26773]]],"crs":null}},{"type":"Feature","properties":{"sourceId":1652,"name":"Corks Westside Addition","slug":"corks-westside-addition","platName":"CORK'S WESTSIDE ADDITION REPLAT BLOCK 2-4","recorded":90806400000},"geometry":{"type":"Polygon","coordinates":[[[-121.199187,44.275193],[-121.199191,44.274702],[-121.199175,44.274514],[-121.199185,44.273174],[-121.198749,44.273175],[-121.198447,44.273176],[-121.19807,44.273177],[-121.197947,44.273176],[-121.197947,44.27345],[-121.197944,44.273968],[-121.197943,44.273974],[-121.197941,44.273979],[-121.197937,44.273984],[-121.197932,44.273988],[-121.197926,44.273991],[-121.19792,44.273993],[-121.197913,44.273995],[-121.197906,44.273996],[-121.197898,44.273995],[-121.197891,44.273993],[-121.197884,44.27399],[-121.197871,44.273983],[-121.197859,44.273977],[-121.197835,44.273964],[-121.19781,44.273951],[-121.197785,44.273939],[-121.19776,44.273928],[-121.197734,44.273916],[-121.197714,44.273908],[-121.197701,44.273902],[-121.197675,44.273892],[-121.197655,44.273884],[-121.197642,44.273879],[-121.197615,44.273869],[-121.197588,44.27386],[-121.19756,44.273851],[-121.19754,44.273845],[-121.197526,44.27384],[-121.197498,44.273832],[-121.19747,44.273825],[-121.197441,44.273817],[-121.197413,44.27381],[-121.197392,44.273805],[-121.197378,44.273802],[-121.197349,44.273796],[-121.19732,44.273791],[-121.197298,44.273787],[-121.197283,44.273784],[-121.197254,44.27378],[-121.197224,44.273775],[-121.197194,44.273771],[-121.19718,44.27377],[-121.197157,44.273767],[-121.197127,44.273764],[-121.197098,44.273762],[-121.197068,44.27376],[-121.197045,44.273758],[-121.19703,44.273758],[-121.197,44.273757],[-121.19697,44.273756],[-121.196931,44.273755],[-121.196941,44.27345],[-121.196943,44.273179],[-121.196717,44.273179],[-121.19634,44.27318],[-121.196152,44.273181],[-121.19597,44.273181],[-121.195586,44.273183],[-121.195216,44.273184],[-121.194799,44.273182],[-121.194797,44.273724],[-121.194795,44.273808],[-121.196809,44.273837],[-121.19682,44.273925],[-121.196819,44.27446],[-121.196934,44.274496],[-121.197376,44.274646],[-121.197386,44.274649],[-121.197491,44.274684],[-121.197772,44.274913],[-121.197813,44.274924],[-121.198248,44.275049],[-121.19872,44.275184],[-121.198774,44.2752],[-121.199187,44.275193]]],"crs":null}},{"type":"Feature","properties":{"sourceId":1656,"name":"Parkway Addition","slug":"parkway-addition","platName":"PARKWAY ADDITION","recorded":-32659200000},"geometry":{"type":"Polygon","coordinates":[[[-121.189149,44.269533],[-121.188725,44.269559],[-121.188565,44.269502],[-121.187988,44.269531],[-121.187697,44.269545],[-121.186815,44.269589],[-121.186586,44.269601],[-121.185911,44.269635],[-121.185501,44.269655],[-121.185509,44.270027],[-121.184532,44.270021],[-121.184535,44.271049],[-121.18702,44.271039],[-121.189253,44.271029],[-121.189249,44.269524],[-121.189149,44.269533]]],"crs":null}},{"type":"Feature","properties":{"sourceId":1661,"name":"Obsidian Estates","slug":"obsidian-estates","platName":"OBSIDIAN ESTATES NO. 3","recorded":1057795200000},"geometry":{"type":"Polygon","coordinates":[[[-121.200578,44.26057],[-121.200577,44.260735],[-121.200406,44.260734],[-121.200409,44.261015],[-121.200833,44.261017],[-121.201349,44.261019],[-121.201511,44.26102],[-121.201664,44.261015],[-121.201736,44.261012],[-121.201962,44.260978],[-121.202244,44.260913],[-121.202469,44.260873],[-121.202695,44.260858],[-121.202921,44.26086],[-121.204444,44.260868],[-121.204435,44.260147],[-121.204293,44.260147],[-121.203586,44.260143],[-121.20267,44.260138],[-121.202005,44.260135],[-121.202005,44.260176],[-121.201547,44.260173],[-121.201548,44.260228],[-121.201319,44.260227],[-121.201319,44.2603],[-121.201051,44.26033],[-121.200948,44.260342],[-121.200576,44.260386],[-121.200578,44.26057]]],"crs":null}},{"type":"Feature","properties":{"sourceId":1663,"name":"Black Hawk","slug":"black-hawk","platName":"BLACK HAWK PHASE TWO","recorded":800841600000},"geometry":{"type":"Polygon","coordinates":[[[-121.200699,44.26554],[-121.204275,44.265548],[-121.204282,44.264564],[-121.204283,44.2644],[-121.204285,44.264139],[-121.202623,44.264138],[-121.202621,44.264412],[-121.202467,44.26441],[-121.202468,44.264136],[-121.201599,44.264141],[-121.201595,44.264413],[-121.200706,44.264407],[-121.200699,44.26554]]],"crs":null}},{"type":"Feature","properties":{"sourceId":1664,"name":"Juniper Lane","slug":"juniper-lane","platName":"JUNIPER LANE","recorded":1181260800000},"geometry":{"type":"Polygon","coordinates":[[[-121.199229,44.267686],[-121.199235,44.267066],[-121.198739,44.267042],[-121.19875,44.267688],[-121.199229,44.267686]]],"crs":null}},{"type":"Feature","properties":{"sourceId":1682,"name":"Sarasoda Court","slug":"sarasoda-court","platName":"SARASODA COURT","recorded":1152230400000},"geometry":{"type":"Polygon","coordinates":[[[-121.193753,44.261048],[-121.193745,44.260268],[-121.192708,44.26028],[-121.192716,44.261061],[-121.193753,44.261048]]],"crs":null}},{"type":"Feature","properties":{"sourceId":1683,"name":"Rimrock Park Place","slug":"rimrock-park-place","platName":"RIMROCK PARK PLACE","recorded":1220400000000},"geometry":{"type":"Polygon","coordinates":[[[-121.191674,44.261905],[-121.191672,44.261653],[-121.190866,44.261656],[-121.190826,44.261766],[-121.190444,44.26169],[-121.190393,44.2618],[-121.189751,44.26169],[-121.189678,44.261894],[-121.189671,44.261933],[-121.191674,44.261905]]],"crs":null}},{"type":"Feature","properties":{"sourceId":1684,"name":"Stonehedge South Phase One","slug":"stonehedge-south-phase-one","platName":"STONEHEDGE SOUTH PHASE ONE","recorded":743212800000},"geometry":{"type":"Polygon","coordinates":[[[-121.190376,44.260301],[-121.190377,44.26074],[-121.190352,44.260758],[-121.19035,44.260761],[-121.19018,44.260979],[-121.190098,44.261086],[-121.190016,44.261209],[-121.189861,44.261439],[-121.189789,44.261547],[-121.189741,44.261681],[-121.190164,44.261752],[-121.190276,44.26177],[-121.190387,44.261789],[-121.19039,44.26178],[-121.190394,44.261769],[-121.190398,44.261759],[-121.190402,44.261748],[-121.190436,44.26167],[-121.190813,44.261753],[-121.190859,44.261644],[-121.191373,44.261644],[-121.191386,44.261644],[-121.191672,44.261644],[-121.191671,44.261536],[-121.191671,44.261508],[-121.191671,44.261508],[-121.19167,44.261303],[-121.19167,44.261208],[-121.19167,44.261208],[-121.191669,44.261097],[-121.191668,44.260936],[-121.191667,44.260767],[-121.191666,44.260526],[-121.191292,44.260531],[-121.191285,44.260531],[-121.190952,44.260535],[-121.19067,44.260538],[-121.190718,44.260505],[-121.19097,44.260293],[-121.190376,44.260301]]],"crs":null}},{"type":"Feature","properties":{"sourceId":1685,"name":"Skidmore's Subdivision","slug":"skidmore-s-subdivision","platName":"SKIDMORE'S SUBDIVISION","recorded":-52012800000},"geometry":{"type":"Polygon","coordinates":[[[-121.214527,44.247378],[-121.219343,44.247375],[-121.219323,44.245673],[-121.216924,44.245677],[-121.214512,44.245675],[-121.214527,44.247378]]],"crs":null}},{"type":"Feature","properties":{"sourceId":1686,"name":"Juniper Meadows","slug":"juniper-meadows","platName":"JUNIPER MEADOWS","recorded":1177459200000},"geometry":{"type":"Polygon","coordinates":[[[-121.219267,44.258275],[-121.219173,44.257324],[-121.218249,44.257333],[-121.218266,44.258268],[-121.219267,44.258275]]],"crs":null}},{"type":"Feature","properties":{"sourceId":1687,"name":"Juniper Hill","slug":"juniper-hill","platName":"JUNIPER HILL PHASE 2","recorded":1138147200000},"geometry":{"type":"Polygon","coordinates":[[[-121.218231,44.258354],[-121.218209,44.256636],[-121.218061,44.256638],[-121.218016,44.256642],[-121.217963,44.256647],[-121.217849,44.256652],[-121.21772,44.256651],[-121.217491,44.25665],[-121.217313,44.256649],[-121.217225,44.256649],[-121.216995,44.256655],[-121.217004,44.257528],[-121.217012,44.258347],[-121.218231,44.258354]]],"crs":null}},{"type":"Feature","properties":{"sourceId":1688,"name":"Summerhaven","slug":"summerhaven","platName":"SUMMERHAVEN PHASE 1","recorded":1118188800000},"geometry":{"type":"Polygon","coordinates":[[[-121.216934,44.255845],[-121.216926,44.254786],[-121.214519,44.254772],[-121.21452,44.254832],[-121.21529,44.254835],[-121.215311,44.255147],[-121.216389,44.255156],[-121.216407,44.255849],[-121.216934,44.255845]]],"crs":null}},{"type":"Feature","properties":{"sourceId":1694,"name":"Juniper Glen","slug":"juniper-glen","platName":"JUNIPER GLEN","recorded":1060905600000},"geometry":{"type":"Polygon","coordinates":[[[-121.200569,44.267896],[-121.20431,44.267883],[-121.204313,44.266932],[-121.200132,44.266934],[-121.200148,44.266948],[-121.200211,44.266967],[-121.200355,44.267207],[-121.200455,44.267399],[-121.200561,44.267631],[-121.200576,44.267754],[-121.200569,44.267896]]],"crs":null}},{"type":"Feature","properties":{"sourceId":1695,"name":"Juniper Glen North","slug":"juniper-glen-north","platName":"JUNIPER GLEN NORTH","recorded":1104192000000},"geometry":{"type":"MultiPolygon","coordinates":[[[[-121.204298,44.269082],[-121.204306,44.26805],[-121.202043,44.268058],[-121.200658,44.268062],[-121.200357,44.268064],[-121.200281,44.268071],[-121.199854,44.268142],[-121.199763,44.268148],[-121.199563,44.268149],[-121.199556,44.269074],[-121.200731,44.269093],[-121.200395,44.268493],[-121.2004,44.268316],[-121.200791,44.268312],[-121.202035,44.2683],[-121.202007,44.269088],[-121.204298,44.269082]]],[[[-121.20055,44.267896],[-121.200562,44.267757],[-121.200545,44.267631],[-121.200439,44.2674],[-121.200372,44.267272],[-121.200195,44.266972],[-121.200156,44.266964],[-121.200124,44.266949],[-121.200096,44.266928],[-121.200056,44.266926],[-121.200151,44.267082],[-121.199989,44.267147],[-121.199742,44.267087],[-121.19954,44.267077],[-121.199551,44.267674],[-121.199555,44.267701],[-121.199553,44.267986],[-121.199745,44.267985],[-121.199829,44.267985],[-121.199954,44.267968],[-121.200208,44.26792],[-121.200279,44.267913],[-121.200398,44.267905],[-121.20055,44.267896]]]],"crs":null}},{"type":"Feature","properties":{"sourceId":1703,"name":"Pioneer Business Park","slug":"pioneer-business-park","platName":"PIONEER BUSINESS PARK PHASE 1","recorded":1153872000000},"geometry":{"type":"Polygon","coordinates":[[[-121.163915,44.283843],[-121.159035,44.283866],[-121.159049,44.286501],[-121.162928,44.286498],[-121.162925,44.286218],[-121.163906,44.286217],[-121.163915,44.283843]]],"crs":null}},{"type":"Feature","properties":{"sourceId":1704,"name":"Juniper Hill","slug":"juniper-hill","platName":"JUNIPER HILL PHASE 1","recorded":1121817600000},"geometry":{"type":"Polygon","coordinates":[[[-121.216984,44.254842],[-121.216996,44.25664],[-121.2171,44.256644],[-121.21722,44.256642],[-121.217354,44.256641],[-121.21762,44.256644],[-121.217853,44.256645],[-121.217875,44.256644],[-121.217917,44.256642],[-121.217959,44.25664],[-121.218012,44.256635],[-121.218055,44.256629],[-121.218212,44.256627],[-121.218211,44.256575],[-121.219433,44.256572],[-121.219402,44.254774],[-121.219122,44.254772],[-121.218996,44.254771],[-121.218828,44.254802],[-121.218705,44.254822],[-121.218488,44.254845],[-121.21788,44.254848],[-121.217342,44.254846],[-121.216984,44.254842]]],"crs":null}},{"type":"Feature","properties":{"sourceId":1705,"name":"Salmon Run","slug":"salmon-run","platName":"SALMON RUN","recorded":895017600000},"geometry":{"type":"Polygon","coordinates":[[[-121.207345,44.254666],[-121.207467,44.254666],[-121.207651,44.254665],[-121.207715,44.254664],[-121.207823,44.254594],[-121.207912,44.254535],[-121.208146,44.254382],[-121.208334,44.254259],[-121.208382,44.254225],[-121.20836,44.254204],[-121.208252,44.254064],[-121.208052,44.253805],[-121.207989,44.253752],[-121.207696,44.253508],[-121.207617,44.253465],[-121.207328,44.253305],[-121.207181,44.253428],[-121.206789,44.253748],[-121.206628,44.25388],[-121.206352,44.254105],[-121.206282,44.254162],[-121.206118,44.254296],[-121.206329,44.254428],[-121.206361,44.254448],[-121.20654,44.25456],[-121.206716,44.25467],[-121.206743,44.25467],[-121.206967,44.254669],[-121.207205,44.254667],[-121.207345,44.254666]]],"crs":null}},{"type":"Feature","properties":{"sourceId":1723,"name":"Goodrich Subdivision","slug":"goodrich-subdivision","platName":"GOODRICH SUBDIVISION","recorded":-212889600000},"geometry":{"type":"Polygon","coordinates":[[[-121.220187,44.248387],[-121.224471,44.248423],[-121.224469,44.247514],[-121.219427,44.247464],[-121.219416,44.248856],[-121.219469,44.248823],[-121.220187,44.248387],[-121.220187,44.248387]]],"crs":null}},{"type":"Feature","properties":{"sourceId":1724,"name":"Majestic Ridge","slug":"majestic-ridge","platName":"MAJESTIC RIDGE PHASE 3","recorded":1085011200000},"geometry":{"type":"Polygon","coordinates":[[[-121.219663,44.254529],[-121.220075,44.254451],[-121.220047,44.25441],[-121.220004,44.254328],[-121.219881,44.253909],[-121.219809,44.253656],[-121.219738,44.253403],[-121.219666,44.25315],[-121.21963,44.253066],[-121.219533,44.25292],[-121.219446,44.252797],[-121.2194,44.252713],[-121.219379,44.252645],[-121.219358,44.252484],[-121.219345,44.25238],[-121.219312,44.252112],[-121.219316,44.251195],[-121.218194,44.251192],[-121.218188,44.252847],[-121.218783,44.252848],[-121.218788,44.252934],[-121.218799,44.253013],[-121.218935,44.253],[-121.219009,44.25299],[-121.219143,44.252966],[-121.219257,44.253226],[-121.219363,44.253473],[-121.219434,44.253726],[-121.219505,44.253979],[-121.219575,44.254232],[-121.219663,44.254529]]],"crs":null}},{"type":"Feature","properties":{"sourceId":1725,"name":"Sunset Summit","slug":"sunset-summit","platName":"SUNSET SUMMIT","recorded":1216684800000},"geometry":{"type":"Polygon","coordinates":[[[-121.216825,44.251187],[-121.216062,44.251188],[-121.216063,44.251441],[-121.216406,44.251443],[-121.216407,44.251662],[-121.216268,44.251663],[-121.216269,44.252007],[-121.216295,44.252007],[-121.21683,44.252009],[-121.216825,44.251187]]],"crs":null}},{"type":"Feature","properties":{"sourceId":1726,"name":"Cascade View Estates","slug":"cascade-view-estates","platName":"CASCADE VIEW ESTATES PHASE 2A","recorded":803088000000},"geometry":{"type":"Polygon","coordinates":[[[-121.209385,44.248342],[-121.2095,44.248351],[-121.209868,44.24838],[-121.209857,44.247822],[-121.209852,44.247556],[-121.209541,44.247556],[-121.209534,44.247556],[-121.209522,44.247556],[-121.209514,44.247556],[-121.209505,44.24756],[-121.2095,44.247565],[-121.209498,44.247572],[-121.209493,44.247826],[-121.209495,44.247957],[-121.2095,44.247961],[-121.209504,44.247965],[-121.209509,44.24797],[-121.209513,44.247974],[-121.209517,44.247979],[-121.209521,44.247984],[-121.209524,44.247989],[-121.209527,44.247994],[-121.20953,44.247999],[-121.209532,44.248004],[-121.209534,44.24801],[-121.209535,44.248015],[-121.209536,44.24802],[-121.209537,44.248026],[-121.209537,44.248031],[-121.209537,44.248037],[-121.209537,44.248042],[-121.209536,44.248048],[-121.209535,44.248053],[-121.209534,44.248059],[-121.209532,44.248064],[-121.20953,44.248069],[-121.209527,44.248074],[-121.209524,44.248079],[-121.209521,44.248084],[-121.209518,44.248089],[-121.209514,44.248094],[-121.209508,44.2481],[-121.209503,44.248104],[-121.209497,44.24811],[-121.209491,44.248114],[-121.209486,44.248118],[-121.20948,44.248122],[-121.209474,44.248125],[-121.209468,44.248128],[-121.209461,44.248131],[-121.209455,44.248134],[-121.209448,44.248136],[-121.209441,44.248138],[-121.209434,44.24814],[-121.209426,44.248142],[-121.209419,44.248143],[-121.209412,44.248145],[-121.209404,44.248146],[-121.209396,44.248146],[-121.209383,44.248147],[-121.209385,44.248342]]],"crs":null}},{"type":"Feature","properties":{"sourceId":1728,"name":"Cascade View Estates","slug":"cascade-view-estates","platName":"CASCADE VIEW ESTATES PHASE 8","recorded":1060732800000},"geometry":{"type":"Polygon","coordinates":[[[-121.212308,44.244854],[-121.213249,44.244511],[-121.213459,44.244439],[-121.213791,44.244315],[-121.212,44.241802],[-121.211657,44.241924],[-121.211424,44.241957],[-121.210543,44.242286],[-121.210388,44.242365],[-121.210393,44.242767],[-121.210395,44.243107],[-121.210543,44.243384],[-121.21082,44.243588],[-121.211138,44.24371],[-121.211413,44.243906],[-121.21172,44.24395],[-121.21194,44.244181],[-121.212091,44.244118],[-121.212293,44.244384],[-121.212047,44.244475],[-121.212308,44.244854]]],"crs":null}},{"type":"Feature","properties":{"sourceId":1729,"name":"Stonehedge on the Rim","slug":"stonehedge-on-the-rim","platName":"STONEHEDGE ON THE RIM PHASE III","recorded":1050019200000},"geometry":{"type":"Polygon","coordinates":[[[-121.191461,44.263392],[-121.191615,44.263142],[-121.191599,44.263044],[-121.191582,44.262944],[-121.191702,44.262754],[-121.191647,44.262522],[-121.191428,44.262354],[-121.192067,44.262345],[-121.192064,44.262077],[-121.192007,44.262078],[-121.192005,44.261996],[-121.189664,44.262028],[-121.189673,44.262339],[-121.189964,44.262659],[-121.1911,44.263273],[-121.191461,44.263392]]],"crs":null}},{"type":"Feature","properties":{"sourceId":1730,"name":"Jean Meadows","slug":"jean-meadows","platName":"JEAN MEADOWS","recorded":1129593600000},"geometry":{"type":"Polygon","coordinates":[[[-121.193521,44.261856],[-121.19352,44.261648],[-121.193627,44.261644],[-121.19362,44.261106],[-121.192718,44.261119],[-121.19273,44.261869],[-121.193521,44.261856]]],"crs":null}},{"type":"Feature","properties":{"sourceId":1734,"name":"Hayden Square","slug":"hayden-square","platName":"HAYDEN SQUARE","recorded":1028764800000},"geometry":{"type":"Polygon","coordinates":[[[-121.188941,44.258037],[-121.188941,44.258005],[-121.188941,44.257972],[-121.18894,44.257725],[-121.18894,44.257591],[-121.18894,44.257427],[-121.18894,44.257395],[-121.18894,44.257363],[-121.188939,44.257121],[-121.188938,44.256697],[-121.188456,44.256698],[-121.18824,44.256698],[-121.188195,44.256698],[-121.18815,44.256698],[-121.187789,44.256699],[-121.187789,44.256705],[-121.187789,44.25671],[-121.187789,44.256716],[-121.187788,44.256721],[-121.187788,44.256727],[-121.187788,44.256732],[-121.187787,44.256737],[-121.187787,44.256743],[-121.187786,44.256748],[-121.187786,44.256753],[-121.187785,44.256759],[-121.187784,44.256764],[-121.187784,44.256769],[-121.187783,44.256775],[-121.187782,44.25678],[-121.187781,44.256785],[-121.18778,44.256791],[-121.187779,44.256796],[-121.187777,44.256801],[-121.187776,44.256807],[-121.187775,44.256812],[-121.187774,44.256817],[-121.187772,44.256822],[-121.187771,44.256828],[-121.187769,44.256833],[-121.187767,44.256838],[-121.187766,44.256843],[-121.187764,44.256849],[-121.187762,44.256854],[-121.18776,44.256859],[-121.187758,44.256864],[-121.187756,44.256869],[-121.187754,44.256875],[-121.187752,44.25688],[-121.18775,44.256885],[-121.187748,44.25689],[-121.187745,44.256895],[-121.187743,44.256901],[-121.18774,44.256906],[-121.187738,44.256911],[-121.187735,44.256916],[-121.187733,44.256921],[-121.18773,44.256926],[-121.187725,44.256935],[-121.187723,44.25694],[-121.18772,44.256945],[-121.187718,44.25695],[-121.187716,44.256955],[-121.187713,44.25696],[-121.187711,44.256965],[-121.187709,44.256971],[-121.187707,44.256976],[-121.187706,44.256981],[-121.187704,44.256986],[-121.187702,44.256991],[-121.1877,44.256997],[-121.187699,44.257002],[-121.187698,44.257007],[-121.187696,44.257012],[-121.187695,44.257018],[-121.187694,44.257023],[-121.187693,44.257028],[-121.187692,44.257034],[-121.187691,44.25704],[-121.18769,44.257045],[-121.187689,44.257051],[-121.187688,44.257056],[-121.187688,44.257061],[-121.187687,44.257067],[-121.187687,44.257072],[-121.187687,44.257077],[-121.187687,44.257083],[-121.187687,44.257088],[-121.187687,44.257093],[-121.187688,44.257284],[-121.187688,44.257321],[-121.187688,44.257359],[-121.187689,44.257612],[-121.18769,44.257712],[-121.187691,44.257965],[-121.187691,44.258003],[-121.187692,44.25804],[-121.187693,44.258303],[-121.187945,44.258301],[-121.188136,44.258301],[-121.188326,44.2583],[-121.188517,44.258299],[-121.188707,44.258298],[-121.188941,44.258297],[-121.188941,44.258037]]],"crs":null}},{"type":"Feature","properties":{"sourceId":1735,"name":"Mountain Gardens","slug":"mountain-gardens","platName":"MOUNTAIN GARDENS","recorded":1009497600000},"geometry":{"type":"Polygon","coordinates":[[[-121.194117,44.259337],[-121.19183,44.259365],[-121.191829,44.259504],[-121.19183,44.259656],[-121.191831,44.259808],[-121.191834,44.260111],[-121.192096,44.260108],[-121.192357,44.260105],[-121.192621,44.260102],[-121.192882,44.260099],[-121.193073,44.260097],[-121.193336,44.260094],[-121.1936,44.260091],[-121.193863,44.260088],[-121.194125,44.260085],[-121.194121,44.259784],[-121.194119,44.259554],[-121.194117,44.259337]]],"crs":null}},{"type":"Feature","properties":{"sourceId":1736,"name":"Steelhead Estates","slug":"steelhead-estates","platName":"STEELHEAD ESTATES","recorded":867801600000},"geometry":{"type":"Polygon","coordinates":[[[-121.192155,44.258486],[-121.192159,44.258942],[-121.191786,44.258946],[-121.191787,44.259207],[-121.191788,44.259342],[-121.191844,44.259341],[-121.19235,44.259336],[-121.192778,44.259331],[-121.192949,44.259329],[-121.193181,44.259326],[-121.193175,44.258775],[-121.192873,44.258855],[-121.19287,44.258479],[-121.192684,44.258481],[-121.192498,44.258483],[-121.192155,44.258486]]],"crs":null}},{"type":"Feature","properties":{"sourceId":1740,"name":"Obsidian Estates","slug":"obsidian-estates","platName":"OBSIDIAN ESTATES NO. 2","recorded":808358400000},"geometry":{"type":"Polygon","coordinates":[[[-121.199411,44.260184],[-121.199442,44.261873],[-121.204432,44.261875],[-121.204387,44.259416],[-121.204058,44.259414],[-121.203829,44.259412],[-121.20381,44.259412],[-121.2036,44.259411],[-121.203561,44.259411],[-121.203371,44.25941],[-121.203313,44.25941],[-121.203142,44.259409],[-121.203065,44.259408],[-121.202913,44.259407],[-121.202817,44.259407],[-121.202684,44.259406],[-121.202569,44.259405],[-121.202455,44.259405],[-121.202321,44.259404],[-121.202226,44.259403],[-121.202073,44.259403],[-121.201997,44.259402],[-121.201825,44.259401],[-121.201768,44.259401],[-121.201577,44.2594],[-121.201538,44.2594],[-121.201329,44.259435],[-121.20131,44.259439],[-121.201091,44.259476],[-121.201081,44.259478],[-121.200853,44.259517],[-121.200812,44.259654],[-121.200764,44.259818],[-121.200709,44.260006],[-121.200693,44.260008],[-121.200671,44.26001],[-121.200656,44.260012],[-121.200633,44.260014],[-121.20061,44.260016],[-121.200588,44.260018],[-121.200572,44.260019],[-121.20055,44.260021],[-121.200534,44.260021],[-121.200512,44.260023],[-121.200489,44.260023],[-121.200466,44.260024],[-121.200443,44.260025],[-121.200428,44.260025],[-121.200405,44.260025],[-121.200389,44.260025],[-121.200385,44.260025],[-121.200354,44.260189],[-121.20022,44.260188],[-121.200212,44.260189],[-121.199835,44.260186],[-121.199411,44.260184]]],"crs":null}},{"type":"Feature","properties":{"sourceId":1741,"name":"Obsidian Estates","slug":"obsidian-estates","platName":"OBSIDIAN ESTATES NO. 4","recorded":1099353600000},"geometry":{"type":"Polygon","coordinates":[[[-121.204464,44.261839],[-121.204453,44.260878],[-121.2043,44.260878],[-121.203373,44.260873],[-121.202921,44.260869],[-121.202695,44.260868],[-121.20247,44.260883],[-121.202244,44.260922],[-121.201962,44.260989],[-121.201736,44.261021],[-121.201511,44.261029],[-121.201285,44.261028],[-121.200833,44.261027],[-121.200401,44.261025],[-121.200398,44.261015],[-121.200142,44.261014],[-121.200143,44.261072],[-121.199838,44.261072],[-121.199441,44.26107],[-121.199451,44.261811],[-121.200209,44.261815],[-121.202198,44.261826],[-121.203613,44.261834],[-121.204464,44.261839]]],"crs":null}},{"type":"Feature","properties":{"sourceId":1742,"name":"Brierwood","slug":"brierwood","platName":"BRIERWOOD","recorded":1000684800000},"geometry":{"type":"Polygon","coordinates":[[[-121.192953,44.25829],[-121.193554,44.258284],[-121.193829,44.258282],[-121.194107,44.258279],[-121.194104,44.257992],[-121.194103,44.25785],[-121.194101,44.257621],[-121.194099,44.257451],[-121.194098,44.257281],[-121.194096,44.257112],[-121.194095,44.256942],[-121.194092,44.256641],[-121.19409,44.256476],[-121.194087,44.256171],[-121.19294,44.256174],[-121.192953,44.25829]]],"crs":null}},{"type":"Feature","properties":{"sourceId":1743,"name":"View Acres","slug":"view-acres","platName":"VIEW ACRES","recorded":null},"geometry":{"type":"Polygon","coordinates":[[[-121.199264,44.254714],[-121.199223,44.251126],[-121.194153,44.251154],[-121.194187,44.254743],[-121.199264,44.254714]]],"crs":null}},{"type":"Feature","properties":{"sourceId":1744,"name":"Culley","slug":"culley","platName":"CULLEY","recorded":813888000000},"geometry":{"type":"Polygon","coordinates":[[[-121.195474,44.253844],[-121.195889,44.253841],[-121.196619,44.253837],[-121.196617,44.2537],[-121.196614,44.253444],[-121.195468,44.253447],[-121.195472,44.253615],[-121.195474,44.253844]]],"crs":null}},{"type":"Feature","properties":{"sourceId":1749,"name":"Village Square","slug":"village-square","platName":"VILLAGE SQUARE","recorded":310780800000},"geometry":{"type":"Polygon","coordinates":[[[-121.190081,44.254531],[-121.19008,44.254367],[-121.190079,44.25415],[-121.190078,44.253873],[-121.190041,44.253874],[-121.190038,44.253874],[-121.189573,44.253876],[-121.189104,44.253878],[-121.189081,44.253878],[-121.189085,44.254701],[-121.190082,44.254696],[-121.190081,44.254531]]],"crs":null}},{"type":"Feature","properties":{"sourceId":1750,"name":"Blairs Lot 3 Subdivision","slug":"blairs-lot-3-subdivision","platName":"BLAIRS LOT 3 SUBDIVISION","recorded":240192000000},"geometry":{"type":"Polygon","coordinates":[[[-121.195298,44.251629],[-121.194784,44.251631],[-121.194269,44.251634],[-121.194271,44.25184],[-121.194273,44.252045],[-121.194788,44.252043],[-121.195303,44.25204],[-121.195298,44.251629]]],"crs":null}},{"type":"Feature","properties":{"sourceId":1751,"name":"Timber Flats","slug":"timber-flats","platName":"TIMBER FLATS PHASE 1","recorded":1100649600000},"geometry":{"type":"Polygon","coordinates":[[[-121.197477,44.253418],[-121.19747,44.253011],[-121.196837,44.253018],[-121.196847,44.253426],[-121.197285,44.25342],[-121.197477,44.253418]]],"crs":null}},{"type":"Feature","properties":{"sourceId":1752,"name":"Obsidian Estates","slug":"obsidian-estates","platName":"OBSIDIAN ESTATES","recorded":714873600000},"geometry":{"type":"Polygon","coordinates":[[[-121.204377,44.258343],[-121.199364,44.258327],[-121.199419,44.261909],[-121.204439,44.261928],[-121.204377,44.258343]]],"crs":null}},{"type":"Feature","properties":{"sourceId":1753,"name":"27th Park","slug":"27th-park","platName":"27TH PARK","recorded":1092182400000},"geometry":{"type":"Polygon","coordinates":[[[-121.198627,44.254813],[-121.19864,44.255628],[-121.199204,44.255624],[-121.199191,44.25481],[-121.198627,44.254813]]],"crs":null}},{"type":"Feature","properties":{"sourceId":1754,"name":"Timbers","slug":"timbers","platName":"TIMBERS","recorded":1147392000000},"geometry":{"type":"Polygon","coordinates":[[[-121.194029,44.253834],[-121.194021,44.25305],[-121.192542,44.253056],[-121.192547,44.253841],[-121.194029,44.253834]]],"crs":null}},{"type":"Feature","properties":{"sourceId":1756,"name":"Hayden View","slug":"hayden-view","platName":"HAYDEN VIEW PHASE TWO","recorded":934329600000},"geometry":{"type":"Polygon","coordinates":[[[-121.204424,44.264882],[-121.207721,44.26489],[-121.207779,44.264767],[-121.207779,44.263254],[-121.204583,44.263254],[-121.204584,44.263433],[-121.204435,44.263432],[-121.204424,44.264882]]],"crs":null}},{"type":"Feature","properties":{"sourceId":1757,"name":"Umatilla Heights","slug":"umatilla-heights","platName":"UMATILLA HEIGHTS","recorded":1021939200000},"geometry":{"type":"Polygon","coordinates":[[[-121.205958,44.252602],[-121.205647,44.252473],[-121.205554,44.252348],[-121.205501,44.252192],[-121.20553,44.251969],[-121.205662,44.251602],[-121.205816,44.25131],[-121.205865,44.251169],[-121.205874,44.251098],[-121.204456,44.251111],[-121.204451,44.251412],[-121.204464,44.251646],[-121.204458,44.251856],[-121.204461,44.252053],[-121.205078,44.252054],[-121.205085,44.252402],[-121.205091,44.252699],[-121.205099,44.2527],[-121.205106,44.2527],[-121.205114,44.2527],[-121.205121,44.252701],[-121.205129,44.252702],[-121.205136,44.252702],[-121.205144,44.252703],[-121.205151,44.252704],[-121.205159,44.252704],[-121.205166,44.252705],[-121.205174,44.252706],[-121.205181,44.252707],[-121.205188,44.252708],[-121.205196,44.252709],[-121.205203,44.25271],[-121.205211,44.252711],[-121.205218,44.252712],[-121.205225,44.252713],[-121.205233,44.252714],[-121.20524,44.252716],[-121.205247,44.252717],[-121.205255,44.252718],[-121.205263,44.25272],[-121.20527,44.252721],[-121.205277,44.252723],[-121.205284,44.252724],[-121.205292,44.252726],[-121.205299,44.252728],[-121.205306,44.252729],[-121.205313,44.252731],[-121.20532,44.252733],[-121.205327,44.252734],[-121.205335,44.252736],[-121.205342,44.252738],[-121.205349,44.25274],[-121.205356,44.252742],[-121.205363,44.252744],[-121.20537,44.252746],[-121.205377,44.252748],[-121.205384,44.25275],[-121.205391,44.252752],[-121.205398,44.252755],[-121.205405,44.252757],[-121.205412,44.252759],[-121.205418,44.252762],[-121.205425,44.252764],[-121.205432,44.252766],[-121.205443,44.25277],[-121.205492,44.252686],[-121.205958,44.252602]]],"crs":null}},{"type":"Feature","properties":{"sourceId":1758,"name":"Savannah Estates","slug":"savannah-estates","platName":"SAVANNAH ESTATES PHASE 3","recorded":997228800000},"geometry":{"type":"Polygon","coordinates":[[[-121.205271,44.252731],[-121.204384,44.2529],[-121.204385,44.252969],[-121.204889,44.252874],[-121.204907,44.253484],[-121.205481,44.253457],[-121.205871,44.25368],[-121.20607,44.253792],[-121.206217,44.253941],[-121.206083,44.25406],[-121.206246,44.25415],[-121.206601,44.253859],[-121.206767,44.253725],[-121.20728,44.253308],[-121.207001,44.253229],[-121.206496,44.252991],[-121.206419,44.252947],[-121.206275,44.25283],[-121.206192,44.252763],[-121.206086,44.252686],[-121.205997,44.252621],[-121.205975,44.252612],[-121.2055,44.252699],[-121.205451,44.252783],[-121.205435,44.252777],[-121.205428,44.252775],[-121.205421,44.252772],[-121.205407,44.252768],[-121.2054,44.252765],[-121.205393,44.252763],[-121.205386,44.252761],[-121.205379,44.252759],[-121.205372,44.252757],[-121.205365,44.252754],[-121.205358,44.252752],[-121.20535,44.25275],[-121.205343,44.252749],[-121.205336,44.252747],[-121.205329,44.252745],[-121.205322,44.252743],[-121.205314,44.252741],[-121.205307,44.252739],[-121.2053,44.252738],[-121.205293,44.252736],[-121.205285,44.252735],[-121.205278,44.252733],[-121.205271,44.252731]]],"crs":null}},{"type":"Feature","properties":{"sourceId":1759,"name":"Autumnglen","slug":"autumnglen","platName":"AUTUMNGLEN SUBDIVISION PHASE I","recorded":304732800000},"geometry":{"type":"Polygon","coordinates":[[[-121.20491,44.25397],[-121.204888,44.253806],[-121.204884,44.253532],[-121.204884,44.253498],[-121.204881,44.25334],[-121.204879,44.253149],[-121.204875,44.252887],[-121.204396,44.252982],[-121.204411,44.254617],[-121.204499,44.254616],[-121.204919,44.254614],[-121.204916,44.254414],[-121.204915,44.254321],[-121.204913,44.254222],[-121.20491,44.25397]]],"crs":null}},{"type":"Feature","properties":{"sourceId":1760,"name":"Savannah Estates","slug":"savannah-estates","platName":"SAVANNAH ESTATES PHASES 1 & 2","recorded":972950400000},"geometry":{"type":"Polygon","coordinates":[[[-121.20554,44.253515],[-121.20547,44.253475],[-121.205326,44.253482],[-121.205195,44.253489],[-121.204904,44.253504],[-121.204904,44.253537],[-121.204908,44.253802],[-121.204929,44.253961],[-121.204933,44.254205],[-121.204934,44.254301],[-121.204935,44.254391],[-121.204939,44.254614],[-121.20524,44.254612],[-121.205522,44.254611],[-121.205711,44.254614],[-121.206052,44.254335],[-121.206082,44.25431],[-121.206076,44.254297],[-121.206236,44.254165],[-121.206057,44.254066],[-121.20619,44.253943],[-121.206042,44.253797],[-121.205949,44.253744],[-121.205849,44.253688],[-121.20566,44.253582],[-121.20554,44.253515]]],"crs":null}},{"type":"Feature","properties":{"sourceId":1765,"name":"Park Place Estates","slug":"park-place-estates","platName":"PARK PLACE ESTATES","recorded":762393600000},"geometry":{"type":"Polygon","coordinates":[[[-121.203009,44.249283],[-121.203517,44.24926],[-121.203204,44.248862],[-121.203244,44.24878],[-121.203339,44.24861],[-121.203445,44.248419],[-121.203577,44.248182],[-121.203696,44.247967],[-121.203671,44.247954],[-121.203641,44.247938],[-121.203611,44.247923],[-121.20358,44.247908],[-121.203556,44.247896],[-121.203531,44.247885],[-121.203505,44.247873],[-121.203486,44.247865],[-121.203461,44.247854],[-121.203441,44.247846],[-121.203422,44.247838],[-121.203396,44.247827],[-121.20337,44.247817],[-121.203343,44.247807],[-121.203317,44.247797],[-121.203297,44.24779],[-121.20327,44.247781],[-121.20325,44.247774],[-121.203223,44.247765],[-121.203202,44.247758],[-121.203174,44.247749],[-121.20314,44.247739],[-121.203105,44.247729],[-121.20307,44.247719],[-121.203035,44.24771],[-121.203,44.247701],[-121.202965,44.247693],[-121.202937,44.247686],[-121.202903,44.247679],[-121.202867,44.247671],[-121.202831,44.247664],[-121.202802,44.247659],[-121.202766,44.247652],[-121.20273,44.247646],[-121.202701,44.247642],[-121.202664,44.247636],[-121.202629,44.247632],[-121.202593,44.247627],[-121.202556,44.247623],[-121.202526,44.24762],[-121.202489,44.247616],[-121.202452,44.247613],[-121.202423,44.247611],[-121.202386,44.247608],[-121.202362,44.247607],[-121.202333,44.247606],[-121.202303,44.247605],[-121.202281,44.247604],[-121.202251,44.247603],[-121.202228,44.247603],[-121.202199,44.247602],[-121.202169,44.247602],[-121.20211,44.247603],[-121.201851,44.247603],[-121.201592,44.247604],[-121.201337,44.247605],[-121.201228,44.247605],[-121.201175,44.249654],[-121.202346,44.249651],[-121.202346,44.249682],[-121.203353,44.249679],[-121.202958,44.2494],[-121.202974,44.249386],[-121.202984,44.249378],[-121.202991,44.249367],[-121.202997,44.249357],[-121.203003,44.249347],[-121.203009,44.249331],[-121.203011,44.24932],[-121.203012,44.249315],[-121.203012,44.24931],[-121.203012,44.249304],[-121.203012,44.249299],[-121.203011,44.249294],[-121.203011,44.249288],[-121.203009,44.249283]]],"crs":null}},{"type":"Feature","properties":{"sourceId":1766,"name":"Hi-Country Estates","slug":"hi-country-estates","platName":"HI-COUNTRY ESTATES","recorded":254534400000},"geometry":{"type":"Polygon","coordinates":[[[-121.199221,44.248735],[-121.199228,44.24917],[-121.201147,44.249164],[-121.201186,44.247567],[-121.199248,44.247575],[-121.199247,44.247613],[-121.199242,44.247635],[-121.199237,44.247656],[-121.199231,44.247684],[-121.199225,44.247705],[-121.199218,44.247732],[-121.199211,44.247759],[-121.199205,44.247782],[-121.199207,44.247915],[-121.199212,44.24819],[-121.199215,44.248407],[-121.199216,44.248464],[-121.199221,44.248735]]],"crs":null}},{"type":"Feature","properties":{"sourceId":1767,"name":"Valleyview","slug":"valleyview","platName":"VALLEYVIEW","recorded":529718400000},"geometry":{"type":"Polygon","coordinates":[[[-121.212672,44.252211],[-121.212662,44.251128],[-121.212591,44.251109],[-121.212521,44.251087],[-121.209777,44.251072],[-121.208442,44.251075],[-121.208443,44.251157],[-121.205992,44.251169],[-121.205935,44.25133],[-121.205779,44.251626],[-121.205646,44.25199],[-121.205619,44.252181],[-121.205672,44.252327],[-121.20574,44.252408],[-121.205963,44.2525],[-121.206072,44.252546],[-121.206299,44.252713],[-121.20651,44.252883],[-121.207066,44.253146],[-121.20737,44.253235],[-121.207767,44.253453],[-121.208146,44.253769],[-121.208453,44.25417],[-121.208511,44.254217],[-121.208601,44.254288],[-121.208682,44.254364],[-121.20892,44.254588],[-121.209397,44.254586],[-121.210306,44.254598],[-121.210271,44.252282],[-121.211111,44.252286],[-121.211111,44.252204],[-121.212672,44.252211]]],"crs":null}},{"type":"Feature","properties":{"sourceId":1784,"name":"Country Park","slug":"country-park","platName":"COUNTRY PARK PHASE I","recorded":727660800000},"geometry":{"type":"Polygon","coordinates":[[[-121.199301,44.251103],[-121.201093,44.251095],[-121.201113,44.250615],[-121.201137,44.250205],[-121.201168,44.249169],[-121.199257,44.249175],[-121.199301,44.251103]]],"crs":null}},{"type":"Feature","properties":{"sourceId":1785,"name":"Cascade View Estates","slug":"cascade-view-estates","platName":"CASCADE VIEW ESTATES PHASE 6","recorded":992908800000},"geometry":{"type":"Polygon","coordinates":[[[-121.209395,44.243378],[-121.209399,44.245823],[-121.209573,44.24582],[-121.209867,44.245709],[-121.210176,44.245595],[-121.210485,44.245481],[-121.210764,44.245378],[-121.210793,44.245367],[-121.211102,44.245253],[-121.21135,44.245239],[-121.211672,44.245089],[-121.211984,44.244974],[-121.212296,44.244858],[-121.212122,44.244614],[-121.212069,44.244541],[-121.212017,44.244468],[-121.212254,44.24438],[-121.212081,44.244139],[-121.211935,44.244203],[-121.211704,44.243967],[-121.211541,44.243941],[-121.211394,44.243917],[-121.211312,44.24386],[-121.211113,44.243723],[-121.210806,44.243598],[-121.210633,44.243471],[-121.210526,44.243393],[-121.210482,44.243313],[-121.210036,44.243457],[-121.209767,44.243332],[-121.209395,44.243378]]],"crs":null}},{"type":"Feature","properties":{"sourceId":1786,"name":"Cascade View Estates","slug":"cascade-view-estates","platName":"CASCADE VIEW ESTATES PHASE 3","recorded":811728000000},"geometry":{"type":"Polygon","coordinates":[[[-121.207647,44.246384],[-121.206802,44.246389],[-121.206804,44.247396],[-121.208863,44.247389],[-121.208836,44.245851],[-121.207638,44.245853],[-121.207647,44.246384]]],"crs":null}},{"type":"Feature","properties":{"sourceId":1787,"name":"Juniper Vista","slug":"juniper-vista","platName":"JUNIPER VISTA","recorded":-607478400000},"geometry":{"type":"Polygon","coordinates":[[[-121.214478,44.247446],[-121.214464,44.245796],[-121.207623,44.245842],[-121.207637,44.246375],[-121.204304,44.246397],[-121.204294,44.247474],[-121.209409,44.24745],[-121.214478,44.247446]]],"crs":null}},{"type":"Feature","properties":{"sourceId":1789,"name":"Meadowbrook Estates","slug":"meadowbrook-estates","platName":"MEADOWBROOK ESTATES PHASE II","recorded":277948800000},"geometry":{"type":"Polygon","coordinates":[[[-121.204403,44.270424],[-121.201384,44.270433],[-121.200749,44.270416],[-121.199348,44.270379],[-121.199357,44.270933],[-121.200114,44.270952],[-121.200355,44.270955],[-121.200698,44.270968],[-121.201297,44.27098],[-121.204596,44.270973],[-121.207822,44.270965],[-121.208179,44.270965],[-121.208536,44.270964],[-121.208894,44.270963],[-121.20918,44.270962],[-121.209194,44.27096],[-121.209201,44.270958],[-121.209206,44.270957],[-121.209214,44.270954],[-121.209221,44.27095],[-121.209227,44.270947],[-121.20923,44.270944],[-121.209234,44.270941],[-121.209238,44.270936],[-121.209242,44.270932],[-121.209245,44.270927],[-121.209248,44.27092],[-121.209249,44.270914],[-121.20925,44.270907],[-121.20925,44.2709],[-121.209254,44.2704],[-121.209255,44.270157],[-121.209257,44.269907],[-121.209259,44.269668],[-121.209262,44.26934],[-121.208452,44.269342],[-121.208444,44.270377],[-121.206641,44.270382],[-121.206635,44.270282],[-121.204404,44.270287],[-121.204403,44.270424]]],"crs":null}},{"type":"Feature","properties":{"sourceId":1790,"name":"Sunscape","slug":"sunscape","platName":"SUNSCAPE","recorded":1165449600000},"geometry":{"type":"Polygon","coordinates":[[[-121.201067,44.278257],[-121.201085,44.276506],[-121.200895,44.276506],[-121.200888,44.277092],[-121.199544,44.277091],[-121.199561,44.277395],[-121.199929,44.278257],[-121.201067,44.278257]]],"crs":null}},{"type":"Feature","properties":{"sourceId":1791,"name":"Antler Point","slug":"antler-point","platName":"ANTLER POINT","recorded":1212969600000},"geometry":{"type":"Polygon","coordinates":[[[-121.201685,44.278257],[-121.201695,44.276889],[-121.201116,44.276889],[-121.201103,44.278257],[-121.201685,44.278257]]],"crs":null}},{"type":"Feature","properties":{"sourceId":1794,"name":"Windrow Acres","slug":"windrow-acres","platName":"WINDROW ACRES BLOCK 3 LOTS 2 & 3 REPLAT","recorded":227232000000},"geometry":{"type":"Polygon","coordinates":[[[-121.195439,44.247088],[-121.196237,44.246409],[-121.195816,44.246143],[-121.195209,44.24605],[-121.194804,44.246385],[-121.194693,44.246476],[-121.19459,44.246561],[-121.195439,44.247088]]],"crs":null}},{"type":"Feature","properties":{"sourceId":1811,"name":"South Moreland Acres","slug":"south-moreland-acres","platName":"SOUTH MORELAND ACRES","recorded":-965260800000},"geometry":{"type":"Polygon","coordinates":[[[-121.184203,44.269509],[-121.184998,44.269481],[-121.18579,44.269422],[-121.186316,44.26937],[-121.186582,44.26933],[-121.187611,44.269271],[-121.188339,44.269228],[-121.189263,44.269196],[-121.189177,44.265628],[-121.184091,44.265652],[-121.184147,44.269239],[-121.184202,44.269239],[-121.184203,44.269509]]],"crs":null}},{"type":"Feature","properties":{"sourceId":1812,"name":"Redmond Addition","slug":"redmond-addition","platName":"REDMOND 1ST ADDITION","recorded":null},"geometry":{"type":"Polygon","coordinates":[[[-121.189249,44.269214],[-121.189144,44.265645],[-121.189066,44.262064],[-121.184038,44.262082],[-121.18416,44.269236],[-121.189249,44.269214]]],"crs":null}},{"type":"Feature","properties":{"sourceId":1815,"name":"Windrow Acres","slug":"windrow-acres","platName":"WINDROW ACRES","recorded":-142732800000},"geometry":{"type":"Polygon","coordinates":[[[-121.191387,44.247539],[-121.191392,44.247559],[-121.191421,44.247681],[-121.191353,44.2479],[-121.19133,44.247977],[-121.191122,44.2481],[-121.190841,44.248268],[-121.190535,44.248462],[-121.190379,44.248537],[-121.19023,44.248598],[-121.189942,44.248671],[-121.189969,44.248697],[-121.190407,44.249115],[-121.190599,44.249298],[-121.190862,44.249379],[-121.190973,44.249413],[-121.191084,44.249447],[-121.192152,44.249774],[-121.192428,44.249563],[-121.192819,44.249265],[-121.193197,44.248976],[-121.193562,44.248697],[-121.193927,44.248419],[-121.194118,44.248251],[-121.194271,44.248118],[-121.19461,44.247821],[-121.194957,44.24752],[-121.195105,44.247394],[-121.195463,44.24709],[-121.19566,44.246922],[-121.195857,44.246754],[-121.196055,44.246586],[-121.196252,44.246418],[-121.196237,44.246409],[-121.196361,44.246304],[-121.196581,44.246117],[-121.196705,44.246012],[-121.196719,44.246021],[-121.196965,44.245811],[-121.197203,44.245609],[-121.197351,44.245483],[-121.197622,44.245252],[-121.197967,44.244958],[-121.198279,44.244693],[-121.198313,44.244664],[-121.198584,44.244434],[-121.198757,44.244286],[-121.198495,44.244109],[-121.19849,44.244105],[-121.198484,44.244101],[-121.198478,44.244098],[-121.198472,44.244094],[-121.198466,44.244091],[-121.19846,44.244088],[-121.198454,44.244085],[-121.198448,44.244082],[-121.198441,44.244079],[-121.198435,44.244076],[-121.198422,44.244071],[-121.198416,44.244068],[-121.198409,44.244066],[-121.198402,44.244064],[-121.198395,44.244061],[-121.198388,44.244059],[-121.198381,44.244057],[-121.198374,44.244055],[-121.198367,44.244053],[-121.198359,44.244052],[-121.198352,44.24405],[-121.198345,44.244049],[-121.198337,44.244047],[-121.19833,44.244046],[-121.198322,44.244045],[-121.198315,44.244044],[-121.198307,44.244043],[-121.1983,44.244042],[-121.198292,44.244042],[-121.198285,44.244041],[-121.198277,44.244041],[-121.198264,44.24404],[-121.198254,44.24404],[-121.198177,44.24404],[-121.19729,44.244037],[-121.197015,44.244035],[-121.196786,44.244034],[-121.196785,44.244227],[-121.196781,44.244741],[-121.19678,44.244801],[-121.196502,44.245172],[-121.196325,44.245409],[-121.196139,44.245656],[-121.195474,44.245633],[-121.19474,44.245608],[-121.194614,44.245603],[-121.19418,44.245586],[-121.193615,44.245564],[-121.193445,44.245558],[-121.19305,44.245542],[-121.192484,44.24552],[-121.19222,44.24551],[-121.191691,44.246188],[-121.191632,44.246282],[-121.191532,44.246441],[-121.191348,44.246732],[-121.191322,44.24698],[-121.191301,44.247174],[-121.191387,44.247539]]],"crs":null}},{"type":"Feature","properties":{"sourceId":1816,"name":"Redmond Retail Park","slug":"redmond-retail-park","platName":"REDMOND RETAIL PARK PHASE III","recorded":1172534400000},"geometry":{"type":"Polygon","coordinates":[[[-121.18903,44.250058],[-121.189029,44.248851],[-121.187818,44.249109],[-121.187178,44.248795],[-121.1864,44.249612],[-121.187738,44.250174],[-121.187815,44.250139],[-121.187901,44.25011],[-121.188036,44.25008],[-121.188127,44.250077],[-121.18903,44.250058]]],"crs":null}},{"type":"Feature","properties":{"sourceId":1817,"name":"Airport Business Center","slug":"airport-business-center","platName":"AIRPORT BUSINESS CENTER PHASE 1","recorded":877564800000},"geometry":{"type":"Polygon","coordinates":[[[-121.170989,44.251845],[-121.172362,44.251846],[-121.172363,44.251276],[-121.172363,44.251111],[-121.172364,44.250104],[-121.172364,44.249932],[-121.173064,44.249626],[-121.172301,44.24887],[-121.171367,44.249358],[-121.17126,44.249413],[-121.170854,44.249625],[-121.170191,44.249971],[-121.169586,44.250287],[-121.169401,44.250384],[-121.168601,44.250801],[-121.168971,44.25117],[-121.169342,44.25154],[-121.169842,44.252038],[-121.170742,44.251572],[-121.170989,44.251845]]],"crs":null}},{"type":"Feature","properties":{"sourceId":1818,"name":"Lone Juniper Estates","slug":"lone-juniper-estates","platName":"LONE JUNIPER ESTATES","recorded":92016000000},"geometry":{"type":"Polygon","coordinates":[[[-121.19269,44.247174],[-121.192698,44.247171],[-121.192708,44.247033],[-121.192744,44.246487],[-121.192271,44.246471],[-121.191987,44.246462],[-121.191942,44.24646],[-121.191937,44.246465],[-121.191932,44.246469],[-121.191927,44.246472],[-121.191921,44.246476],[-121.191915,44.24648],[-121.191909,44.246483],[-121.191903,44.246486],[-121.191896,44.246489],[-121.19189,44.246492],[-121.191883,44.246494],[-121.191876,44.246497],[-121.191869,44.246499],[-121.191862,44.246501],[-121.191855,44.246503],[-121.191848,44.246504],[-121.19184,44.246506],[-121.191833,44.246507],[-121.191825,44.246508],[-121.191818,44.246508],[-121.19181,44.246509],[-121.191802,44.246509],[-121.191795,44.246509],[-121.191787,44.246509],[-121.19178,44.246509],[-121.191772,44.246508],[-121.191764,44.246507],[-121.191757,44.246506],[-121.191749,44.246505],[-121.191742,44.246504],[-121.191735,44.246502],[-121.191728,44.2465],[-121.191721,44.246498],[-121.191714,44.246496],[-121.191707,44.246493],[-121.191698,44.24649],[-121.191692,44.246487],[-121.191686,44.246484],[-121.19168,44.246481],[-121.191674,44.246477],[-121.191668,44.246474],[-121.191662,44.24647],[-121.191657,44.246466],[-121.191652,44.246462],[-121.191647,44.246457],[-121.19164,44.24645],[-121.191551,44.246447],[-121.191368,44.246738],[-121.191341,44.246987],[-121.19132,44.24718],[-121.191407,44.247545],[-121.191411,44.247566],[-121.19144,44.247687],[-121.191373,44.247907],[-121.191349,44.247983],[-121.191142,44.248107],[-121.19086,44.248275],[-121.191022,44.248377],[-121.191324,44.248568],[-121.191637,44.248765],[-121.191876,44.24857],[-121.192114,44.248374],[-121.192365,44.248168],[-121.192717,44.24788],[-121.192893,44.247735],[-121.193133,44.247538],[-121.193194,44.247488],[-121.19269,44.247174]]],"crs":null}},{"type":"Feature","properties":{"sourceId":1819,"name":"Airport Industrial Park-West","slug":"airport-industrial-park-west","platName":"AIRPORT INDUSTRIAL PARK-WEST","recorded":793411200000},"geometry":{"type":"Polygon","coordinates":[[[-121.170338,44.258436],[-121.170327,44.258436],[-121.17004,44.258435],[-121.169563,44.258433],[-121.168991,44.258431],[-121.168994,44.258889],[-121.168997,44.259319],[-121.169023,44.260426],[-121.170148,44.260429],[-121.170249,44.260429],[-121.170758,44.26043],[-121.171282,44.260431],[-121.17142,44.260431],[-121.171425,44.26042],[-121.171434,44.260405],[-121.171448,44.260379],[-121.171463,44.260354],[-121.171479,44.260329],[-121.171495,44.260304],[-121.171511,44.26028],[-121.171529,44.260255],[-121.171547,44.260231],[-121.171559,44.260214],[-121.17157,44.2602],[-121.171586,44.260181],[-121.171597,44.260166],[-121.171609,44.260152],[-121.171621,44.260138],[-121.171637,44.26012],[-121.17165,44.260106],[-121.171663,44.260092],[-121.171675,44.260079],[-121.171693,44.260061],[-121.171706,44.260047],[-121.171724,44.26003],[-121.171738,44.260016],[-121.171752,44.260003],[-121.171766,44.25999],[-121.17178,44.259977],[-121.171799,44.25996],[-121.171814,44.259948],[-121.171834,44.259931],[-121.171849,44.259919],[-121.171869,44.259902],[-121.171885,44.25989],[-121.1719,44.259878],[-121.171922,44.259862],[-121.171938,44.259851],[-121.171954,44.259839],[-121.17197,44.259827],[-121.171992,44.259812],[-121.172009,44.259801],[-121.172026,44.25979],[-121.172043,44.259779],[-121.172311,44.259607],[-121.172179,44.2595],[-121.172087,44.259425],[-121.172058,44.259402],[-121.172059,44.259345],[-121.172077,44.258442],[-121.17143,44.25844],[-121.170338,44.258436]]],"crs":null}},{"type":"Feature","properties":{"sourceId":1820,"name":"Leeanne Acres","slug":"leeanne-acres","platName":"LEEANNE ACRES","recorded":1268092800000},"geometry":{"type":"Polygon","coordinates":[[[-121.196674,44.259632],[-121.196669,44.25925],[-121.195576,44.259262],[-121.19558,44.259643],[-121.196674,44.259632]]],"crs":null}},{"type":"Feature","properties":{"sourceId":1839,"name":"Ranch Way Acres","slug":"ranch-way-acres","platName":"RANCH WAY ACRES 1ST ADDITION","recorded":null},"geometry":{"type":"Polygon","coordinates":[[[-121.194257,44.261965],[-121.199424,44.261893],[-121.199364,44.258327],[-121.194213,44.258379],[-121.194257,44.261965]]],"crs":null}},{"type":"Feature","properties":{"sourceId":1856,"name":"Windhaven Park","slug":"windhaven-park","platName":"WINDHAVEN PARK PHASE 1","recorded":853113600000},"geometry":{"type":"Polygon","coordinates":[[[-121.168888,44.293406],[-121.168391,44.292053],[-121.168074,44.29108],[-121.166676,44.29108],[-121.16641,44.293577],[-121.167368,44.293584],[-121.167478,44.293482],[-121.167583,44.293407],[-121.168888,44.293406]]],"crs":null}},{"type":"Feature","properties":{"sourceId":1872,"name":"Redmond Townsite","slug":"redmond-townsite","platName":"REDMOND TOWNSITE","recorded":-2032905600000},"geometry":{"type":"Polygon","coordinates":[[[-121.179031,44.269259],[-121.173974,44.269279],[-121.171154,44.269281],[-121.169568,44.271653],[-121.169113,44.272484],[-121.168926,44.272484],[-121.168927,44.272654],[-121.168922,44.272904],[-121.168932,44.274206],[-121.168933,44.274324],[-121.168931,44.274934],[-121.168948,44.274956],[-121.168939,44.274977],[-121.168931,44.274998],[-121.168924,44.275019],[-121.168917,44.27504],[-121.168912,44.275056],[-121.168908,44.275067],[-121.168902,44.275089],[-121.168897,44.27511],[-121.168892,44.275132],[-121.168888,44.275153],[-121.168884,44.275175],[-121.168883,44.275186],[-121.168881,44.275202],[-121.168878,44.275224],[-121.168876,44.275246],[-121.168874,44.275267],[-121.168873,44.275289],[-121.168873,44.2753],[-121.168872,44.275317],[-121.168872,44.275338],[-121.168873,44.27536],[-121.168874,44.275382],[-121.168875,44.275404],[-121.168877,44.275426],[-121.168879,44.275447],[-121.168882,44.275471],[-121.1689,44.27561],[-121.168938,44.27653],[-121.179083,44.276512],[-121.179031,44.269259]]],"crs":null}},{"type":"Feature","properties":{"sourceId":1950,"name":"Harry Ranch Estates","slug":"harry-ranch-estates","platName":"HARRY RANCH ESTATES","recorded":1283385600000},"geometry":{"type":"Polygon","coordinates":[[[-121.239506,44.243929],[-121.234821,44.243942],[-121.229504,44.243943],[-121.229489,44.247467],[-121.234795,44.247459],[-121.239457,44.247446],[-121.239506,44.243929]]],"crs":null}},{"type":"Feature","properties":{"sourceId":1953,"name":"Metts Subdivision","slug":"metts-subdivision","platName":"METTS SUBDIVISION","recorded":-691545600000},"geometry":{"type":"Polygon","coordinates":[[[-121.204332,44.251093],[-121.199243,44.251116],[-121.199304,44.254727],[-121.204386,44.254699],[-121.204332,44.251093]]],"crs":null}},{"type":"Feature","properties":{"sourceId":1954,"name":"Century Estates","slug":"century-estates","platName":"CENTURY ESTATES","recorded":292809600000},"geometry":{"type":"Polygon","coordinates":[[[-121.201932,44.253051],[-121.201957,44.254551],[-121.201958,44.254556],[-121.201959,44.254561],[-121.201961,44.254565],[-121.201964,44.254571],[-121.201968,44.254577],[-121.201972,44.254581],[-121.201977,44.254585],[-121.201982,44.254588],[-121.201988,44.254592],[-121.201994,44.254595],[-121.202001,44.254598],[-121.202007,44.254599],[-121.202013,44.254601],[-121.202019,44.254602],[-121.202026,44.254602],[-121.202034,44.254603],[-121.202923,44.254598],[-121.202935,44.254597],[-121.202942,44.254596],[-121.202949,44.254594],[-121.202956,44.254591],[-121.202963,44.254589],[-121.202969,44.254585],[-121.202973,44.254583],[-121.202978,44.254579],[-121.202982,44.254576],[-121.202985,44.254572],[-121.202989,44.254567],[-121.202992,44.254562],[-121.202994,44.254559],[-121.202996,44.254553],[-121.202997,44.254546],[-121.202978,44.253264],[-121.202457,44.253262],[-121.202453,44.252988],[-121.202007,44.25299],[-121.202001,44.252991],[-121.201992,44.252992],[-121.201983,44.252994],[-121.201975,44.252996],[-121.201967,44.252999],[-121.201961,44.253003],[-121.201953,44.253008],[-121.201949,44.253011],[-121.201945,44.253016],[-121.201941,44.25302],[-121.201938,44.253026],[-121.201935,44.25303],[-121.201934,44.253036],[-121.201933,44.253042],[-121.201932,44.253051]]],"crs":null}},{"type":"Feature","properties":{"sourceId":1955,"name":"Ballpark View","slug":"ballpark-view","platName":"BALLPARK VIEW","recorded":1043971200000},"geometry":{"type":"Polygon","coordinates":[[[-121.204227,44.251716],[-121.204219,44.251176],[-121.203176,44.25118],[-121.203184,44.251721],[-121.204227,44.251716]]],"crs":null}},{"type":"Feature","properties":{"sourceId":1956,"name":"Umatilla Villa","slug":"umatilla-villa","platName":"UMATILLA VILLA","recorded":287193600000},"geometry":{"type":"Polygon","coordinates":[[[-121.196679,44.250225],[-121.196697,44.25113],[-121.199243,44.251116],[-121.199227,44.250213],[-121.196679,44.250225]]],"crs":null}},{"type":"Feature","properties":{"sourceId":1957,"name":"Volcano Subdivision","slug":"volcano-subdivision","platName":"VOLCANO SUBDIVISION","recorded":843004800000},"geometry":{"type":"Polygon","coordinates":[[[-121.196798,44.250217],[-121.199116,44.250201],[-121.199104,44.249389],[-121.196787,44.249404],[-121.196798,44.250217]]],"crs":null}},{"type":"Feature","properties":{"sourceId":1958,"name":"Hall","slug":"hall","platName":"HALL","recorded":287193600000},"geometry":{"type":"Polygon","coordinates":[[[-121.194263,44.251058],[-121.196581,44.251047],[-121.196569,44.250226],[-121.194254,44.250237],[-121.194263,44.251058]]],"crs":null}},{"type":"Feature","properties":{"sourceId":1959,"name":"Dana-Butler","slug":"dana-butler","platName":"DANA-BUTLER REPLAT BLOCK 1 LOT 2","recorded":315100800000},"geometry":{"type":"Polygon","coordinates":[[[-121.196558,44.249405],[-121.194246,44.249416],[-121.194254,44.250237],[-121.196569,44.250226],[-121.196558,44.249405]]],"crs":null}},{"type":"Feature","properties":{"sourceId":1960,"name":"Fieldstone","slug":"fieldstone","platName":"FIELDSTONE","recorded":964569600000},"geometry":{"type":"Polygon","coordinates":[[[-121.196545,44.248419],[-121.194902,44.248427],[-121.194909,44.249109],[-121.194242,44.249113],[-121.194244,44.249251],[-121.196556,44.24924],[-121.196545,44.248419]]],"crs":null}},{"type":"Feature","properties":{"sourceId":1961,"name":"Fieldstone South","slug":"fieldstone-south","platName":"FIELDSTONE SOUTH","recorded":1002585600000},"geometry":{"type":"Polygon","coordinates":[[[-121.195069,44.248426],[-121.196545,44.248419],[-121.196533,44.247598],[-121.195165,44.247602],[-121.194753,44.247955],[-121.195204,44.248008],[-121.195069,44.248426]]],"crs":null}},{"type":"Feature","properties":{"sourceId":1962,"name":"Summit Crest","slug":"summit-crest","platName":"SUMMIT CREST PHASE 1","recorded":1172534400000},"geometry":{"type":"MultiPolygon","coordinates":[[[[-121.225565,44.251408],[-121.226068,44.251411],[-121.226213,44.25136],[-121.227452,44.251356],[-121.227587,44.251233],[-121.227725,44.251072],[-121.227827,44.250929],[-121.227982,44.250692],[-121.228448,44.249963],[-121.228894,44.249274],[-121.22913,44.248907],[-121.229195,44.248785],[-121.229237,44.248678],[-121.229266,44.248586],[-121.22928,44.248475],[-121.229294,44.24763],[-121.2271,44.24761],[-121.226871,44.247608],[-121.226868,44.248118],[-121.226787,44.248122],[-121.226597,44.248147],[-121.226413,44.248188],[-121.226319,44.248203],[-121.226056,44.248229],[-121.225927,44.248242],[-121.226041,44.248397],[-121.226246,44.248377],[-121.226351,44.248366],[-121.226295,44.248647],[-121.226274,44.248768],[-121.22626,44.248909],[-121.226234,44.249176],[-121.226021,44.249169],[-121.225727,44.249186],[-121.225554,44.249196],[-121.225592,44.249359],[-121.225956,44.249337],[-121.225658,44.24975],[-121.225533,44.249701],[-121.225524,44.249751],[-121.225418,44.250029],[-121.225343,44.250225],[-121.225297,44.250346],[-121.225266,44.250616],[-121.225485,44.250616],[-121.22549,44.2509],[-121.225167,44.250917],[-121.225266,44.251074],[-121.225538,44.251063],[-121.225565,44.251408]]],[[[-121.221365,44.2485],[-121.220097,44.248484],[-121.219639,44.248769],[-121.219716,44.248896],[-121.219741,44.249041],[-121.2197,44.249216],[-121.219682,44.249287],[-121.220203,44.24928],[-121.220966,44.249018],[-121.22139,44.248982],[-121.221365,44.2485]]]],"crs":null}},{"type":"Feature","properties":{"sourceId":1993,"name":"Maplewood","slug":"maplewood","platName":"MAPLEWOOD PHASE 3","recorded":1108512000000},"geometry":{"type":"Polygon","coordinates":[[[-121.183384,44.301732],[-121.183384,44.300248],[-121.182981,44.300245],[-121.18273,44.300347],[-121.18242,44.300345],[-121.181882,44.30034],[-121.181578,44.300368],[-121.181428,44.300362],[-121.181412,44.301236],[-121.181606,44.301233],[-121.181598,44.301735],[-121.183384,44.301732]]],"crs":null}},{"type":"Feature","properties":{"sourceId":1994,"name":"Maplewood","slug":"maplewood","platName":"MAPLEWOOD PHASE 2","recorded":1052179200000},"geometry":{"type":"Polygon","coordinates":[[[-121.183384,44.300248],[-121.183381,44.300024],[-121.18382,44.300036],[-121.183816,44.299869],[-121.183536,44.299862],[-121.183536,44.299563],[-121.183419,44.299569],[-121.183418,44.298908],[-121.183435,44.298839],[-121.183471,44.298692],[-121.183471,44.298293],[-121.181465,44.298304],[-121.181415,44.300381],[-121.181859,44.300342],[-121.18274,44.300342],[-121.182971,44.300245],[-121.183384,44.300248]]],"crs":null}},{"type":"Feature","properties":{"sourceId":1995,"name":"Canyon Point East","slug":"canyon-point-east","platName":"CANYON POINT EAST PHASE 1","recorded":920419200000},"geometry":{"type":"Polygon","coordinates":[[[-121.178887,44.301818],[-121.183803,44.301814],[-121.183828,44.300045],[-121.183858,44.298322],[-121.183856,44.298312],[-121.183853,44.298305],[-121.183841,44.298297],[-121.18383,44.298293],[-121.183816,44.298292],[-121.181469,44.298296],[-121.181412,44.301236],[-121.181608,44.301243],[-121.1816,44.301739],[-121.178891,44.301737],[-121.178887,44.301818]]],"crs":null}},{"type":"Feature","properties":{"sourceId":1996,"name":"Bella Sera","slug":"bella-sera","platName":"BELLA SERA","recorded":1073433600000},"geometry":{"type":"Polygon","coordinates":[[[-121.178963,44.302829],[-121.180945,44.302828],[-121.180961,44.301909],[-121.180975,44.301746],[-121.181581,44.301747],[-121.181575,44.301249],[-121.178876,44.301247],[-121.178865,44.301741],[-121.178995,44.301745],[-121.178979,44.30191],[-121.178963,44.302829]]],"crs":null}},{"type":"Feature","properties":{"sourceId":1997,"name":"Oak Hills","slug":"oak-hills","platName":"OAK HILLS","recorded":1115164800000},"geometry":{"type":"Polygon","coordinates":[[[-121.181421,44.30063],[-121.181422,44.300019],[-121.17905,44.300018],[-121.179047,44.300632],[-121.181421,44.30063]]],"crs":null}},{"type":"Feature","properties":{"sourceId":1998,"name":"Bella Vista","slug":"bella-vista","platName":"BELLA VISTA","recorded":1101254400000},"geometry":{"type":"Polygon","coordinates":[[[-121.181407,44.300005],[-121.181422,44.299105],[-121.179045,44.299109],[-121.179022,44.300008],[-121.181407,44.300005]]],"crs":null}},{"type":"Feature","properties":{"sourceId":1999,"name":"East Rim","slug":"east-rim","platName":"EAST RIM","recorded":-19440000000},"geometry":{"type":"Polygon","coordinates":[[[-121.179076,44.290988],[-121.179013,44.294603],[-121.17914,44.294603],[-121.179687,44.294602],[-121.18015,44.294601],[-121.180658,44.294597],[-121.180954,44.294599],[-121.181155,44.294599],[-121.181428,44.2946],[-121.181652,44.294598],[-121.181558,44.294549],[-121.181428,44.294511],[-121.181332,44.294466],[-121.181226,44.294416],[-121.181195,44.294379],[-121.180893,44.294254],[-121.180681,44.294084],[-121.180613,44.293991],[-121.180508,44.293905],[-121.180385,44.293826],[-121.180334,44.293787],[-121.1803,44.293751],[-121.180261,44.293631],[-121.180185,44.293537],[-121.180168,44.293517],[-121.180147,44.293497],[-121.180108,44.293469],[-121.180068,44.293443],[-121.180008,44.293398],[-121.179979,44.293362],[-121.179952,44.293332],[-121.17993,44.293296],[-121.179922,44.293269],[-121.179916,44.293251],[-121.179902,44.293222],[-121.179894,44.293196],[-121.17988,44.293163],[-121.17988,44.293126],[-121.179876,44.293106],[-121.179868,44.293084],[-121.179866,44.293054],[-121.179856,44.29302],[-121.179854,44.29299],[-121.179851,44.292943],[-121.179848,44.292913],[-121.179845,44.292887],[-121.17984,44.292854],[-121.179842,44.292794],[-121.179839,44.292751],[-121.179832,44.292718],[-121.179831,44.292702],[-121.179837,44.292677],[-121.179836,44.292653],[-121.179843,44.292599],[-121.179855,44.292516],[-121.179865,44.292442],[-121.179874,44.292384],[-121.179882,44.292338],[-121.179896,44.292297],[-121.179908,44.292242],[-121.179912,44.292208],[-121.179915,44.292176],[-121.179891,44.29211],[-121.179905,44.292079],[-121.179912,44.29204],[-121.179919,44.292002],[-121.17993,44.29197],[-121.179941,44.291937],[-121.179957,44.29189],[-121.179975,44.29185],[-121.180002,44.291761],[-121.18004,44.291687],[-121.18007,44.291614],[-121.180087,44.291551],[-121.180092,44.291516],[-121.180098,44.291477],[-121.180104,44.291441],[-121.180106,44.29141],[-121.180111,44.291374],[-121.180103,44.291335],[-121.180101,44.291327],[-121.180099,44.291303],[-121.180092,44.291281],[-121.180093,44.291249],[-121.180084,44.291202],[-121.180082,44.291182],[-121.180083,44.291097],[-121.180106,44.291064],[-121.180184,44.290985],[-121.179076,44.290988]]],"crs":null}},{"type":"Feature","properties":{"sourceId":2000,"name":"Rimrock Estates","slug":"rimrock-estates","platName":"RIMROCK ESTATES","recorded":1075161600000},"geometry":{"type":"Polygon","coordinates":[[[-121.184103,44.290975],[-121.182737,44.290979],[-121.182668,44.291245],[-121.18265,44.291339],[-121.182647,44.291415],[-121.182648,44.291526],[-121.182653,44.291604],[-121.182661,44.291716],[-121.182686,44.292056],[-121.182696,44.292197],[-121.18276,44.292322],[-121.182886,44.292564],[-121.183027,44.292642],[-121.183216,44.292712],[-121.183444,44.292796],[-121.183559,44.292812],[-121.183716,44.292833],[-121.183944,44.292864],[-121.18407,44.292848],[-121.184103,44.290975]]],"crs":null}},{"type":"Feature","properties":{"sourceId":2005,"name":"Ni-Lah-Sha","slug":"ni-lah-sha","platName":"NI-LAH-SHA PHASES 2 AND 3","recorded":940550400000},"geometry":{"type":"Polygon","coordinates":[[[-121.16388,44.294642],[-121.158836,44.294649],[-121.158777,44.298269],[-121.163816,44.298232],[-121.16388,44.294642]]],"crs":null}},{"type":"Feature","properties":{"sourceId":2006,"name":"Kenyons Acreage","slug":"kenyons-acreage","platName":"KENYONS ACREAGE VACATION PLAT","recorded":-1840406400000},"geometry":{"type":"Polygon","coordinates":[[[-121.179062,44.280115],[-121.174262,44.280144],[-121.174265,44.283766],[-121.179069,44.28374],[-121.179062,44.280115]]],"crs":null}},{"type":"Feature","properties":{"sourceId":2007,"name":"Kenyons Acreage","slug":"kenyons-acreage","platName":"KENYONS ACREAGE","recorded":-1861747200000},"geometry":{"type":"Polygon","coordinates":[[[-121.179062,44.280115],[-121.174262,44.280144],[-121.174265,44.283766],[-121.179069,44.28374],[-121.179062,44.280115]]],"crs":null}},{"type":"Feature","properties":{"sourceId":2008,"name":"Collins Addition","slug":"collins-addition","platName":"COLLINS ADDITION (THE)","recorded":-1840406400000},"geometry":{"type":"Polygon","coordinates":[[[-121.174242,44.283751],[-121.17908,44.28374],[-121.179081,44.28112],[-121.177533,44.281127],[-121.177546,44.280133],[-121.174262,44.280144],[-121.174242,44.283751]]],"crs":null}},{"type":"Feature","properties":{"sourceId":2009,"name":"Collins Addition","slug":"collins-addition","platName":"COLLINS ADDITION VACATION PLAT","recorded":-1735776000000},"geometry":{"type":"MultiPolygon","coordinates":[[[[-121.174468,44.283762],[-121.17908,44.28374],[-121.179081,44.28112],[-121.175992,44.281127],[-121.175993,44.282114],[-121.174466,44.282117],[-121.174468,44.283762]]],[[[-121.17553,44.280183],[-121.175534,44.280993],[-121.177445,44.280989],[-121.17744,44.280177],[-121.17553,44.280183]]]],"crs":null}},{"type":"Feature","properties":{"sourceId":2010,"name":"Roberts Addition","slug":"roberts-addition","platName":"ROBERTS ADDITION","recorded":-626140800000},"geometry":{"type":"Polygon","coordinates":[[[-121.175536,44.282937],[-121.175535,44.282115],[-121.175306,44.282115],[-121.175307,44.28375],[-121.17908,44.28374],[-121.179081,44.28112],[-121.176374,44.281126],[-121.176375,44.281948],[-121.175993,44.281949],[-121.175993,44.282114],[-121.176375,44.282113],[-121.176374,44.282935],[-121.175536,44.282937]]],"crs":null}},{"type":"Feature","properties":{"sourceId":2011,"name":"Fair Acres Addition","slug":"fair-acres-addition","platName":"FAIR ACRES ADDITION","recorded":-1830038400000},"geometry":{"type":"Polygon","coordinates":[[[-121.174188,44.280139],[-121.169001,44.280148],[-121.168942,44.283767],[-121.174218,44.283771],[-121.174188,44.280139]]],"crs":null}},{"type":"Feature","properties":{"sourceId":2012,"name":"Red-Bar Estates","slug":"red-bar-estates","platName":"RED-BAR ESTATES PHASE 2","recorded":909360000000},"geometry":{"type":"Polygon","coordinates":[[[-121.160591,44.292711],[-121.160576,44.29349],[-121.160825,44.29349],[-121.160808,44.294636],[-121.162586,44.294632],[-121.162613,44.2928],[-121.16221,44.292802],[-121.161983,44.292706],[-121.160591,44.292711]]],"crs":null}},{"type":"Feature","properties":{"sourceId":2013,"name":"Red-Bar Estates","slug":"red-bar-estates","platName":"RED-BAR ESTATES PHASE 3","recorded":959731200000},"geometry":{"type":"Polygon","coordinates":[[[-121.158839,44.293494],[-121.160576,44.29349],[-121.160618,44.291106],[-121.158873,44.291116],[-121.158839,44.293494]]],"crs":null}},{"type":"Feature","properties":{"sourceId":2014,"name":"Red-Bar Estates","slug":"red-bar-estates","platName":"RED-BAR ESTATES PHASE 1","recorded":863049600000},"geometry":{"type":"Polygon","coordinates":[[[-121.162613,44.2928],[-121.162641,44.291097],[-121.160613,44.291109],[-121.160591,44.292711],[-121.161983,44.292706],[-121.16221,44.292802],[-121.162613,44.2928]]],"crs":null}},{"type":"Feature","properties":{"sourceId":2015,"name":"Pine Tree Meadows","slug":"pine-tree-meadows","platName":"PINE TREE MEADOWS PHASE 1","recorded":1077494400000},"geometry":{"type":"Polygon","coordinates":[[[-121.178725,44.304555],[-121.178772,44.301819],[-121.175325,44.301836],[-121.17528,44.304572],[-121.178725,44.304555]]],"crs":null}},{"type":"Feature","properties":{"sourceId":2016,"name":"Pine Tree Meadows","slug":"pine-tree-meadows","platName":"PINE TREE MEADOWS PHASE 2","recorded":1092355200000},"geometry":{"type":"Polygon","coordinates":[[[-121.177654,44.301904],[-121.175325,44.301913],[-121.17528,44.304572],[-121.177705,44.30456],[-121.177698,44.303714],[-121.177569,44.30355],[-121.177567,44.30325],[-121.177697,44.303249],[-121.177693,44.302675],[-121.177562,44.302676],[-121.17756,44.302376],[-121.177656,44.302211],[-121.177654,44.301904]]],"crs":null}},{"type":"Feature","properties":{"sourceId":2017,"name":"Hayden Acres","slug":"hayden-acres","platName":"HAYDEN ACRES PHASE 5","recorded":1097020800000},"geometry":{"type":"Polygon","coordinates":[[[-121.178757,44.301736],[-121.178767,44.301478],[-121.176292,44.301477],[-121.176072,44.301432],[-121.17575,44.301431],[-121.17575,44.301747],[-121.1763,44.301743],[-121.178757,44.301736]]],"crs":null}},{"type":"Feature","properties":{"sourceId":2018,"name":"Canyon Point Estates","slug":"canyon-point-estates","platName":"CANYON POINT ESTATES PHASE 6","recorded":1027555200000},"geometry":{"type":"Polygon","coordinates":[[[-121.187302,44.301866],[-121.187287,44.30187],[-121.187273,44.301873],[-121.187251,44.301877],[-121.187236,44.301879],[-121.187221,44.301882],[-121.187206,44.301884],[-121.187183,44.301887],[-121.187168,44.301888],[-121.187153,44.30189],[-121.18713,44.301892],[-121.187115,44.301893],[-121.1871,44.301894],[-121.187077,44.301895],[-121.187062,44.301895],[-121.187041,44.301895],[-121.186987,44.301895],[-121.186988,44.302118],[-121.186988,44.302141],[-121.186989,44.302323],[-121.186989,44.302363],[-121.18699,44.302528],[-121.18699,44.302569],[-121.186991,44.302734],[-121.186991,44.302868],[-121.186991,44.302897],[-121.187096,44.303103],[-121.187142,44.303267],[-121.187248,44.303473],[-121.187346,44.303667],[-121.187444,44.303862],[-121.187542,44.304056],[-121.187914,44.303958],[-121.188021,44.30393],[-121.188128,44.303901],[-121.188079,44.303809],[-121.188557,44.303683],[-121.188451,44.303477],[-121.188345,44.303271],[-121.188239,44.303065],[-121.188152,44.302897],[-121.188108,44.302811],[-121.188117,44.302717],[-121.188138,44.302498],[-121.188157,44.302291],[-121.188155,44.302278],[-121.188114,44.302059],[-121.188073,44.301839],[-121.187587,44.30184],[-121.187368,44.301887],[-121.187353,44.301868],[-121.187339,44.301863],[-121.187302,44.301866]]],"crs":null}},{"type":"Feature","properties":{"sourceId":2019,"name":"Vista Meadows","slug":"vista-meadows","platName":"VISTA MEADOWS PHASE 3","recorded":1180569600000},"geometry":{"type":"Polygon","coordinates":[[[-121.188895,44.305475],[-121.188911,44.304371],[-121.188557,44.303683],[-121.188076,44.303803],[-121.188128,44.303901],[-121.187543,44.304056],[-121.187535,44.304041],[-121.186946,44.304197],[-121.186985,44.304283],[-121.187008,44.304363],[-121.187019,44.304452],[-121.186559,44.304452],[-121.186556,44.305],[-121.186848,44.305],[-121.186844,44.305473],[-121.188895,44.305475]]],"crs":null}},{"type":"Feature","properties":{"sourceId":2020,"name":"Vista Meadows","slug":"vista-meadows","platName":"VISTA MEADOWS PHASE 2","recorded":1128643200000},"geometry":{"type":"Polygon","coordinates":[[[-121.187535,44.304041],[-121.187248,44.303473],[-121.186875,44.303571],[-121.186933,44.303685],[-121.186379,44.303832],[-121.186064,44.303832],[-121.185778,44.303818],[-121.185491,44.303804],[-121.185205,44.303791],[-121.184918,44.303806],[-121.184632,44.30382],[-121.184346,44.303835],[-121.18404,44.303836],[-121.183512,44.303837],[-121.182715,44.303831],[-121.182701,44.304733],[-121.183009,44.304734],[-121.183505,44.304639],[-121.183805,44.304639],[-121.184034,44.304532],[-121.184417,44.304531],[-121.184417,44.304639],[-121.184684,44.304633],[-121.184919,44.304622],[-121.18522,44.304615],[-121.185554,44.304627],[-121.186002,44.304651],[-121.186291,44.304659],[-121.186558,44.304648],[-121.186559,44.304452],[-121.187019,44.304452],[-121.187012,44.304385],[-121.186989,44.304293],[-121.186946,44.304197],[-121.187535,44.304041]]],"crs":null}},{"type":"Feature","properties":{"sourceId":2021,"name":"Canyon Point Estates","slug":"canyon-point-estates","platName":"CANYON POINT ESTATES PHASE 4","recorded":938044800000},"geometry":{"type":"Polygon","coordinates":[[[-121.186629,44.301896],[-121.186324,44.301896],[-121.186057,44.301896],[-121.185771,44.301896],[-121.185485,44.301896],[-121.185199,44.301896],[-121.184913,44.301896],[-121.184626,44.301896],[-121.18434,44.301896],[-121.184073,44.301896],[-121.184066,44.301897],[-121.184058,44.301898],[-121.183765,44.301896],[-121.183506,44.301898],[-121.183508,44.302221],[-121.183511,44.302543],[-121.183512,44.302626],[-121.183512,44.302708],[-121.18351,44.30303],[-121.183809,44.30303],[-121.184038,44.303029],[-121.184343,44.303029],[-121.18463,44.303014],[-121.184916,44.302999],[-121.185202,44.302984],[-121.185488,44.302998],[-121.185775,44.303012],[-121.186061,44.303025],[-121.186379,44.303025],[-121.186605,44.302999],[-121.18699,44.302897],[-121.18699,44.302868],[-121.186989,44.302733],[-121.186989,44.302568],[-121.186989,44.302528],[-121.186988,44.302363],[-121.186988,44.302323],[-121.186987,44.302142],[-121.186987,44.302118],[-121.186986,44.301895],[-121.186629,44.301896]]],"crs":null}},{"type":"Feature","properties":{"sourceId":2022,"name":"Canyon Point Estates","slug":"canyon-point-estates","platName":"CANYON POINT ESTATES PHASE 3","recorded":897955200000},"geometry":{"type":"Polygon","coordinates":[[[-121.185395,44.301822],[-121.187292,44.301817],[-121.188036,44.301812],[-121.18763,44.301174],[-121.187439,44.300996],[-121.187255,44.300864],[-121.186896,44.300614],[-121.186781,44.300388],[-121.186641,44.300241],[-121.186318,44.299899],[-121.186092,44.299683],[-121.185748,44.299844],[-121.185855,44.299968],[-121.185659,44.300054],[-121.18531,44.300206],[-121.185608,44.300558],[-121.185687,44.301224],[-121.185688,44.301429],[-121.185401,44.30143],[-121.185395,44.301822]]],"crs":null}},{"type":"Feature","properties":{"sourceId":2023,"name":"Canyon Point Estates","slug":"canyon-point-estates","platName":"CANYON POINT ESTATES PHASE 1","recorded":842400000000},"geometry":{"type":"Polygon","coordinates":[[[-121.183993,44.298306],[-121.183957,44.300073],[-121.18406,44.30007],[-121.184078,44.300035],[-121.184494,44.300033],[-121.184796,44.300035],[-121.184843,44.300036],[-121.184872,44.300052],[-121.185176,44.299995],[-121.185355,44.300206],[-121.185704,44.300053],[-121.1859,44.299968],[-121.185793,44.299844],[-121.186146,44.29969],[-121.185972,44.299546],[-121.185962,44.299509],[-121.185929,44.299385],[-121.185872,44.299295],[-121.185542,44.298779],[-121.185721,44.298207],[-121.18529,44.298208],[-121.185278,44.2983],[-121.184982,44.29829],[-121.184527,44.298291],[-121.184141,44.298292],[-121.183993,44.298306]]],"crs":null}},{"type":"Feature","properties":{"sourceId":2024,"name":"Canyon Point Estates","slug":"canyon-point-estates","platName":"CANYON POINT ESTATES PHASE 2","recorded":872812800000},"geometry":{"type":"Polygon","coordinates":[[[-121.185342,44.300212],[-121.185156,44.299992],[-121.185112,44.300004],[-121.185086,44.300028],[-121.184859,44.300058],[-121.184838,44.300043],[-121.184782,44.300036],[-121.18448,44.300033],[-121.184099,44.30003],[-121.184093,44.300036],[-121.184085,44.300038],[-121.184079,44.30004],[-121.184073,44.300044],[-121.184068,44.300048],[-121.184065,44.300053],[-121.184062,44.300063],[-121.184062,44.300071],[-121.183947,44.30007],[-121.183919,44.30182],[-121.185434,44.301819],[-121.185434,44.301737],[-121.185434,44.301435],[-121.185719,44.301429],[-121.18572,44.301251],[-121.185719,44.301229],[-121.185695,44.301021],[-121.185668,44.300792],[-121.18564,44.300563],[-121.185491,44.300388],[-121.185342,44.300212]]],"crs":null}},{"type":"Feature","properties":{"sourceId":2026,"name":"Heritage Ranch","slug":"heritage-ranch","platName":"HERITAGE RANCH","recorded":1193875200000},"geometry":{"type":"Polygon","coordinates":[[[-121.178858,44.298216],[-121.178874,44.297316],[-121.17644,44.29732],[-121.176428,44.298222],[-121.178858,44.298216]]],"crs":null}},{"type":"Feature","properties":{"sourceId":2027,"name":"Justin Glen","slug":"justin-glen","platName":"JUSTIN GLEN PHASE II","recorded":859766400000},"geometry":{"type":"Polygon","coordinates":[[[-121.179001,44.296057],[-121.179012,44.295373],[-121.176431,44.295373],[-121.176202,44.295335],[-121.175752,44.295335],[-121.175744,44.296048],[-121.179001,44.296057]]],"crs":null}},{"type":"Feature","properties":{"sourceId":2028,"name":"Justin Glen","slug":"justin-glen","platName":"JUSTIN GLEN PHASE I","recorded":836179200000},"geometry":{"type":"Polygon","coordinates":[[[-121.176443,44.295356],[-121.178996,44.295357],[-121.179013,44.294603],[-121.17575,44.294608],[-121.175743,44.295321],[-121.176193,44.295321],[-121.176443,44.295356]]],"crs":null}},{"type":"Feature","properties":{"sourceId":2029,"name":"Justin Glen","slug":"justin-glen","platName":"JUSTIN GLEN PHASE III","recorded":875750400000},"geometry":{"type":"Polygon","coordinates":[[[-121.178893,44.297297],[-121.178986,44.297298],[-121.179009,44.296023],[-121.1789,44.296022],[-121.178779,44.29602],[-121.17858,44.29602],[-121.178312,44.29602],[-121.178274,44.29602],[-121.178045,44.29602],[-121.177968,44.29602],[-121.177777,44.29602],[-121.177662,44.29602],[-121.177509,44.29602],[-121.177356,44.29602],[-121.177242,44.29602],[-121.177051,44.29602],[-121.176974,44.29602],[-121.176745,44.29602],[-121.176706,44.29602],[-121.176439,44.296019],[-121.176209,44.296016],[-121.175751,44.296016],[-121.175749,44.296194],[-121.175749,44.296219],[-121.175747,44.296373],[-121.175745,44.296551],[-121.175743,44.29673],[-121.175743,44.296759],[-121.175741,44.296922],[-121.175739,44.297114],[-121.175737,44.297302],[-121.176343,44.297301],[-121.176458,44.297301],[-121.178893,44.297297]]],"crs":null}},{"type":"Feature","properties":{"sourceId":2030,"name":"Weckerle Heights","slug":"weckerle-heights","platName":"WECKERLE HEIGHTS","recorded":887155200000},"geometry":{"type":"Polygon","coordinates":[[[-121.177627,44.290992],[-121.177631,44.292401],[-121.179057,44.292403],[-121.179076,44.290988],[-121.177627,44.290992]]],"crs":null}},{"type":"Feature","properties":{"sourceId":2031,"name":"The Meadows","slug":"the-meadows","platName":"MEADOWS (THE) PHASE 2","recorded":887760000000},"geometry":{"type":"Polygon","coordinates":[[[-121.178889,44.293677],[-121.178893,44.293435],[-121.178911,44.292378],[-121.175345,44.292378],[-121.175331,44.293683],[-121.178889,44.293677]]],"crs":null}},{"type":"Feature","properties":{"sourceId":2032,"name":"Sterling Pointe","slug":"sterling-pointe","platName":"STERLING POINTE PHASE 1","recorded":1047513600000},"geometry":{"type":"Polygon","coordinates":[[[-121.194015,44.300705],[-121.194037,44.29929],[-121.193025,44.299288],[-121.19302,44.299595],[-121.192891,44.299759],[-121.192881,44.30041],[-121.193015,44.300575],[-121.19301,44.300891],[-121.191814,44.300888],[-121.191411,44.300854],[-121.191539,44.301192],[-121.191305,44.301193],[-121.190824,44.301273],[-121.190879,44.301427],[-121.190893,44.30168],[-121.190771,44.30181],[-121.193998,44.301817],[-121.194015,44.300705]]],"crs":null}},{"type":"Feature","properties":{"sourceId":2033,"name":"West Canyon Estates","slug":"west-canyon-estates","platName":"WEST CANYON ESTATES PHASE 3","recorded":1049241600000},"geometry":{"type":"Polygon","coordinates":[[[-121.192912,44.296193],[-121.192839,44.296049],[-121.192809,44.296055],[-121.192802,44.296057],[-121.192794,44.296058],[-121.192787,44.29606],[-121.192779,44.296061],[-121.192772,44.296062],[-121.192765,44.296064],[-121.192757,44.296065],[-121.19275,44.296066],[-121.192742,44.296068],[-121.192735,44.296069],[-121.192727,44.29607],[-121.19272,44.296071],[-121.192712,44.296072],[-121.192705,44.296073],[-121.192697,44.296074],[-121.19269,44.296076],[-121.192682,44.296076],[-121.192675,44.296077],[-121.192667,44.296078],[-121.19266,44.296079],[-121.192652,44.29608],[-121.192645,44.296081],[-121.192637,44.296082],[-121.19263,44.296083],[-121.192622,44.296083],[-121.192615,44.296084],[-121.192607,44.296085],[-121.192599,44.296085],[-121.192588,44.296086],[-121.19258,44.296087],[-121.192572,44.296087],[-121.192565,44.296088],[-121.192557,44.296088],[-121.19255,44.296089],[-121.192542,44.296089],[-121.192534,44.296089],[-121.192527,44.29609],[-121.192519,44.29609],[-121.192511,44.29609],[-121.192504,44.29609],[-121.192496,44.296091],[-121.192489,44.296091],[-121.192481,44.296091],[-121.192473,44.296091],[-121.192466,44.296091],[-121.192458,44.296091],[-121.192286,44.296091],[-121.191973,44.296091],[-121.19166,44.296091],[-121.191346,44.296091],[-121.191033,44.296091],[-121.19072,44.296091],[-121.19072,44.296394],[-121.191033,44.296394],[-121.191346,44.296395],[-121.191659,44.296395],[-121.191973,44.296395],[-121.192286,44.296395],[-121.192599,44.296396],[-121.192777,44.296396],[-121.192912,44.296396],[-121.192912,44.296236],[-121.192912,44.296193]]],"crs":null}},{"type":"Feature","properties":{"sourceId":2034,"name":"West Canyon Estates","slug":"west-canyon-estates","platName":"WEST CANYON ESTATES PHASE 4","recorded":1052956800000},"geometry":{"type":"Polygon","coordinates":[[[-121.194102,44.294695],[-121.193436,44.294695],[-121.193441,44.294891],[-121.192959,44.294891],[-121.192854,44.294959],[-121.192753,44.295023],[-121.192422,44.295023],[-121.192236,44.295023],[-121.192278,44.295076],[-121.192531,44.29539],[-121.192613,44.295493],[-121.192656,44.295577],[-121.192811,44.295882],[-121.192888,44.296037],[-121.192839,44.296049],[-121.192912,44.296193],[-121.192912,44.296396],[-121.193378,44.296396],[-121.193493,44.296397],[-121.193608,44.296397],[-121.194074,44.296397],[-121.194089,44.295491],[-121.194097,44.295038],[-121.194102,44.294695]]],"crs":null}},{"type":"Feature","properties":{"sourceId":2035,"name":"West Canyon Estates","slug":"west-canyon-estates","platName":"WEST CANYON ESTATES PHASE 2","recorded":1002067200000},"geometry":{"type":"Polygon","coordinates":[[[-121.192236,44.295023],[-121.192422,44.295023],[-121.192751,44.295018],[-121.192848,44.294959],[-121.192959,44.294891],[-121.193441,44.294891],[-121.19343,44.294577],[-121.192951,44.294583],[-121.191473,44.294578],[-121.190412,44.294584],[-121.190414,44.294694],[-121.190414,44.295024],[-121.190269,44.295023],[-121.190257,44.295118],[-121.190242,44.295249],[-121.190241,44.295475],[-121.190241,44.295701],[-121.190241,44.295724],[-121.190241,44.295926],[-121.190404,44.29609],[-121.190403,44.296393],[-121.19072,44.296394],[-121.19072,44.296091],[-121.191029,44.29609],[-121.191342,44.29609],[-121.191655,44.29609],[-121.191968,44.29609],[-121.192281,44.29609],[-121.192452,44.29609],[-121.19246,44.29609],[-121.192468,44.29609],[-121.192475,44.29609],[-121.192483,44.29609],[-121.19249,44.29609],[-121.192498,44.29609],[-121.192506,44.29609],[-121.192513,44.296089],[-121.192521,44.296089],[-121.192529,44.296089],[-121.192536,44.296088],[-121.192544,44.296088],[-121.192551,44.296088],[-121.192559,44.296087],[-121.192567,44.296087],[-121.192574,44.296086],[-121.192582,44.296086],[-121.192593,44.296085],[-121.192601,44.296084],[-121.192609,44.296083],[-121.192616,44.296083],[-121.192624,44.296082],[-121.192631,44.296081],[-121.192639,44.29608],[-121.192646,44.29608],[-121.192654,44.296079],[-121.192661,44.296078],[-121.192669,44.296077],[-121.192676,44.296076],[-121.192684,44.296075],[-121.192691,44.296074],[-121.192699,44.296073],[-121.192706,44.296072],[-121.192714,44.296071],[-121.192721,44.296069],[-121.192729,44.296068],[-121.192736,44.296067],[-121.192744,44.296066],[-121.192751,44.296065],[-121.192758,44.296063],[-121.192766,44.296062],[-121.192773,44.296061],[-121.192781,44.296059],[-121.192788,44.296058],[-121.192795,44.296056],[-121.192803,44.296055],[-121.19281,44.296053],[-121.192817,44.296052],[-121.192825,44.29605],[-121.192833,44.296048],[-121.192888,44.296037],[-121.192805,44.295881],[-121.19265,44.295577],[-121.192608,44.295493],[-121.192525,44.29539],[-121.192273,44.295076],[-121.192236,44.295023]]],"crs":null}},{"type":"Feature","properties":{"sourceId":2036,"name":"West Canyon Estates","slug":"west-canyon-estates","platName":"WEST CANYON ESTATES PHASE 1","recorded":959817600000},"geometry":{"type":"Polygon","coordinates":[[[-121.190402,44.294589],[-121.189057,44.294583],[-121.18902,44.296394],[-121.190394,44.296396],[-121.190394,44.2961],[-121.190232,44.295929],[-121.190232,44.295251],[-121.190259,44.295025],[-121.190404,44.295025],[-121.190404,44.294695],[-121.190402,44.294589]]],"crs":null}},{"type":"Feature","properties":{"sourceId":2037,"name":"Windsong","slug":"windsong","platName":"WINDSONG","recorded":1021939200000},"geometry":{"type":"Polygon","coordinates":[[[-121.19149,44.294584],[-121.191882,44.293513],[-121.191865,44.293385],[-121.189088,44.293385],[-121.189066,44.294582],[-121.19149,44.294584]]],"crs":null}},{"type":"Feature","properties":{"sourceId":2038,"name":"Cascade West","slug":"cascade-west","platName":"CASCADE WEST","recorded":1029369600000},"geometry":{"type":"Polygon","coordinates":[[[-121.193629,44.292336],[-121.193301,44.292336],[-121.192996,44.292336],[-121.19299,44.292679],[-121.192987,44.292816],[-121.192981,44.293159],[-121.192976,44.293502],[-121.192973,44.293639],[-121.192967,44.293982],[-121.192964,44.29416],[-121.192961,44.294338],[-121.192954,44.294589],[-121.194105,44.294585],[-121.194112,44.29416],[-121.194115,44.293982],[-121.194117,44.293869],[-121.194122,44.29357],[-121.194127,44.293272],[-121.194129,44.293159],[-121.194131,44.293046],[-121.194136,44.292748],[-121.194141,44.292449],[-121.194143,44.292336],[-121.193637,44.292336],[-121.193629,44.292336]]],"crs":null}},{"type":"Feature","properties":{"sourceId":2039,"name":"Credenda Subdivision","slug":"credenda-subdivision","platName":"CREDENDA SUBDIVISION PHASE 2","recorded":1177545600000},"geometry":{"type":"Polygon","coordinates":[[[-121.19151,44.290056],[-121.191507,44.290846],[-121.192384,44.290844],[-121.192383,44.290532],[-121.192789,44.290532],[-121.192792,44.290367],[-121.192384,44.290367],[-121.192386,44.290056],[-121.19151,44.290056]]],"crs":null}},{"type":"Feature","properties":{"sourceId":2040,"name":"Emerald Villa","slug":"emerald-villa","platName":"EMERALD VILLA","recorded":1031788800000},"geometry":{"type":"Polygon","coordinates":[[[-121.189246,44.290825],[-121.19075,44.290821],[-121.190743,44.290056],[-121.189254,44.290056],[-121.189246,44.290825]]],"crs":null}},{"type":"Feature","properties":{"sourceId":2041,"name":"Two Bar Estates","slug":"two-bar-estates","platName":"TWO BAR ESTATES","recorded":1111017600000},"geometry":{"type":"Polygon","coordinates":[[[-121.191968,44.289142],[-121.189147,44.289151],[-121.189141,44.290044],[-121.189831,44.290048],[-121.191492,44.290048],[-121.19151,44.28995],[-121.191593,44.289644],[-121.191695,44.289454],[-121.191756,44.289379],[-121.191879,44.289283],[-121.191938,44.289244],[-121.192025,44.289185],[-121.192042,44.289173],[-121.192087,44.289143],[-121.191968,44.289142]]],"crs":null}},{"type":"Feature","properties":{"sourceId":2042,"name":"Crane Meadow","slug":"crane-meadow","platName":"CRANE MEADOW","recorded":1190937600000},"geometry":{"type":"Polygon","coordinates":[[[-121.189278,44.289067],[-121.191771,44.289068],[-121.192823,44.289069],[-121.1931,44.289001],[-121.193569,44.288797],[-121.193596,44.288686],[-121.193495,44.288427],[-121.193504,44.288247],[-121.190282,44.288244],[-121.190277,44.288805],[-121.18928,44.2888],[-121.189278,44.289067]]],"crs":null}},{"type":"Feature","properties":{"sourceId":2043,"name":"Amber Springs","slug":"amber-springs","platName":"AMBER SPRINGS","recorded":1147737600000},"geometry":{"type":"Polygon","coordinates":[[[-121.189278,44.288227],[-121.193478,44.288231],[-121.193483,44.288097],[-121.193449,44.287902],[-121.193479,44.287792],[-121.193565,44.287582],[-121.193573,44.287545],[-121.193626,44.287327],[-121.191909,44.287326],[-121.191906,44.28741],[-121.189286,44.287403],[-121.189278,44.288227]]],"crs":null}},{"type":"Feature","properties":{"sourceId":2044,"name":"Braydon Park","slug":"braydon-park","platName":"BRAYDON PARK","recorded":1115942400000},"geometry":{"type":"Polygon","coordinates":[[[-121.194198,44.287344],[-121.194206,44.28644],[-121.189287,44.28643],[-121.189286,44.287335],[-121.194198,44.287344]]],"crs":null}},{"type":"Feature","properties":{"sourceId":2045,"name":"Red Hawk","slug":"red-hawk","platName":"RED HAWK UNIT SIX","recorded":861667200000},"geometry":{"type":"Polygon","coordinates":[[[-121.192167,44.286436],[-121.194206,44.28644],[-121.194212,44.285718],[-121.192167,44.285718],[-121.192167,44.286436]]],"crs":null}},{"type":"Feature","properties":{"sourceId":2046,"name":"Red Hawk","slug":"red-hawk","platName":"RED HAWK UNIT FIVE","recorded":861667200000},"geometry":{"type":"Polygon","coordinates":[[[-121.19217,44.285706],[-121.189952,44.285706],[-121.189723,44.285624],[-121.189185,44.28562],[-121.189177,44.286419],[-121.19217,44.286424],[-121.19217,44.285706]]],"crs":null}},{"type":"Feature","properties":{"sourceId":2047,"name":"Red Hawk","slug":"red-hawk","platName":"RED HAWK UNIT FOUR","recorded":828921600000},"geometry":{"type":"Polygon","coordinates":[[[-121.192163,44.285718],[-121.192168,44.285718],[-121.192401,44.285718],[-121.192639,44.285718],[-121.192878,44.285718],[-121.193116,44.285718],[-121.193354,44.285718],[-121.193593,44.285718],[-121.193734,44.285718],[-121.193831,44.285718],[-121.194211,44.285718],[-121.194221,44.284519],[-121.193988,44.284519],[-121.193773,44.284519],[-121.193549,44.284519],[-121.193388,44.284519],[-121.193114,44.284519],[-121.192998,44.284639],[-121.192899,44.28474],[-121.192811,44.28483],[-121.192811,44.285005],[-121.192305,44.285005],[-121.192266,44.285279],[-121.192163,44.285444],[-121.192163,44.285718]]],"crs":null}},{"type":"Feature","properties":{"sourceId":2048,"name":"Red Hawk","slug":"red-hawk","platName":"RED HAWK UNIT THREE","recorded":797472000000},"geometry":{"type":"Polygon","coordinates":[[[-121.1914,44.285718],[-121.191406,44.285718],[-121.191669,44.285718],[-121.191898,44.285718],[-121.192161,44.285718],[-121.192161,44.285444],[-121.192264,44.285279],[-121.192304,44.285005],[-121.19255,44.285005],[-121.19281,44.285005],[-121.19281,44.28483],[-121.192898,44.28474],[-121.192997,44.284638],[-121.192569,44.284638],[-121.192406,44.284519],[-121.192168,44.284519],[-121.19197,44.284519],[-121.191732,44.284519],[-121.191636,44.284519],[-121.191493,44.284519],[-121.191255,44.284519],[-121.191016,44.284519],[-121.190823,44.284536],[-121.190646,44.284591],[-121.190498,44.284681],[-121.190446,44.284739],[-121.190392,44.284798],[-121.190338,44.284932],[-121.190334,44.285005],[-121.19033,44.285088],[-121.19033,44.285279],[-121.190213,44.285444],[-121.190213,44.285718],[-121.190452,44.285718],[-121.19069,44.285718],[-121.190929,44.285718],[-121.191167,44.285718],[-121.1914,44.285718]]],"crs":null}},{"type":"Feature","properties":{"sourceId":2049,"name":"Red Hawk","slug":"red-hawk","platName":"RED HAWK UNIT TWO","recorded":782611200000},"geometry":{"type":"Polygon","coordinates":[[[-121.189195,44.284154],[-121.189179,44.285635],[-121.18972,44.285636],[-121.189949,44.285718],[-121.190212,44.285718],[-121.190212,44.285451],[-121.19033,44.28528],[-121.190337,44.284931],[-121.190392,44.284798],[-121.190497,44.284681],[-121.190648,44.284596],[-121.190449,44.284367],[-121.190246,44.28427],[-121.190059,44.284084],[-121.18979,44.284088],[-121.189309,44.284156],[-121.189195,44.284154]]],"crs":null}},{"type":"Feature","properties":{"sourceId":2050,"name":"Red Hawk","slug":"red-hawk","platName":"RED HAWK UNIT ONE","recorded":732931200000},"geometry":{"type":"Polygon","coordinates":[[[-121.194232,44.283716],[-121.190052,44.283705],[-121.190063,44.284073],[-121.190241,44.284249],[-121.190446,44.284336],[-121.190637,44.284587],[-121.190826,44.284525],[-121.191006,44.284508],[-121.191247,44.284508],[-121.191489,44.284508],[-121.191633,44.284508],[-121.19173,44.284508],[-121.191972,44.284508],[-121.192173,44.284508],[-121.192413,44.284508],[-121.192578,44.28463],[-121.193001,44.284627],[-121.193118,44.284508],[-121.194226,44.284511],[-121.194232,44.283716]]],"crs":null}},{"type":"Feature","properties":{"sourceId":2051,"name":"Fairhaven","slug":"fairhaven","platName":"FAIRHAVEN PHASE X","recorded":1095984000000},"geometry":{"type":"Polygon","coordinates":[[[-121.200713,44.283693],[-121.200809,44.283587],[-121.201011,44.283445],[-121.201217,44.283321],[-121.201297,44.283247],[-121.20133,44.283146],[-121.201332,44.282934],[-121.201342,44.282726],[-121.201411,44.282444],[-121.201568,44.282072],[-121.201633,44.281964],[-121.201742,44.281728],[-121.201792,44.281567],[-121.201802,44.281482],[-121.201783,44.281378],[-121.201701,44.281271],[-121.201526,44.281197],[-121.201156,44.281091],[-121.200966,44.280993],[-121.200836,44.280874],[-121.20074,44.280662],[-121.200727,44.280467],[-121.200804,44.280084],[-121.199284,44.280082],[-121.199274,44.281914],[-121.19926,44.283694],[-121.200713,44.283693]]],"crs":null}},{"type":"Feature","properties":{"sourceId":2052,"name":"Fairhaven","slug":"fairhaven","platName":"FAIRHAVEN PHASE XI","recorded":1106784000000},"geometry":{"type":"Polygon","coordinates":[[[-121.200644,44.283588],[-121.200811,44.283436],[-121.200916,44.283369],[-121.201068,44.283275],[-121.201131,44.283238],[-121.20118,44.283192],[-121.201209,44.283132],[-121.201202,44.283068],[-121.201203,44.282925],[-121.201218,44.282693],[-121.200849,44.282678],[-121.200851,44.282651],[-121.201225,44.282666],[-121.201262,44.282514],[-121.201301,44.282377],[-121.20137,44.282215],[-121.20147,44.281992],[-121.201076,44.281991],[-121.201012,44.282131],[-121.200828,44.282094],[-121.200771,44.282219],[-121.199448,44.282214],[-121.19945,44.28199],[-121.199297,44.28199],[-121.199284,44.283682],[-121.200555,44.283685],[-121.200644,44.283588]]],"crs":null}},{"type":"Feature","properties":{"sourceId":2053,"name":"Waverly","slug":"waverly","platName":"WAVERLY","recorded":1191369600000},"geometry":{"type":"Polygon","coordinates":[[[-121.200731,44.283697],[-121.202996,44.283705],[-121.20319,44.283477],[-121.203244,44.283308],[-121.203333,44.28279],[-121.203362,44.28262],[-121.203345,44.282539],[-121.203288,44.282446],[-121.203197,44.282384],[-121.203021,44.282332],[-121.202656,44.2824],[-121.202478,44.28241],[-121.202198,44.282407],[-121.202148,44.282401],[-121.202031,44.282362],[-121.201803,44.282205],[-121.201652,44.281968],[-121.201586,44.282076],[-121.20143,44.282448],[-121.201361,44.282731],[-121.201348,44.283151],[-121.201315,44.283252],[-121.201235,44.283325],[-121.201015,44.283459],[-121.200827,44.283591],[-121.200731,44.283697]]],"crs":null}},{"type":"Feature","properties":{"sourceId":2054,"name":"Fieldstone Crossing","slug":"fieldstone-crossing","platName":"FIELDSTONE CROSSING P.U.D. PHASES III AND IV","recorded":1165881600000},"geometry":{"type":"Polygon","coordinates":[[[-121.202363,44.276519],[-121.202343,44.278271],[-121.20237,44.278435],[-121.20237,44.278709],[-121.202603,44.278709],[-121.202599,44.278983],[-121.202625,44.279295],[-121.202826,44.279709],[-121.202829,44.280102],[-121.204331,44.280104],[-121.204372,44.276504],[-121.202363,44.276519]]],"crs":null}},{"type":"Feature","properties":{"sourceId":2055,"name":"Fieldstone Crossing","slug":"fieldstone-crossing","platName":"FIELDSTONE CROSSING P.U.D. PHASE II","recorded":1152057600000},"geometry":{"type":"Polygon","coordinates":[[[-121.202807,44.280091],[-121.202806,44.279697],[-121.202598,44.27927],[-121.202598,44.279136],[-121.202578,44.278971],[-121.202582,44.278697],[-121.202349,44.278697],[-121.202349,44.278422],[-121.202322,44.278256],[-121.199929,44.278257],[-121.199941,44.278422],[-121.199898,44.278422],[-121.199898,44.278493],[-121.200218,44.279103],[-121.20025,44.279103],[-121.200259,44.279183],[-121.200538,44.279721],[-121.200546,44.280076],[-121.202807,44.280091]]],"crs":null}},{"type":"Feature","properties":{"sourceId":2056,"name":"Antler Crossing","slug":"antler-crossing","platName":"ANTLER CROSSING","recorded":1201046400000},"geometry":{"type":"Polygon","coordinates":[[[-121.202342,44.276507],[-121.201872,44.276503],[-121.201858,44.278265],[-121.202322,44.27827],[-121.202342,44.276507]]],"crs":null}},{"type":"Feature","properties":{"sourceId":2057,"name":"Fieldstone Crossing","slug":"fieldstone-crossing","platName":"FIELDSTONE CROSSING P.U.D. PHASE I","recorded":1097193600000},"geometry":{"type":"Polygon","coordinates":[[[-121.200531,44.280084],[-121.200538,44.279721],[-121.200249,44.279163],[-121.20025,44.279103],[-121.200218,44.279103],[-121.199898,44.278485],[-121.199898,44.278422],[-121.199929,44.278422],[-121.199929,44.278257],[-121.19956,44.277374],[-121.199556,44.277311],[-121.199501,44.276424],[-121.199317,44.276423],[-121.199288,44.280083],[-121.200531,44.280084]]],"crs":null}},{"type":"Feature","properties":{"sourceId":2058,"name":"Skyline Ridge","slug":"skyline-ridge","platName":"SKYLINE RIDGE","recorded":637977600000},"geometry":{"type":"Polygon","coordinates":[[[-121.189323,44.283244],[-121.18932,44.283576],[-121.18932,44.283622],[-121.189799,44.283624],[-121.190425,44.283626],[-121.190844,44.283271],[-121.191051,44.283174],[-121.191396,44.282885],[-121.191278,44.28283],[-121.191279,44.282712],[-121.19128,44.282599],[-121.191282,44.282367],[-121.191284,44.282135],[-121.19135,44.28208],[-121.190978,44.281799],[-121.190975,44.281604],[-121.190771,44.281302],[-121.19061,44.281302],[-121.190412,44.281301],[-121.18975,44.281301],[-121.189341,44.2813],[-121.189339,44.281465],[-121.189336,44.281772],[-121.189334,44.28199],[-121.189332,44.282208],[-121.18933,44.282426],[-121.189329,44.28259],[-121.189327,44.282808],[-121.189325,44.283026],[-121.189323,44.283244]]],"crs":null}},{"type":"Feature","properties":{"sourceId":2059,"name":"Megan Park","slug":"megan-park","platName":"MEGAN PARK PHASE 1","recorded":1170201600000},"geometry":{"type":"Polygon","coordinates":[[[-121.19424,44.281911],[-121.194229,44.283727],[-121.195583,44.283731],[-121.195575,44.283289],[-121.195484,44.283291],[-121.195486,44.282956],[-121.196097,44.282957],[-121.1961,44.282622],[-121.196033,44.282622],[-121.196039,44.281909],[-121.19424,44.281911]]],"crs":null}},{"type":"Feature","properties":{"sourceId":2060,"name":"Fairhaven","slug":"fairhaven","platName":"FAIRHAVEN PHASE VI","recorded":1073952000000},"geometry":{"type":"Polygon","coordinates":[[[-121.194255,44.280564],[-121.194244,44.281905],[-121.199274,44.281914],[-121.199287,44.280166],[-121.195977,44.280166],[-121.195767,44.280165],[-121.195767,44.280084],[-121.195664,44.280084],[-121.19566,44.280564],[-121.194255,44.280564]]],"crs":null}},{"type":"Feature","properties":{"sourceId":2061,"name":"Fairhaven","slug":"fairhaven","platName":"FAIRHAVEN PHASES VII, VIII AND IX","recorded":1085011200000},"geometry":{"type":"Polygon","coordinates":[[[-121.198063,44.28],[-121.198058,44.279176],[-121.196598,44.279181],[-121.196601,44.2787],[-121.196353,44.2787],[-121.196191,44.278704],[-121.196108,44.278707],[-121.195864,44.278742],[-121.195621,44.278806],[-121.195418,44.278861],[-121.195304,44.278884],[-121.195134,44.278914],[-121.194978,44.278921],[-121.194699,44.278925],[-121.194681,44.279799],[-121.1946,44.27987],[-121.19458,44.279856],[-121.194418,44.27997],[-121.194364,44.279957],[-121.194374,44.280084],[-121.195772,44.280075],[-121.195771,44.280164],[-121.196518,44.280161],[-121.196554,44.280196],[-121.196608,44.280226],[-121.196608,44.280245],[-121.196833,44.280246],[-121.196833,44.280227],[-121.196868,44.28021],[-121.196895,44.280191],[-121.196925,44.28016],[-121.196951,44.28016],[-121.196949,44.280001],[-121.198063,44.28]]],"crs":null}},{"type":"Feature","properties":{"sourceId":2062,"name":"Fairhaven","slug":"fairhaven","platName":"FAIRHAVEN PHASE III","recorded":1012348800000},"geometry":{"type":"Polygon","coordinates":[[[-121.194381,44.278919],[-121.194642,44.278915],[-121.194697,44.278915],[-121.194887,44.278916],[-121.195132,44.278904],[-121.195377,44.278862],[-121.195622,44.278796],[-121.195866,44.278732],[-121.196111,44.278696],[-121.196356,44.278689],[-121.196604,44.278689],[-121.196605,44.278415],[-121.198042,44.278417],[-121.198045,44.278047],[-121.19684,44.278049],[-121.196838,44.278252],[-121.19661,44.278252],[-121.196615,44.277682],[-121.19624,44.277687],[-121.196262,44.277262],[-121.194296,44.277259],[-121.194265,44.278641],[-121.194383,44.278645],[-121.194381,44.278919]]],"crs":null}},{"type":"Feature","properties":{"sourceId":2063,"name":"Fairhaven Vista","slug":"fairhaven-vista","platName":"FAIRHAVEN VISTA PHASES 3 & 4","recorded":1073952000000},"geometry":{"type":"Polygon","coordinates":[[[-121.199141,44.279213],[-121.199147,44.278415],[-121.19818,44.278417],[-121.198184,44.279177],[-121.198809,44.279179],[-121.198809,44.279213],[-121.199141,44.279213]]],"crs":null}},{"type":"Feature","properties":{"sourceId":2064,"name":"Fairhaven","slug":"fairhaven","platName":"FAIRHAVEN PHASE IV","recorded":1015804800000},"geometry":{"type":"Polygon","coordinates":[[[-121.196608,44.278417],[-121.196604,44.279176],[-121.198055,44.279176],[-121.198063,44.28],[-121.199289,44.280003],[-121.199303,44.278251],[-121.198043,44.278252],[-121.198042,44.278417],[-121.196608,44.278417]]],"crs":null}},{"type":"Feature","properties":{"sourceId":2065,"name":"Fairhaven Vista","slug":"fairhaven-vista","platName":"FAIRHAVEN VISTA P.U.D. PHASE V","recorded":1166659200000},"geometry":{"type":"Polygon","coordinates":[[[-121.198063,44.28],[-121.198064,44.279757],[-121.198151,44.279753],[-121.198156,44.279176],[-121.196833,44.279178],[-121.196833,44.279619],[-121.197435,44.27962],[-121.197432,44.280001],[-121.198063,44.28]]],"crs":null}},{"type":"Feature","properties":{"sourceId":2066,"name":"Fairhaven Vista","slug":"fairhaven-vista","platName":"FAIRHAVEN VISTA PHASES 1 & 2","recorded":1029715200000},"geometry":{"type":"Polygon","coordinates":[[[-121.196837,44.278417],[-121.196833,44.279178],[-121.198184,44.279177],[-121.19818,44.278417],[-121.196837,44.278417]]],"crs":null}},{"type":"Feature","properties":{"sourceId":2067,"name":"Redside","slug":"redside","platName":"REDSIDE","recorded":1138060800000},"geometry":{"type":"Polygon","coordinates":[[[-121.19915,44.278253],[-121.199165,44.276483],[-121.198056,44.276487],[-121.198043,44.278252],[-121.19915,44.278253]]],"crs":null}},{"type":"Feature","properties":{"sourceId":2068,"name":"Fairhaven","slug":"fairhaven","platName":"FAIRHAVEN PHASE II","recorded":930873600000},"geometry":{"type":"Polygon","coordinates":[[[-121.196268,44.276544],[-121.196258,44.277683],[-121.196615,44.277682],[-121.19661,44.278252],[-121.196838,44.278252],[-121.19684,44.278049],[-121.198045,44.278047],[-121.198063,44.276424],[-121.196814,44.276437],[-121.196815,44.27654],[-121.196268,44.276544]]],"crs":null}},{"type":"Feature","properties":{"sourceId":2069,"name":"Fairhaven","slug":"fairhaven","platName":"FAIRHAVEN PHASE I","recorded":873763200000},"geometry":{"type":"Polygon","coordinates":[[[-121.194259,44.280084],[-121.195664,44.280084],[-121.196774,44.280084],[-121.199288,44.280083],[-121.199289,44.280001],[-121.199317,44.276423],[-121.19429,44.276441],[-121.194259,44.280084]]],"crs":null}},{"type":"Feature","properties":{"sourceId":2070,"name":"Cedar Village","slug":"cedar-village","platName":"CEDAR VILLAGE PHASES 1, 2 AND 3","recorded":976665600000},"geometry":{"type":"Polygon","coordinates":[[[-121.191753,44.278271],[-121.189376,44.278277],[-121.189357,44.278788],[-121.191151,44.278796],[-121.191147,44.279304],[-121.189352,44.279296],[-121.189345,44.280085],[-121.191746,44.280084],[-121.191753,44.278271]]],"crs":null}},{"type":"Feature","properties":{"sourceId":2071,"name":"Fairhaven","slug":"fairhaven","platName":"FAIRHAVEN PHASE V","recorded":1041552000000},"geometry":{"type":"Polygon","coordinates":[[[-121.191746,44.280084],[-121.194374,44.280084],[-121.194375,44.279961],[-121.19455,44.279854],[-121.194575,44.279871],[-121.194681,44.279799],[-121.194686,44.278921],[-121.194381,44.278919],[-121.194383,44.278645],[-121.194155,44.278644],[-121.194159,44.278413],[-121.194144,44.278471],[-121.194127,44.278507],[-121.194109,44.278535],[-121.194089,44.278561],[-121.194064,44.278589],[-121.194036,44.278614],[-121.19399,44.278648],[-121.193958,44.278667],[-121.193923,44.278685],[-121.193687,44.278779],[-121.193658,44.27879],[-121.193622,44.278798],[-121.193592,44.278802],[-121.193561,44.278804],[-121.193538,44.278804],[-121.193459,44.278776],[-121.192528,44.278446],[-121.19183,44.27831],[-121.191739,44.278264],[-121.191746,44.280084]]],"crs":null}},{"type":"Feature","properties":{"sourceId":2073,"name":"Poco Bella","slug":"poco-bella","platName":"POCO BELLA","recorded":1143158400000},"geometry":{"type":"Polygon","coordinates":[[[-121.181412,44.301235],[-121.181421,44.300633],[-121.179817,44.300633],[-121.179814,44.300388],[-121.179734,44.300405],[-121.179638,44.300436],[-121.179542,44.300485],[-121.179446,44.300511],[-121.179341,44.300533],[-121.179209,44.300543],[-121.179043,44.300541],[-121.179038,44.3009],[-121.179471,44.3009],[-121.17945,44.301235],[-121.181412,44.301235]]],"crs":null}},{"type":"Feature","properties":{"sourceId":2074,"name":"Ayres Acres","slug":"ayres-acres","platName":"AYRES ACRES","recorded":1004400000000},"geometry":{"type":"Polygon","coordinates":[[[-121.158823,44.29464],[-121.160808,44.294636],[-121.160825,44.29349],[-121.158839,44.293494],[-121.158823,44.29464]]],"crs":null}},{"type":"Feature","properties":{"sourceId":2076,"name":"Hayden Acres","slug":"hayden-acres","platName":"HAYDEN ACRES PHASE 2","recorded":875750400000},"geometry":{"type":"Polygon","coordinates":[[[-121.178815,44.299374],[-121.178133,44.299364],[-121.178143,44.298792],[-121.175751,44.298795],[-121.175751,44.300375],[-121.176292,44.300375],[-121.176292,44.300117],[-121.178802,44.300118],[-121.178815,44.299374]]],"crs":null}},{"type":"Feature","properties":{"sourceId":2077,"name":"Ni-Lah-Sha","slug":"ni-lah-sha","platName":"NI-LAH-SHA","recorded":708134400000},"geometry":{"type":"Polygon","coordinates":[[[-121.16392,44.291015],[-121.16266,44.291017],[-121.162586,44.294632],[-121.163865,44.29463],[-121.16392,44.291015]]],"crs":null}},{"type":"Feature","properties":{"sourceId":2084,"name":"Skyline Ridge","slug":"skyline-ridge","platName":"SKYLINE RIDGE PHASE III","recorded":780537600000},"geometry":{"type":"Polygon","coordinates":[[[-121.193159,44.282433],[-121.193155,44.282928],[-121.193129,44.282927],[-121.193126,44.283203],[-121.193094,44.283378],[-121.193092,44.283641],[-121.194115,44.283644],[-121.194135,44.281298],[-121.190774,44.281295],[-121.190979,44.281599],[-121.190982,44.281795],[-121.191356,44.282078],[-121.191439,44.282009],[-121.192686,44.28201],[-121.192843,44.282151],[-121.192874,44.282178],[-121.193051,44.28233],[-121.193119,44.282397],[-121.193159,44.282433]]],"crs":null}},{"type":"Feature","properties":{"sourceId":2085,"name":"Skyline Ridge","slug":"skyline-ridge","platName":"SKYLINE RIDGE PHASE II","recorded":648777600000},"geometry":{"type":"Polygon","coordinates":[[[-121.193138,44.282938],[-121.193143,44.282443],[-121.192669,44.28202],[-121.191422,44.282018],[-121.191273,44.282143],[-121.191266,44.282842],[-121.1914,44.282895],[-121.191066,44.283175],[-121.190865,44.283269],[-121.190409,44.283642],[-121.193075,44.283651],[-121.193077,44.283376],[-121.193109,44.283212],[-121.193112,44.282938],[-121.193138,44.282938]]],"crs":null}},{"type":"Feature","properties":{"sourceId":2087,"name":"Rock Crest","slug":"rock-crest","platName":"ROCK CREST","recorded":-33523200000},"geometry":{"type":"Polygon","coordinates":[[[-121.179991,44.288131],[-121.180016,44.287679],[-121.179699,44.287361],[-121.179078,44.287363],[-121.179076,44.290988],[-121.180311,44.290985],[-121.180496,44.290435],[-121.179981,44.288647],[-121.179991,44.288131]]],"crs":null}},{"type":"Feature","properties":{"sourceId":2088,"name":"Buckner","slug":"buckner","platName":"BUCKNER ADDITION","recorded":-139708800000},"geometry":{"type":"Polygon","coordinates":[[[-121.184121,44.28735],[-121.182332,44.287355],[-121.182367,44.287426],[-121.18239,44.287471],[-121.182416,44.287594],[-121.182441,44.287687],[-121.182465,44.287759],[-121.182478,44.287794],[-121.18251,44.287867],[-121.182519,44.287905],[-121.182503,44.287957],[-121.18251,44.287984],[-121.182527,44.288036],[-121.182538,44.288063],[-121.182528,44.288112],[-121.182518,44.288144],[-121.182552,44.288197],[-121.182549,44.288235],[-121.182546,44.288297],[-121.182546,44.288357],[-121.182547,44.288394],[-121.182577,44.288463],[-121.18258,44.288484],[-121.182577,44.28851],[-121.182566,44.288551],[-121.182581,44.288611],[-121.182593,44.288674],[-121.182615,44.288755],[-121.182624,44.288818],[-121.182615,44.288863],[-121.182604,44.288888],[-121.182619,44.288934],[-121.182616,44.288961],[-121.18261,44.28899],[-121.182603,44.289031],[-121.182598,44.289069],[-121.182591,44.289116],[-121.182597,44.28916],[-121.182628,44.289207],[-121.182696,44.289306],[-121.18273,44.289374],[-121.182712,44.289418],[-121.182732,44.289453],[-121.182745,44.289499],[-121.182752,44.289542],[-121.182786,44.289574],[-121.182792,44.289601],[-121.182793,44.289637],[-121.182779,44.289675],[-121.182749,44.289721],[-121.182735,44.289769],[-121.182735,44.289804],[-121.182725,44.289843],[-121.182726,44.289865],[-121.182712,44.289907],[-121.182697,44.289943],[-121.182693,44.28998],[-121.182708,44.290011],[-121.182701,44.290035],[-121.182692,44.290067],[-121.182719,44.290156],[-121.18272,44.290218],[-121.182722,44.290262],[-121.182734,44.290314],[-121.18274,44.290344],[-121.182743,44.290383],[-121.182751,44.290439],[-121.182751,44.290484],[-121.182767,44.290531],[-121.18277,44.290589],[-121.182777,44.29062],[-121.182789,44.290676],[-121.182799,44.290702],[-121.182802,44.290734],[-121.182792,44.290801],[-121.182783,44.290844],[-121.182778,44.29088],[-121.182766,44.290909],[-121.182737,44.290979],[-121.184103,44.290975],[-121.184121,44.287433],[-121.184121,44.28735]]],"crs":null}},{"type":"Feature","properties":{"sourceId":2102,"name":"Canyon Rim Village","slug":"canyon-rim-village","platName":"CANYON RIM VILLAGE PHASE 2","recorded":994032000000},"geometry":{"type":"Polygon","coordinates":[[[-121.186957,44.285664],[-121.186957,44.285658],[-121.186957,44.285653],[-121.186957,44.285648],[-121.186957,44.285642],[-121.186957,44.285637],[-121.186957,44.285632],[-121.186957,44.285626],[-121.186952,44.28533],[-121.18623,44.28533],[-121.184617,44.285329],[-121.184389,44.285361],[-121.184389,44.285381],[-121.184389,44.285386],[-121.184389,44.285392],[-121.184389,44.285397],[-121.184388,44.285403],[-121.184388,44.285408],[-121.184388,44.285413],[-121.184388,44.285419],[-121.184388,44.285424],[-121.184388,44.285429],[-121.184388,44.285435],[-121.184388,44.28544],[-121.184388,44.285446],[-121.184387,44.285451],[-121.184387,44.285456],[-121.184387,44.285462],[-121.184387,44.285467],[-121.184386,44.285472],[-121.184386,44.285478],[-121.184386,44.285483],[-121.184386,44.285489],[-121.184385,44.285494],[-121.184385,44.285499],[-121.184385,44.285505],[-121.184384,44.28551],[-121.184384,44.285515],[-121.184383,44.285521],[-121.184383,44.285526],[-121.184383,44.285531],[-121.184382,44.285541],[-121.184381,44.285547],[-121.184381,44.285552],[-121.18438,44.285557],[-121.18438,44.285563],[-121.184379,44.285568],[-121.184379,44.285573],[-121.184378,44.285579],[-121.184378,44.285584],[-121.184377,44.285589],[-121.184376,44.285595],[-121.184376,44.2856],[-121.184375,44.285605],[-121.184375,44.285611],[-121.184374,44.285616],[-121.184373,44.285622],[-121.184372,44.285627],[-121.184372,44.285632],[-121.184371,44.285638],[-121.18437,44.285643],[-121.18437,44.285648],[-121.184369,44.285648],[-121.184365,44.285671],[-121.184355,44.285735],[-121.184321,44.285979],[-121.184292,44.286158],[-121.184525,44.286137],[-121.18489,44.286137],[-121.185405,44.286138],[-121.186863,44.286149],[-121.186865,44.286144],[-121.186867,44.286138],[-121.186869,44.286133],[-121.18687,44.286128],[-121.186872,44.286123],[-121.186874,44.286118],[-121.186876,44.286112],[-121.186877,44.286107],[-121.186879,44.286102],[-121.186881,44.286097],[-121.186883,44.286092],[-121.186884,44.286086],[-121.186886,44.286081],[-121.186888,44.286076],[-121.186889,44.286071],[-121.186891,44.286065],[-121.186892,44.28606],[-121.186894,44.286055],[-121.186896,44.28605],[-121.186897,44.286044],[-121.186899,44.286039],[-121.1869,44.286034],[-121.186902,44.286028],[-121.186903,44.286023],[-121.186904,44.286018],[-121.186906,44.286013],[-121.186907,44.286007],[-121.186909,44.286002],[-121.18691,44.285997],[-121.186911,44.285992],[-121.186913,44.285986],[-121.186914,44.285981],[-121.186915,44.285976],[-121.186917,44.28597],[-121.186918,44.285965],[-121.186919,44.28596],[-121.18692,44.285954],[-121.186921,44.285949],[-121.186923,44.285944],[-121.186924,44.285939],[-121.186925,44.285933],[-121.186926,44.285928],[-121.186927,44.285923],[-121.186928,44.285917],[-121.186929,44.285912],[-121.18693,44.285907],[-121.186931,44.285901],[-121.186932,44.285896],[-121.186933,44.285891],[-121.186934,44.285885],[-121.186935,44.28588],[-121.186936,44.285875],[-121.186937,44.285869],[-121.186938,44.285864],[-121.186939,44.285859],[-121.186939,44.285853],[-121.18694,44.285848],[-121.186941,44.285843],[-121.186942,44.285837],[-121.186943,44.285832],[-121.186957,44.285664]]],"crs":null}},{"type":"Feature","properties":{"sourceId":2103,"name":"Canyon Rim Village","slug":"canyon-rim-village","platName":"CANYON RIM VILLAGE PHASE 1","recorded":950054400000},"geometry":{"type":"Polygon","coordinates":[[[-121.186952,44.28533],[-121.186952,44.285616],[-121.186952,44.285621],[-121.186951,44.285629],[-121.186951,44.285637],[-121.186951,44.285641],[-121.186951,44.285646],[-121.186951,44.285651],[-121.18695,44.285657],[-121.18695,44.285666],[-121.186935,44.285821],[-121.186934,44.285826],[-121.186933,44.285832],[-121.186932,44.285837],[-121.186932,44.285842],[-121.186931,44.285848],[-121.18693,44.285853],[-121.186929,44.285859],[-121.186928,44.285864],[-121.186927,44.285869],[-121.186926,44.285875],[-121.186925,44.28588],[-121.186924,44.285886],[-121.186923,44.285891],[-121.186922,44.285896],[-121.186921,44.285902],[-121.18692,44.285907],[-121.186919,44.285913],[-121.186918,44.285918],[-121.186917,44.285923],[-121.186916,44.285929],[-121.186915,44.285934],[-121.186913,44.285939],[-121.186912,44.285945],[-121.186911,44.28595],[-121.18691,44.285956],[-121.186908,44.285961],[-121.186907,44.285966],[-121.186906,44.285972],[-121.186905,44.285977],[-121.186903,44.285982],[-121.186902,44.285988],[-121.1869,44.285993],[-121.186899,44.285998],[-121.186898,44.286004],[-121.186896,44.286009],[-121.186895,44.286014],[-121.186893,44.28602],[-121.186892,44.286025],[-121.18689,44.28603],[-121.186889,44.286036],[-121.186887,44.286041],[-121.186886,44.286046],[-121.186884,44.286052],[-121.186882,44.286057],[-121.186881,44.286062],[-121.186879,44.286068],[-121.186878,44.286073],[-121.186876,44.286078],[-121.186874,44.286084],[-121.186872,44.286089],[-121.186871,44.286094],[-121.186869,44.286099],[-121.186867,44.286105],[-121.186865,44.28611],[-121.186864,44.286115],[-121.186862,44.28612],[-121.18686,44.286126],[-121.186858,44.286131],[-121.186856,44.286136],[-121.186854,44.286142],[-121.186852,44.286147],[-121.18685,44.286152],[-121.186848,44.286157],[-121.186846,44.286163],[-121.186844,44.286168],[-121.186842,44.286173],[-121.18684,44.286178],[-121.186838,44.286184],[-121.186836,44.286189],[-121.186834,44.286194],[-121.186832,44.286199],[-121.186828,44.286208],[-121.186722,44.286464],[-121.186654,44.286628],[-121.186618,44.28672],[-121.186615,44.286725],[-121.186613,44.286731],[-121.186611,44.286736],[-121.186609,44.286741],[-121.186607,44.286746],[-121.186605,44.286752],[-121.186603,44.286757],[-121.186601,44.286762],[-121.186599,44.286767],[-121.186597,44.286773],[-121.186595,44.286778],[-121.186594,44.286783],[-121.186592,44.286788],[-121.18659,44.286794],[-121.186588,44.286799],[-121.186587,44.286804],[-121.186585,44.28681],[-121.186583,44.286815],[-121.186582,44.28682],[-121.18658,44.286826],[-121.186578,44.286831],[-121.186577,44.286836],[-121.186575,44.286841],[-121.186574,44.286847],[-121.186572,44.286852],[-121.186571,44.286857],[-121.186569,44.286863],[-121.186568,44.286868],[-121.186567,44.286874],[-121.186565,44.286879],[-121.186564,44.286884],[-121.186563,44.28689],[-121.186561,44.286895],[-121.18656,44.2869],[-121.186559,44.286906],[-121.186558,44.286911],[-121.186557,44.286916],[-121.186556,44.286922],[-121.186554,44.286927],[-121.186553,44.286933],[-121.186552,44.286938],[-121.186551,44.286943],[-121.186549,44.28695],[-121.187747,44.286948],[-121.187976,44.286922],[-121.188207,44.286791],[-121.188263,44.28679],[-121.189043,44.286788],[-121.189073,44.284876],[-121.188546,44.284877],[-121.187226,44.285331],[-121.187181,44.285331],[-121.186952,44.28533]]],"crs":null}},{"type":"Feature","properties":{"sourceId":2104,"name":"Canyon Rim Village","slug":"canyon-rim-village","platName":"CANYON RIM VILLAGE PHASE 6","recorded":1108512000000},"geometry":{"type":"Polygon","coordinates":[[[-121.187423,44.284342],[-121.187172,44.283907],[-121.187171,44.283724],[-121.183913,44.283726],[-121.183809,44.284012],[-121.183858,44.284151],[-121.183775,44.284366],[-121.183741,44.284535],[-121.184298,44.284534],[-121.184296,44.284517],[-121.184525,44.284519],[-121.186825,44.284517],[-121.187423,44.284342]]],"crs":null}},{"type":"Feature","properties":{"sourceId":2105,"name":"Canyon Rim Village","slug":"canyon-rim-village","platName":"CANYON RIM VILLAGE PHASE 4","recorded":1059523200000},"geometry":{"type":"Polygon","coordinates":[[[-121.183358,44.287352],[-121.184153,44.287357],[-121.18415,44.287273],[-121.184152,44.286721],[-121.183923,44.286803],[-121.183575,44.286384],[-121.183574,44.285977],[-121.183606,44.285516],[-121.18332,44.285479],[-121.183146,44.285465],[-121.182908,44.285501],[-121.182889,44.285717],[-121.182885,44.28609],[-121.182134,44.286122],[-121.182254,44.28662],[-121.182207,44.286744],[-121.182253,44.286917],[-121.18231,44.287134],[-121.182355,44.287195],[-121.183357,44.287194],[-121.183358,44.287352]]],"crs":null}},{"type":"Feature","properties":{"sourceId":2106,"name":"Canyon Rim Village","slug":"canyon-rim-village","platName":"CANYON RIM VILLAGE PHASE 7","recorded":1156291200000},"geometry":{"type":"Polygon","coordinates":[[[-121.183603,44.285513],[-121.183705,44.284861],[-121.183742,44.284515],[-121.183768,44.284375],[-121.183855,44.284152],[-121.183815,44.283997],[-121.183909,44.283728],[-121.183909,44.28368],[-121.183637,44.283626],[-121.183385,44.28367],[-121.182899,44.283568],[-121.182895,44.283584],[-121.182415,44.283508],[-121.182161,44.283587],[-121.181582,44.283494],[-121.18165,44.283746],[-121.181512,44.284033],[-121.181449,44.28431],[-121.181418,44.284887],[-121.181412,44.285359],[-121.181933,44.285277],[-121.182024,44.285357],[-121.182131,44.28541],[-121.182223,44.285436],[-121.182476,44.285461],[-121.18276,44.285485],[-121.182907,44.285498],[-121.183145,44.285462],[-121.183603,44.285513]]],"crs":null}},{"type":"Feature","properties":{"sourceId":2108,"name":"Shadow Glen Estates","slug":"shadow-glen-estates","platName":"SHADOW GLEN ESTATES PHASE I","recorded":760665600000},"geometry":{"type":"Polygon","coordinates":[[[-121.185805,44.280099],[-121.187074,44.280093],[-121.187071,44.27937],[-121.187073,44.278594],[-121.185898,44.278557],[-121.185914,44.276586],[-121.185838,44.276586],[-121.185832,44.277609],[-121.185808,44.278556],[-121.185806,44.279311],[-121.185805,44.280099]]],"crs":null}},{"type":"Feature","properties":{"sourceId":2109,"name":"Sunrise Condominiums","slug":"sunrise-condominiums","platName":"SUNRISE CONDOMINIUMS","recorded":1185408000000},"geometry":{"type":"Polygon","coordinates":[[[-121.187074,44.280093],[-121.187073,44.279882],[-121.186521,44.279883],[-121.186495,44.279922],[-121.186467,44.279962],[-121.186443,44.280009],[-121.186432,44.280046],[-121.186431,44.280069],[-121.186426,44.280096],[-121.187074,44.280093]]],"crs":null}},{"type":"Feature","properties":{"sourceId":2110,"name":"Shadow Glen Estates","slug":"shadow-glen-estates","platName":"SHADOW GLEN ESTATES PHASE II","recorded":783129600000},"geometry":{"type":"Polygon","coordinates":[[[-121.187073,44.278594],[-121.185898,44.278557],[-121.185914,44.276586],[-121.185838,44.276586],[-121.185827,44.278557],[-121.185808,44.278556],[-121.185806,44.279311],[-121.186341,44.279312],[-121.18657,44.279369],[-121.187071,44.27937],[-121.187073,44.278594]]],"crs":null}},{"type":"Feature","properties":{"sourceId":2111,"name":"Rim View Subdivision","slug":"rim-view-subdivision","platName":"RIM VIEW SUBDIVISION","recorded":1124668800000},"geometry":{"type":"Polygon","coordinates":[[[-121.185805,44.280099],[-121.185806,44.279311],[-121.186341,44.279311],[-121.186341,44.279147],[-121.185824,44.279147],[-121.185808,44.278556],[-121.185898,44.278557],[-121.185914,44.276586],[-121.185838,44.276586],[-121.185832,44.277609],[-121.185178,44.277613],[-121.185167,44.279289],[-121.184497,44.279829],[-121.184157,44.279831],[-121.184156,44.280105],[-121.185805,44.280099]]],"crs":null}},{"type":"Feature","properties":{"sourceId":2112,"name":"Jefferson View Allotment","slug":"jefferson-view-allotment","platName":"JEFFERSON VIEW ALLOTMENT","recorded":-743212800000},"geometry":{"type":"Polygon","coordinates":[[[-121.181219,44.280117],[-121.181225,44.27998],[-121.18123,44.279849],[-121.181334,44.279715],[-121.181352,44.279673],[-121.181365,44.279663],[-121.18144,44.279624],[-121.181478,44.279617],[-121.181569,44.279612],[-121.181612,44.279602],[-121.181626,44.2796],[-121.181645,44.279587],[-121.181658,44.279566],[-121.181673,44.279546],[-121.181689,44.279514],[-121.181679,44.279488],[-121.181644,44.279447],[-121.18162,44.279432],[-121.181606,44.279415],[-121.1816,44.279395],[-121.181616,44.279373],[-121.181656,44.279357],[-121.181709,44.279341],[-121.181757,44.27933],[-121.181803,44.279299],[-121.180113,44.279306],[-121.180116,44.279702],[-121.180119,44.280042],[-121.180122,44.280126],[-121.181219,44.280117]]],"crs":null}},{"type":"Feature","properties":{"sourceId":2113,"name":"Bartel","slug":"bartel","platName":"BARTEL ADDITION","recorded":-755308800000},"geometry":{"type":"Polygon","coordinates":[[[-121.179357,44.279309],[-121.179648,44.279308],[-121.180113,44.279306],[-121.180271,44.279305],[-121.180462,44.279305],[-121.180653,44.279304],[-121.180882,44.279303],[-121.181264,44.279301],[-121.181645,44.2793],[-121.181721,44.2793],[-121.181719,44.279135],[-121.181714,44.278765],[-121.181708,44.278395],[-121.181326,44.278396],[-121.181288,44.278396],[-121.18125,44.278397],[-121.180868,44.278398],[-121.18064,44.278399],[-121.180627,44.277491],[-121.180625,44.277327],[-121.180622,44.277179],[-121.18062,44.277034],[-121.180371,44.277036],[-121.180154,44.277037],[-121.180123,44.277037],[-121.179922,44.277039],[-121.179896,44.277039],[-121.179875,44.277039],[-121.179627,44.277041],[-121.179522,44.277041],[-121.179379,44.277042],[-121.17914,44.277043],[-121.179083,44.277044],[-121.179082,44.277337],[-121.179082,44.277502],[-121.179082,44.279148],[-121.179075,44.27931],[-121.179357,44.279309]]],"crs":null}},{"type":"Feature","properties":{"sourceId":2114,"name":"Cascade View Allotment","slug":"cascade-view-allotment","platName":"CASCADE VIEW ALLOTMENT","recorded":-925689600000},"geometry":{"type":"Polygon","coordinates":[[[-121.183372,44.278015],[-121.183371,44.277944],[-121.183084,44.277905],[-121.183095,44.277856],[-121.18309,44.277803],[-121.183048,44.277736],[-121.183012,44.277689],[-121.183024,44.277675],[-121.183022,44.277674],[-121.183123,44.27753],[-121.183095,44.277472],[-121.183086,44.277474],[-121.183036,44.277399],[-121.182992,44.277309],[-121.182947,44.277297],[-121.182948,44.277215],[-121.182982,44.277197],[-121.182998,44.277158],[-121.182894,44.277093],[-121.182861,44.277027],[-121.182831,44.276929],[-121.182807,44.276873],[-121.182804,44.276819],[-121.182796,44.276788],[-121.182788,44.276752],[-121.182805,44.276662],[-121.18283,44.276593],[-121.182848,44.276553],[-121.182877,44.276492],[-121.180618,44.2765],[-121.18064,44.278403],[-121.181708,44.278395],[-121.181743,44.279299],[-121.182028,44.279298],[-121.182281,44.279067],[-121.182366,44.278991],[-121.182537,44.278839],[-121.182708,44.278837],[-121.182824,44.278744],[-121.182987,44.278679],[-121.18314,44.278517],[-121.183176,44.278419],[-121.183299,44.278186],[-121.183229,44.27818],[-121.183372,44.278015]]],"crs":null}},{"type":"Feature","properties":{"sourceId":2115,"name":"Myers Acreage","slug":"myers-acreage","platName":"MYERS ACREAGE VACATION PLAT","recorded":-1835654400000},"geometry":{"type":"Polygon","coordinates":[[[-121.168942,44.283767],[-121.174218,44.283771],[-121.174187,44.280138],[-121.16894,44.280149],[-121.168942,44.283767]]],"crs":null}},{"type":"Feature","properties":{"sourceId":2116,"name":"Myers Acreage","slug":"myers-acreage","platName":"MYERS ACREAGE","recorded":-1867104000000},"geometry":{"type":"Polygon","coordinates":[[[-121.168942,44.283767],[-121.174218,44.283771],[-121.174188,44.280139],[-121.16894,44.280149],[-121.168942,44.283767]]],"crs":null}},{"type":"Feature","properties":{"sourceId":2117,"name":"Fair Acres II","slug":"fair-acres-ii","platName":"FAIR ACRES II","recorded":824256000000},"geometry":{"type":"Polygon","coordinates":[[[-121.172073,44.283759],[-121.172068,44.282938],[-121.170732,44.282941],[-121.170736,44.283763],[-121.172073,44.283759]]],"crs":null}},{"type":"Feature","properties":{"sourceId":2118,"name":"Ellinger's Addition","slug":"ellinger-s-addition","platName":"ELLINGER'S ADDITION","recorded":null},"geometry":{"type":"Polygon","coordinates":[[[-121.179083,44.276512],[-121.17329,44.276525],[-121.173305,44.277425],[-121.17418,44.27743],[-121.174191,44.280137],[-121.179081,44.280126],[-121.179083,44.276512]]],"crs":null}},{"type":"Feature","properties":{"sourceId":2119,"name":"Sothman's Addition","slug":"sothman-s-addition","platName":"SOTHMAN'S ADDITION","recorded":-972432000000},"geometry":{"type":"Polygon","coordinates":[[[-121.17342,44.280139],[-121.173419,44.279551],[-121.174149,44.279547],[-121.174187,44.279547],[-121.174187,44.277426],[-121.170137,44.277432],[-121.170135,44.277515],[-121.170136,44.277789],[-121.170136,44.278009],[-121.170022,44.278009],[-121.169698,44.27801],[-121.169282,44.278011],[-121.169316,44.278258],[-121.16934,44.278424],[-121.169378,44.278696],[-121.169404,44.278874],[-121.169418,44.278973],[-121.169426,44.279164],[-121.169433,44.27933],[-121.169447,44.27967],[-121.16945,44.279725],[-121.169456,44.280144],[-121.17342,44.280139]]],"crs":null}},{"type":"Feature","properties":{"sourceId":2120,"name":"Sothman's Addition","slug":"sothman-s-addition","platName":"SOTHMAN'S ADDITION RESUBDIVISION OF TRACTS 46 & 47","recorded":-681177600000},"geometry":{"type":"Polygon","coordinates":[[[-121.171102,44.280147],[-121.171095,44.279334],[-121.170943,44.279333],[-121.170763,44.279334],[-121.170527,44.279334],[-121.17031,44.279335],[-121.170093,44.279335],[-121.169858,44.279336],[-121.169433,44.27933],[-121.169456,44.280144],[-121.171102,44.280147]]],"crs":null}},{"type":"Feature","properties":{"sourceId":2123,"name":"Hidden Valley Mobile Estates","slug":"hidden-valley-mobile-estates","platName":"HIDDEN VALLEY MOBILE ESTATES NO. 1","recorded":-15897600000},"geometry":{"type":"Polygon","coordinates":[[[-121.213281,44.298253],[-121.213283,44.298363],[-121.213285,44.298369],[-121.213285,44.298374],[-121.213286,44.2985],[-121.213555,44.298918],[-121.213631,44.299265],[-121.213712,44.299348],[-121.214087,44.299731],[-121.214085,44.299998],[-121.214221,44.300236],[-121.214246,44.300281],[-121.214419,44.300507],[-121.214455,44.301071],[-121.214488,44.301598],[-121.214493,44.301681],[-121.214493,44.301687],[-121.214492,44.301692],[-121.214489,44.301697],[-121.214621,44.301892],[-121.214848,44.301893],[-121.215514,44.301895],[-121.21592,44.301897],[-121.215939,44.301204],[-121.21594,44.301149],[-121.215942,44.301105],[-121.215943,44.30107],[-121.215961,44.300373],[-121.215972,44.299961],[-121.21598,44.299675],[-121.215989,44.299353],[-121.215991,44.299285],[-121.215999,44.298963],[-121.216007,44.298676],[-121.216016,44.298351],[-121.216018,44.298269],[-121.214208,44.298258],[-121.214209,44.298176],[-121.214211,44.297943],[-121.214213,44.29771],[-121.214215,44.297477],[-121.214217,44.297244],[-121.214219,44.297011],[-121.214221,44.296778],[-121.214223,44.296545],[-121.214224,44.296463],[-121.214224,44.29638],[-121.214226,44.296147],[-121.214229,44.295914],[-121.214231,44.295681],[-121.214233,44.295448],[-121.214235,44.295215],[-121.21424,44.294639],[-121.213439,44.294635],[-121.213096,44.294634],[-121.212752,44.294632],[-121.212428,44.29463],[-121.212104,44.294629],[-121.21199,44.294628],[-121.211875,44.294627],[-121.211555,44.294626],[-121.211235,44.294624],[-121.211136,44.294624],[-121.210914,44.294623],[-121.210594,44.294621],[-121.210274,44.294619],[-121.209953,44.294618],[-121.209633,44.294616],[-121.209345,44.294615],[-121.209307,44.294614],[-121.209193,44.294614],[-121.209126,44.298229],[-121.213281,44.298253]]],"crs":null}},{"type":"Feature","properties":{"sourceId":2126,"name":"Negus Villas","slug":"negus-villas","platName":"NEGUS VILLAS","recorded":988761600000},"geometry":{"type":"Polygon","coordinates":[[[-121.163717,44.289637],[-121.162192,44.289639],[-121.162197,44.290909],[-121.163738,44.290906],[-121.163717,44.289637]]],"crs":null}},{"type":"Feature","properties":{"sourceId":2127,"name":"Coho Run","slug":"coho-run","platName":"COHO RUN","recorded":1044921600000},"geometry":{"type":"Polygon","coordinates":[[[-121.161057,44.289642],[-121.15888,44.289655],[-121.158873,44.290896],[-121.160893,44.290898],[-121.160891,44.290356],[-121.161064,44.29036],[-121.161057,44.289642]]],"crs":null}},{"type":"Feature","properties":{"sourceId":2128,"name":"Gray Butte Estates","slug":"gray-butte-estates","platName":"GRAY BUTTE ESTATES PHASE 1","recorded":1015804800000},"geometry":{"type":"Polygon","coordinates":[[[-121.163717,44.289637],[-121.163703,44.28885],[-121.162553,44.288852],[-121.162558,44.28964],[-121.163717,44.289637]]],"crs":null}},{"type":"Feature","properties":{"sourceId":2129,"name":"Gray Butte Estates","slug":"gray-butte-estates","platName":"GRAY BUTTE ESTATES PHASE 2","recorded":1040169600000},"geometry":{"type":"Polygon","coordinates":[[[-121.161398,44.289641],[-121.162558,44.28964],[-121.162553,44.288852],[-121.161385,44.288855],[-121.161398,44.289641]]],"crs":null}},{"type":"Feature","properties":{"sourceId":2130,"name":"Guy's Acres","slug":"guy-s-acres","platName":"GUY'S ACRES","recorded":1056585600000},"geometry":{"type":"Polygon","coordinates":[[[-121.158866,44.28965],[-121.161398,44.289641],[-121.161397,44.288855],[-121.158862,44.288858],[-121.158866,44.28965]]],"crs":null}},{"type":"Feature","properties":{"sourceId":2132,"name":"Desert Rise Industrial Park","slug":"desert-rise-industrial-park","platName":"DESERT RISE INDUSTRIAL PARK PHASE 1","recorded":1161043200000},"geometry":{"type":"Polygon","coordinates":[[[-121.148733,44.283723],[-121.148758,44.287426],[-121.15139,44.287421],[-121.151391,44.283915],[-121.151417,44.283895],[-121.151846,44.283882],[-121.151857,44.283717],[-121.148733,44.283723]]],"crs":null}},{"type":"Feature","properties":{"sourceId":2140,"name":"Larch Meadows","slug":"larch-meadows","platName":"LARCH MEADOWS","recorded":1123718400000},"geometry":{"type":"Polygon","coordinates":[[[-121.186516,44.289053],[-121.186522,44.288224],[-121.184804,44.288215],[-121.184799,44.289044],[-121.186516,44.289053]]],"crs":null}},{"type":"Feature","properties":{"sourceId":2141,"name":"Sage Court","slug":"sage-court","platName":"SAGE COURT PHASE 1","recorded":1156377600000},"geometry":{"type":"Polygon","coordinates":[[[-121.186522,44.288224],[-121.186526,44.287678],[-121.186179,44.287678],[-121.186167,44.287856],[-121.185888,44.287973],[-121.185683,44.287978],[-121.185682,44.288219],[-121.186522,44.288224]]],"crs":null}},{"type":"Feature","properties":{"sourceId":2142,"name":"McKenzie's Meadow","slug":"mckenzie-s-meadow","platName":"MCKENZIE'S MEADOW","recorded":1158019200000},"geometry":{"type":"Polygon","coordinates":[[[-121.184799,44.289044],[-121.184789,44.288216],[-121.184728,44.288214],[-121.184737,44.287432],[-121.184121,44.287433],[-121.184113,44.289055],[-121.184708,44.289055],[-121.18471,44.289044],[-121.184799,44.289044]]],"crs":null}},{"type":"Feature","properties":{"sourceId":2143,"name":"Dove Meadow","slug":"dove-meadow","platName":"DOVE MEADOW","recorded":1168992000000},"geometry":{"type":"Polygon","coordinates":[[[-121.185682,44.288219],[-121.185687,44.287428],[-121.184725,44.287438],[-121.184707,44.288208],[-121.185682,44.288219]]],"crs":null}},{"type":"Feature","properties":{"sourceId":2154,"name":"Kingwood Crossing","slug":"kingwood-crossing","platName":"KINGWOOD CROSSING","recorded":1212537600000},"geometry":{"type":"Polygon","coordinates":[[[-121.188263,44.287339],[-121.189049,44.287334],[-121.189055,44.286788],[-121.188268,44.28679],[-121.188263,44.287339]]],"crs":null}},{"type":"Feature","properties":{"sourceId":2155,"name":"Canyon Rim Village","slug":"canyon-rim-village","platName":"CANYON RIM VILLAGE PHASE 3","recorded":1029715200000},"geometry":{"type":"Polygon","coordinates":[[[-121.184389,44.285361],[-121.183628,44.285364],[-121.183614,44.285532],[-121.183589,44.285735],[-121.183574,44.285961],[-121.183574,44.286011],[-121.183574,44.286165],[-121.183575,44.286384],[-121.183919,44.286804],[-121.183928,44.2868],[-121.183935,44.286798],[-121.183941,44.286795],[-121.183948,44.286792],[-121.183954,44.28679],[-121.183961,44.286787],[-121.183967,44.286785],[-121.183974,44.286782],[-121.183981,44.28678],[-121.183987,44.286777],[-121.183994,44.286775],[-121.184,44.286772],[-121.184007,44.28677],[-121.184014,44.286767],[-121.18402,44.286765],[-121.184027,44.286762],[-121.184034,44.28676],[-121.184041,44.286758],[-121.184047,44.286755],[-121.184054,44.286753],[-121.184061,44.286751],[-121.184068,44.286749],[-121.184074,44.286746],[-121.184081,44.286744],[-121.184088,44.286742],[-121.184095,44.28674],[-121.184102,44.286738],[-121.184108,44.286735],[-121.184115,44.286733],[-121.184122,44.286731],[-121.184129,44.286729],[-121.184136,44.286726],[-121.184143,44.286724],[-121.18415,44.286722],[-121.18415,44.286956],[-121.186549,44.28695],[-121.186551,44.286941],[-121.186552,44.286935],[-121.186553,44.28693],[-121.186554,44.286925],[-121.186555,44.28692],[-121.186556,44.286914],[-121.186557,44.286909],[-121.186559,44.286904],[-121.18656,44.286898],[-121.186561,44.286893],[-121.186562,44.286888],[-121.186564,44.286882],[-121.186565,44.286877],[-121.186566,44.286872],[-121.186568,44.286867],[-121.186569,44.286861],[-121.18657,44.286856],[-121.186572,44.286851],[-121.186573,44.286846],[-121.186575,44.28684],[-121.186576,44.286835],[-121.186578,44.28683],[-121.186579,44.286825],[-121.186581,44.286819],[-121.186583,44.286814],[-121.186584,44.286809],[-121.186586,44.286804],[-121.186588,44.286798],[-121.186589,44.286793],[-121.186591,44.286788],[-121.186593,44.286783],[-121.186595,44.286778],[-121.186597,44.286772],[-121.186598,44.286767],[-121.1866,44.286762],[-121.186602,44.286757],[-121.186604,44.286752],[-121.186606,44.286747],[-121.186608,44.286741],[-121.18661,44.286736],[-121.186612,44.286731],[-121.186614,44.286726],[-121.186616,44.286721],[-121.186652,44.286636],[-121.186718,44.286475],[-121.186823,44.286223],[-121.186827,44.286214],[-121.186829,44.286209],[-121.186831,44.286204],[-121.186833,44.286198],[-121.186835,44.286193],[-121.186837,44.286188],[-121.186839,44.286183],[-121.186841,44.286178],[-121.186843,44.286173],[-121.186845,44.286167],[-121.186847,44.286162],[-121.186848,44.286159],[-121.186849,44.286155],[-121.18685,44.286153],[-121.186852,44.286147],[-121.186854,44.286142],[-121.186855,44.286139],[-121.184525,44.286137],[-121.184292,44.286158],[-121.18432,44.285971],[-121.184355,44.28574],[-121.184361,44.285701],[-121.184365,44.285679],[-121.184365,44.285674],[-121.184366,44.285668],[-121.184367,44.285663],[-121.184368,44.285658],[-121.184368,44.285652],[-121.184369,44.285647],[-121.18437,44.285642],[-121.18437,44.285636],[-121.184371,44.285632],[-121.184372,44.285627],[-121.184373,44.285621],[-121.184374,44.285616],[-121.184375,44.285609],[-121.184375,44.285605],[-121.184376,44.285599],[-121.184376,44.285594],[-121.184377,44.285588],[-121.184377,44.285583],[-121.184378,44.285577],[-121.184379,44.285572],[-121.184379,44.285567],[-121.184379,44.285562],[-121.18438,44.285552],[-121.184381,44.285546],[-121.184381,44.285541],[-121.184382,44.285536],[-121.184382,44.28553],[-121.184383,44.285525],[-121.184383,44.285519],[-121.184384,44.285514],[-121.184384,44.285508],[-121.184384,44.285503],[-121.184385,44.285498],[-121.184385,44.285492],[-121.184385,44.285487],[-121.184386,44.285482],[-121.184386,44.285476],[-121.184386,44.285471],[-121.184386,44.285466],[-121.184387,44.285461],[-121.184387,44.285455],[-121.184387,44.28545],[-121.184388,44.285445],[-121.184388,44.285439],[-121.184388,44.285434],[-121.184388,44.285428],[-121.184388,44.285424],[-121.184388,44.285417],[-121.184389,44.285361]]],"crs":null}},{"type":"Feature","properties":{"sourceId":2156,"name":"Rim Rock Acres","slug":"rim-rock-acres","platName":"RIM ROCK ACRES","recorded":-683683200000},"geometry":{"type":"Polygon","coordinates":[[[-121.179798,44.282362],[-121.179842,44.282338],[-121.179873,44.282315],[-121.179905,44.282288],[-121.179936,44.282266],[-121.179948,44.282242],[-121.179949,44.282212],[-121.179941,44.282162],[-121.179934,44.282139],[-121.179932,44.282134],[-121.179939,44.282097],[-121.179933,44.282068],[-121.179935,44.282043],[-121.179943,44.282012],[-121.179981,44.281956],[-121.179993,44.281923],[-121.179994,44.281898],[-121.179997,44.281876],[-121.180004,44.281845],[-121.180017,44.281813],[-121.180029,44.28178],[-121.180047,44.281745],[-121.180057,44.281709],[-121.180078,44.281676],[-121.1801,44.281636],[-121.180143,44.281575],[-121.180163,44.281562],[-121.180189,44.281534],[-121.180216,44.281506],[-121.180236,44.281488],[-121.180256,44.281457],[-121.180281,44.28142],[-121.180306,44.281398],[-121.180329,44.281354],[-121.180342,44.281311],[-121.180352,44.281262],[-121.180341,44.281204],[-121.18033,44.281135],[-121.180329,44.28111],[-121.180436,44.281028],[-121.180542,44.280945],[-121.180572,44.280916],[-121.180589,44.280877],[-121.180612,44.280864],[-121.180656,44.280834],[-121.180708,44.280801],[-121.180712,44.280799],[-121.180751,44.280755],[-121.180781,44.280736],[-121.180824,44.280709],[-121.180848,44.280686],[-121.180854,44.280665],[-121.180856,44.280639],[-121.180857,44.280608],[-121.180875,44.280547],[-121.180898,44.280505],[-121.180917,44.280475],[-121.180934,44.280449],[-121.180947,44.28043],[-121.180985,44.280382],[-121.18105,44.280361],[-121.181097,44.280353],[-121.181148,44.280339],[-121.18121,44.280333],[-121.181232,44.280321],[-121.181225,44.280308],[-121.181222,44.28029],[-121.181223,44.280273],[-121.181238,44.280232],[-121.181239,44.280193],[-121.181234,44.280151],[-121.181232,44.280132],[-121.179081,44.280126],[-121.17908,44.28374],[-121.179341,44.283262],[-121.179418,44.283117],[-121.179564,44.282845],[-121.179664,44.282658],[-121.17968,44.282628],[-121.179673,44.282579],[-121.179655,44.282452],[-121.179792,44.282365],[-121.179798,44.282362]]],"crs":null}},{"type":"Feature","properties":{"sourceId":2157,"name":"Emily Estates","slug":"emily-estates","platName":"EMILY ESTATES","recorded":1164067200000},"geometry":{"type":"Polygon","coordinates":[[[-121.189085,44.283629],[-121.189102,44.281744],[-121.186758,44.281755],[-121.186761,44.283636],[-121.189085,44.283629]]],"crs":null}},{"type":"Feature","properties":{"sourceId":2158,"name":"Mida Addition","slug":"mida-addition","platName":"MIDA ADDITION","recorded":460857600000},"geometry":{"type":"Polygon","coordinates":[[[-121.186804,44.281038],[-121.189108,44.281032],[-121.189114,44.280373],[-121.188001,44.280377],[-121.188004,44.28009],[-121.186808,44.280094],[-121.186804,44.281038]]],"crs":null}},{"type":"Feature","properties":{"sourceId":2159,"name":"Remington Arms","slug":"remington-arms","platName":"REMINGTON ARMS (THE)","recorded":343958400000},"geometry":{"type":"Polygon","coordinates":[[[-121.184151,44.281126],[-121.184149,44.281495],[-121.186756,44.281482],[-121.186759,44.281756],[-121.189101,44.281745],[-121.189108,44.281032],[-121.186797,44.281033],[-121.186808,44.280094],[-121.185565,44.280099],[-121.184151,44.281126]]],"crs":null}},{"type":"Feature","properties":{"sourceId":2160,"name":"Boulder Brook","slug":"boulder-brook","platName":"BOULDER BROOK PHASE 4","recorded":1063152000000},"geometry":{"type":"Polygon","coordinates":[[[-121.18829,44.278893],[-121.18829,44.278449],[-121.187073,44.278458],[-121.187072,44.278925],[-121.187434,44.278924],[-121.187434,44.278899],[-121.18829,44.278893]]],"crs":null}},{"type":"Feature","properties":{"sourceId":2170,"name":"Boulder Brook Condos","slug":"boulder-brook-condos","platName":"BOULDER BROOK CONDOMINIUMS","recorded":938044800000},"geometry":{"type":"Polygon","coordinates":[[[-121.189102,44.279606],[-121.187072,44.279621],[-121.187074,44.280093],[-121.189097,44.280085],[-121.189102,44.279606]]],"crs":null}},{"type":"Feature","properties":{"sourceId":2171,"name":"Boulder Brook","slug":"boulder-brook","platName":"BOULDER BROOK PHASE 1","recorded":970012800000},"geometry":{"type":"Polygon","coordinates":[[[-121.189102,44.279606],[-121.187468,44.279618],[-121.18747,44.279689],[-121.187072,44.279691],[-121.187074,44.280093],[-121.189097,44.280085],[-121.189102,44.279606]]],"crs":null}},{"type":"Feature","properties":{"sourceId":2172,"name":"Boulder Brook","slug":"boulder-brook","platName":"BOULDER BROOK PHASE 1 REPLAT LOTS 17 THROUGH 20","recorded":1000252800000},"geometry":{"type":"Polygon","coordinates":[[[-121.187145,44.279721],[-121.18715,44.28003],[-121.187334,44.280029],[-121.187333,44.280008],[-121.187456,44.280007],[-121.187451,44.279739],[-121.187328,44.27974],[-121.187328,44.279719],[-121.187145,44.279721]]],"crs":null}},{"type":"Feature","properties":{"sourceId":2173,"name":"Boulder Brook","slug":"boulder-brook","platName":"BOULDER BROOK PHASE 5","recorded":1137542400000},"geometry":{"type":"Polygon","coordinates":[[[-121.18829,44.278893],[-121.18829,44.279612],[-121.189102,44.279606],[-121.189108,44.278887],[-121.188345,44.278893],[-121.188339,44.278449],[-121.18829,44.278449],[-121.18829,44.278893]]],"crs":null}},{"type":"Feature","properties":{"sourceId":2174,"name":"Boulder Brook","slug":"boulder-brook","platName":"BOULDER BROOK PHASES 2 & 3","recorded":1049241600000},"geometry":{"type":"Polygon","coordinates":[[[-121.18829,44.278893],[-121.187434,44.278899],[-121.187434,44.278924],[-121.187072,44.278925],[-121.187072,44.279691],[-121.18747,44.279689],[-121.187468,44.279618],[-121.18829,44.279612],[-121.18829,44.278893]]],"crs":null}},{"type":"Feature","properties":{"sourceId":2180,"name":"Hayden Ranch Estates","slug":"hayden-ranch-estates","platName":"HAYDEN RANCH ESTATES PHASES 2 AND 3","recorded":1088640000000},"geometry":{"type":"Polygon","coordinates":[[[-121.166453,44.289519],[-121.166683,44.28739],[-121.163907,44.287396],[-121.163944,44.289424],[-121.164861,44.289416],[-121.165052,44.289428],[-121.165445,44.28942],[-121.165852,44.289446],[-121.166037,44.2895],[-121.166453,44.289519]]],"crs":null}},{"type":"Feature","properties":{"sourceId":2181,"name":"Hayden Ranch Estates","slug":"hayden-ranch-estates","platName":"HAYDEN RANCH ESTATES PHASE 1","recorded":1064880000000},"geometry":{"type":"Polygon","coordinates":[[[-121.166309,44.290891],[-121.166456,44.289523],[-121.166037,44.2895],[-121.165852,44.289446],[-121.165453,44.289424],[-121.165052,44.289428],[-121.164861,44.289416],[-121.163944,44.289424],[-121.163961,44.2909],[-121.166309,44.290891]]],"crs":null}},{"type":"Feature","properties":{"sourceId":2182,"name":"Redmond Acres","slug":"redmond-acres","platName":"REDMOND ACRES ADDITION","recorded":-1823644800000},"geometry":{"type":"Polygon","coordinates":[[[-121.163871,44.277036],[-121.162772,44.277037],[-121.162769,44.276546],[-121.158821,44.276555],[-121.158847,44.283787],[-121.163895,44.283777],[-121.163871,44.277036]]],"crs":null}},{"type":"Feature","properties":{"sourceId":2183,"name":"Redmond Acres","slug":"redmond-acres","platName":"REDMOND ACRES ADDITION","recorded":-1808870400000},"geometry":{"type":"Polygon","coordinates":[[[-121.162785,44.276627],[-121.158949,44.276637],[-121.158962,44.280171],[-121.163901,44.28016],[-121.163895,44.277228],[-121.162786,44.277229],[-121.162785,44.276627]]],"crs":null}},{"type":"Feature","properties":{"sourceId":2185,"name":"Redmond Townsite First Addition","slug":"redmond-townsite-first-addition","platName":"REDMOND TOWNSITE FIRST ADDITION REPLAT","recorded":null},"geometry":{"type":"Polygon","coordinates":[[[-121.180837,44.2765],[-121.184173,44.276485],[-121.18416,44.272862],[-121.180812,44.272878],[-121.180837,44.2765]]],"crs":null}},{"type":"Feature","properties":{"sourceId":2186,"name":"Redmond Addition","slug":"redmond-addition","platName":"REDMOND 1ST ADDITION","recorded":-1883088000000},"geometry":{"type":"Polygon","coordinates":[[[-121.179057,44.272886],[-121.179083,44.276512],[-121.184173,44.276485],[-121.18416,44.272862],[-121.179057,44.272886]]],"crs":null}},{"type":"Feature","properties":{"sourceId":2187,"name":"Dobson-Slocum Acreage","slug":"dobson-slocum-acreage","platName":"DOBSON-SLOCUM ACREAGE","recorded":-1856736000000},"geometry":{"type":"Polygon","coordinates":[[[-121.189264,44.272839],[-121.18416,44.272862],[-121.184173,44.276485],[-121.189263,44.276458],[-121.189264,44.272839]]],"crs":null}},{"type":"Feature","properties":{"sourceId":2188,"name":"Taylor's Addition","slug":"taylor-s-addition","platName":"TAYLOR'S ADDITION","recorded":-694310400000},"geometry":{"type":"Polygon","coordinates":[[[-121.184091,44.265652],[-121.179005,44.265675],[-121.179033,44.269512],[-121.184152,44.269504],[-121.184091,44.265652]]],"crs":null}},{"type":"Feature","properties":{"sourceId":2189,"name":"The Sage","slug":"the-sage","platName":"SAGE (THE)","recorded":988070400000},"geometry":{"type":"Polygon","coordinates":[[[-121.184043,44.262707],[-121.185302,44.2627],[-121.185299,44.262141],[-121.184034,44.262146],[-121.184043,44.262707]]],"crs":null}},{"type":"Feature","properties":{"sourceId":2190,"name":"Sage Townhomes Condo","slug":"sage-townhomes-condo","platName":"SAGE TOWNHOMES CONDOMINIUM","recorded":1201651200000},"geometry":{"type":"Polygon","coordinates":[[[-121.184196,44.262707],[-121.185188,44.262701],[-121.185179,44.262141],[-121.184194,44.262147],[-121.184196,44.262707]]],"crs":null}},{"type":"Feature","properties":{"sourceId":2191,"name":"Banta Acres","slug":"banta-acres","platName":"BANTA ACRES","recorded":-42940800000},"geometry":{"type":"Polygon","coordinates":[[[-121.186576,44.26564],[-121.186533,44.264381],[-121.184202,44.264397],[-121.184207,44.265652],[-121.186576,44.26564]]],"crs":null}},{"type":"Feature","properties":{"sourceId":2194,"name":"Heierman-McCormick","slug":"heierman-mccormick","platName":"HEIERMAN-MCCORMICK SECOND ADDITION","recorded":null},"geometry":{"type":"Polygon","coordinates":[[[-121.186493,44.263244],[-121.186454,44.262134],[-121.185408,44.26214],[-121.185426,44.263258],[-121.186493,44.263244]]],"crs":null}},{"type":"Feature","properties":{"sourceId":2204,"name":"Harold's Addition","slug":"harold-s-addition","platName":"HAROLD'S ADDITION","recorded":-651715200000},"geometry":{"type":"Polygon","coordinates":[[[-121.179005,44.265677],[-121.184091,44.265652],[-121.184035,44.262065],[-121.178979,44.262094],[-121.179005,44.265677]]],"crs":null}},{"type":"Feature","properties":{"sourceId":2205,"name":"Redmond Town Center","slug":"redmond-town-center","platName":"REDMOND TOWN CENTER","recorded":925430400000},"geometry":{"type":"Polygon","coordinates":[[[-121.178623,44.266556],[-121.178323,44.266558],[-121.178117,44.266549],[-121.178004,44.266536],[-121.177885,44.266516],[-121.177733,44.26648],[-121.177607,44.26644],[-121.177138,44.266275],[-121.176977,44.266219],[-121.176824,44.266167],[-121.176645,44.26612],[-121.176489,44.266091],[-121.176331,44.266072],[-121.176172,44.266063],[-121.176001,44.266063],[-121.175785,44.266066],[-121.175708,44.266229],[-121.176092,44.266228],[-121.176095,44.2668],[-121.175469,44.266799],[-121.175465,44.266818],[-121.175461,44.266851],[-121.175457,44.266884],[-121.175453,44.266917],[-121.17545,44.266949],[-121.175448,44.266982],[-121.175447,44.266999],[-121.175446,44.267021],[-121.175446,44.267054],[-121.17545,44.268614],[-121.175871,44.268611],[-121.175871,44.268695],[-121.175909,44.268695],[-121.175911,44.269271],[-121.176293,44.26927],[-121.176292,44.268681],[-121.177476,44.268679],[-121.177543,44.268679],[-121.177631,44.268679],[-121.177637,44.269256],[-121.177637,44.269261],[-121.177636,44.269267],[-121.177636,44.269272],[-121.177636,44.269278],[-121.177636,44.269283],[-121.177636,44.269289],[-121.177636,44.269294],[-121.177636,44.2693],[-121.177636,44.269305],[-121.177636,44.269311],[-121.177644,44.269496],[-121.179023,44.269511],[-121.179023,44.269166],[-121.179503,44.269168],[-121.179502,44.268976],[-121.179029,44.268974],[-121.179033,44.268516],[-121.1795,44.268525],[-121.179497,44.267529],[-121.179486,44.266716],[-121.178621,44.266721],[-121.178623,44.266556]]],"crs":null}},{"type":"Feature","properties":{"sourceId":2206,"name":"Aspen Winds","slug":"aspen-winds","platName":"ASPEN WINDS PHASE 1","recorded":1069804800000},"geometry":{"type":"Polygon","coordinates":[[[-121.199211,44.275219],[-121.198792,44.275226],[-121.19848,44.275137],[-121.197775,44.274935],[-121.197489,44.274703],[-121.197384,44.274667],[-121.196897,44.275174],[-121.196899,44.276432],[-121.199208,44.276421],[-121.199211,44.275219]]],"crs":null}},{"type":"Feature","properties":{"sourceId":2207,"name":"Heierman","slug":"heierman","platName":"HEIERMAN","recorded":900892800000},"geometry":{"type":"Polygon","coordinates":[[[-121.19524,44.275406],[-121.194408,44.275409],[-121.194406,44.276015],[-121.194543,44.276015],[-121.194688,44.276059],[-121.194764,44.276082],[-121.194764,44.276357],[-121.195237,44.276355],[-121.19524,44.275406]]],"crs":null}},{"type":"Feature","properties":{"sourceId":2208,"name":"Aspen Winds","slug":"aspen-winds","platName":"ASPEN WINDS PHASE 2","recorded":1118707200000},"geometry":{"type":"Polygon","coordinates":[[[-121.197393,44.276348],[-121.197393,44.276053],[-121.197266,44.276052],[-121.197266,44.275859],[-121.197261,44.275586],[-121.196888,44.275586],[-121.196889,44.276349],[-121.197393,44.276348]]],"crs":null}},{"type":"Feature","properties":{"sourceId":2209,"name":"Village Pointe","slug":"village-pointe","platName":"VILLAGE POINTE PHASES 4-7","recorded":1173657600000},"geometry":{"type":"Polygon","coordinates":[[[-121.20435,44.27637],[-121.206317,44.276362],[-121.206957,44.274609],[-121.207467,44.273259],[-121.207475,44.27281],[-121.204499,44.272812],[-121.204501,44.273094],[-121.204502,44.273271],[-121.203924,44.273266],[-121.203916,44.273626],[-121.204267,44.273625],[-121.204272,44.273873],[-121.204255,44.274491],[-121.204257,44.274657],[-121.204265,44.274705],[-121.204278,44.274752],[-121.204286,44.274784],[-121.204291,44.274848],[-121.204371,44.274847],[-121.20435,44.27637]]],"crs":null}},{"type":"Feature","properties":{"sourceId":2210,"name":"Deer Crossing","slug":"deer-crossing","platName":"DEER CROSSING PHASE 1","recorded":1185235200000},"geometry":{"type":"Polygon","coordinates":[[[-121.204363,44.27637],[-121.20437,44.274848],[-121.203031,44.274847],[-121.203015,44.276374],[-121.204363,44.27637]]],"crs":null}},{"type":"Feature","properties":{"sourceId":2211,"name":"Village Pointe","slug":"village-pointe","platName":"VILLAGE POINTE PHASE 8","recorded":1205798400000},"geometry":{"type":"Polygon","coordinates":[[[-121.204273,44.273265],[-121.20427,44.272812],[-121.203559,44.272813],[-121.203562,44.273068],[-121.203589,44.273079],[-121.203618,44.273097],[-121.203646,44.273123],[-121.203662,44.273148],[-121.203672,44.27318],[-121.203672,44.273208],[-121.203661,44.27324],[-121.203924,44.273266],[-121.204273,44.273265]]],"crs":null}},{"type":"Feature","properties":{"sourceId":2212,"name":"Village Pointe","slug":"village-pointe","platName":"VILLAGE POINTE PHASES 2 & 3","recorded":1111104000000},"geometry":{"type":"Polygon","coordinates":[[[-121.200646,44.272814],[-121.200445,44.273374],[-121.200232,44.273832],[-121.200057,44.274151],[-121.20045,44.274248],[-121.200677,44.274242],[-121.202379,44.274242],[-121.202379,44.274217],[-121.202608,44.274217],[-121.204257,44.274217],[-121.204267,44.273625],[-121.203913,44.273625],[-121.203924,44.273266],[-121.203661,44.27324],[-121.203672,44.273198],[-121.20366,44.273144],[-121.203635,44.27311],[-121.203589,44.273079],[-121.203562,44.273068],[-121.203559,44.272813],[-121.200646,44.272814]]],"crs":null}},{"type":"Feature","properties":{"sourceId":2213,"name":"Village Pointe","slug":"village-pointe","platName":"VILLAGE POINTE PHASE 1","recorded":1077235200000},"geometry":{"type":"Polygon","coordinates":[[[-121.203034,44.274848],[-121.204301,44.274846],[-121.204266,44.274714],[-121.204247,44.274626],[-121.204255,44.274491],[-121.204257,44.274217],[-121.20239,44.274217],[-121.202379,44.274242],[-121.201955,44.274242],[-121.201726,44.274242],[-121.200677,44.274242],[-121.200456,44.274247],[-121.200061,44.274143],[-121.199864,44.274537],[-121.199562,44.275066],[-121.202918,44.275067],[-121.202896,44.276356],[-121.203022,44.276356],[-121.203034,44.274848]]],"crs":null}},{"type":"Feature","properties":{"sourceId":2214,"name":"Antler Ridge","slug":"antler-ridge","platName":"ANTLER RIDGE PHASE 2","recorded":1180569600000},"geometry":{"type":"Polygon","coordinates":[[[-121.209398,44.276373],[-121.20942,44.273697],[-121.209241,44.273724],[-121.20923,44.273556],[-121.208445,44.273562],[-121.208043,44.273487],[-121.207788,44.273471],[-121.207453,44.273395],[-121.206993,44.274618],[-121.206957,44.274609],[-121.206924,44.274699],[-121.206319,44.276367],[-121.209398,44.276373]]],"crs":null}},{"type":"Feature","properties":{"sourceId":2215,"name":"Antler Ridge","slug":"antler-ridge","platName":"ANTLER RIDGE PHASE 1","recorded":1148601600000},"geometry":{"type":"Polygon","coordinates":[[[-121.209427,44.272809],[-121.207475,44.27281],[-121.207467,44.273259],[-121.207243,44.273854],[-121.209408,44.273713],[-121.209427,44.272809]]],"crs":null}},{"type":"Feature","properties":{"sourceId":2216,"name":"Meadowbrook Estates","slug":"meadowbrook-estates","platName":"MEADOWBROOK ESTATES","recorded":239846400000},"geometry":{"type":"Polygon","coordinates":[[[-121.201387,44.269357],[-121.201161,44.269358],[-121.201161,44.269371],[-121.201162,44.269382],[-121.201163,44.269393],[-121.201164,44.269404],[-121.201165,44.269414],[-121.201166,44.269425],[-121.201168,44.269436],[-121.20117,44.269447],[-121.201172,44.269457],[-121.201174,44.269468],[-121.201176,44.269479],[-121.201179,44.269489],[-121.201182,44.2695],[-121.201185,44.269511],[-121.201188,44.269521],[-121.201192,44.269532],[-121.201196,44.269542],[-121.2012,44.269553],[-121.201204,44.269563],[-121.201208,44.269573],[-121.201213,44.269584],[-121.201218,44.269594],[-121.201223,44.269604],[-121.201228,44.269614],[-121.201234,44.269624],[-121.201239,44.269634],[-121.201245,44.269644],[-121.201251,44.269654],[-121.201257,44.269664],[-121.201264,44.269674],[-121.20127,44.269683],[-121.201277,44.269693],[-121.201286,44.269704],[-121.201295,44.269719],[-121.201305,44.269734],[-121.201311,44.269744],[-121.20132,44.269758],[-121.201326,44.269768],[-121.201334,44.269784],[-121.201339,44.269794],[-121.201347,44.269809],[-121.201352,44.269819],[-121.201359,44.269835],[-121.201365,44.26985],[-121.201371,44.269866],[-121.201375,44.269876],[-121.20138,44.269892],[-121.201384,44.269902],[-121.201397,44.269946],[-121.201401,44.269957],[-121.201404,44.269968],[-121.201408,44.269983],[-121.201411,44.269999],[-121.201414,44.27001],[-121.201416,44.270021],[-121.201418,44.270037],[-121.20142,44.270048],[-121.201421,44.270058],[-121.201423,44.270075],[-121.201424,44.270091],[-121.201425,44.270102],[-121.201425,44.270112],[-121.201425,44.270129],[-121.201425,44.270145],[-121.201424,44.270161],[-121.201423,44.270177],[-121.201422,44.270188],[-121.201421,44.270199],[-121.201419,44.270215],[-121.201416,44.270231],[-121.201384,44.270413],[-121.20138,44.270432],[-121.201375,44.270464],[-121.201371,44.27049],[-121.201368,44.270517],[-121.201366,44.270534],[-121.201364,44.27055],[-121.201361,44.270577],[-121.201359,44.270604],[-121.201358,44.27062],[-121.201357,44.270636],[-121.201356,44.270663],[-121.201355,44.270679],[-121.201355,44.270695],[-121.201354,44.270722],[-121.201355,44.270749],[-121.201354,44.270776],[-121.201356,44.270793],[-121.201355,44.270807],[-121.201356,44.270836],[-121.201358,44.270863],[-121.201359,44.270879],[-121.20136,44.270895],[-121.201361,44.270901],[-121.201361,44.270906],[-121.201361,44.270911],[-121.201362,44.270916],[-121.201363,44.270921],[-121.201363,44.270925],[-121.201362,44.270932],[-121.201361,44.270939],[-121.201358,44.270945],[-121.201354,44.270952],[-121.20135,44.270957],[-121.201345,44.270961],[-121.20134,44.270965],[-121.201334,44.270969],[-121.20131,44.27097],[-121.201296,44.270969],[-121.201201,44.270968],[-121.200699,44.270957],[-121.200343,44.270943],[-121.200114,44.270941],[-121.199754,44.270938],[-121.199359,44.270932],[-121.199343,44.272815],[-121.209427,44.272809],[-121.209465,44.26935],[-121.20928,44.26935],[-121.209276,44.269598],[-121.209274,44.269856],[-121.209272,44.270114],[-121.209269,44.270376],[-121.209266,44.270866],[-121.209264,44.270889],[-121.209262,44.270907],[-121.209251,44.270921],[-121.209236,44.270929],[-121.20922,44.270936],[-121.209208,44.270942],[-121.209192,44.270944],[-121.209173,44.270946],[-121.208895,44.270946],[-121.208536,44.270948],[-121.20818,44.270948],[-121.207821,44.27095],[-121.207466,44.270952],[-121.207105,44.270952],[-121.206749,44.270953],[-121.206354,44.270953],[-121.206089,44.270954],[-121.205817,44.270956],[-121.205512,44.270957],[-121.205207,44.270958],[-121.204902,44.27096],[-121.204596,44.270961],[-121.204266,44.270962],[-121.203884,44.270963],[-121.203503,44.270964],[-121.203121,44.270963],[-121.20274,44.270963],[-121.20236,44.270967],[-121.201977,44.270968],[-121.201664,44.27097],[-121.201653,44.270969],[-121.20164,44.27097],[-121.201633,44.270969],[-121.201623,44.270969],[-121.20162,44.270967],[-121.201614,44.270963],[-121.201609,44.270959],[-121.201604,44.270953],[-121.201599,44.270946],[-121.201596,44.27094],[-121.201593,44.27093],[-121.201592,44.270922],[-121.201591,44.270912],[-121.20159,44.270902],[-121.201587,44.270875],[-121.201585,44.270848],[-121.201583,44.270821],[-121.201582,44.270805],[-121.201581,44.270789],[-121.20158,44.270762],[-121.20158,44.270735],[-121.20158,44.270719],[-121.20158,44.270702],[-121.201581,44.270675],[-121.201582,44.270648],[-121.201584,44.270621],[-121.201586,44.270594],[-121.201587,44.270578],[-121.201589,44.270562],[-121.201592,44.270535],[-121.201595,44.270508],[-121.201599,44.270481],[-121.201604,44.270452],[-121.201611,44.270411],[-121.20164,44.270251],[-121.201642,44.270241],[-121.201643,44.27023],[-121.201645,44.270219],[-121.201646,44.270208],[-121.201647,44.270198],[-121.201648,44.270187],[-121.201649,44.270176],[-121.20165,44.270165],[-121.20165,44.270154],[-121.20165,44.270144],[-121.201651,44.270133],[-121.201651,44.270122],[-121.20165,44.270111],[-121.20165,44.2701],[-121.20165,44.27009],[-121.201649,44.270079],[-121.201648,44.270068],[-121.201647,44.270057],[-121.201646,44.270046],[-121.201645,44.270036],[-121.201643,44.270025],[-121.201642,44.270014],[-121.20164,44.270003],[-121.201638,44.269993],[-121.201636,44.269982],[-121.201634,44.269971],[-121.201631,44.269961],[-121.201629,44.26995],[-121.201626,44.269939],[-121.201623,44.269929],[-121.201618,44.269911],[-121.201604,44.269867],[-121.201599,44.269851],[-121.201593,44.269836],[-121.201588,44.26982],[-121.201582,44.269804],[-121.201575,44.269789],[-121.201568,44.269773],[-121.201563,44.269763],[-121.201559,44.269753],[-121.201551,44.269738],[-121.201543,44.269722],[-121.201535,44.269707],[-121.201526,44.269692],[-121.201517,44.269677],[-121.201508,44.269663],[-121.201498,44.269648],[-121.201488,44.269633],[-121.201477,44.269618],[-121.201467,44.269603],[-121.201458,44.269589],[-121.201449,44.269574],[-121.20144,44.269559],[-121.201432,44.269544],[-121.201425,44.269528],[-121.201419,44.269513],[-121.201415,44.269502],[-121.201411,44.269492],[-121.201406,44.269476],[-121.201401,44.26946],[-121.201397,44.269444],[-121.201395,44.269434],[-121.201393,44.269423],[-121.20139,44.269407],[-121.201388,44.269391],[-121.201387,44.269375],[-121.201387,44.269364],[-121.201387,44.269357]]],"crs":null}},{"type":"Feature","properties":{"sourceId":2222,"name":"Six Peaks","slug":"six-peaks","platName":"SIX PEAKS PHASE 4","recorded":1078185600000},"geometry":{"type":"Polygon","coordinates":[[[-121.199756,44.266462],[-121.199843,44.266358],[-121.200652,44.26636],[-121.200684,44.261996],[-121.19919,44.261986],[-121.198894,44.263621],[-121.198966,44.263788],[-121.199004,44.263878],[-121.199044,44.263972],[-121.199091,44.264081],[-121.199147,44.264164],[-121.199262,44.264334],[-121.199404,44.264545],[-121.199395,44.265856],[-121.199756,44.266462]]],"crs":null}},{"type":"Feature","properties":{"sourceId":2223,"name":"Six Peaks","slug":"six-peaks","platName":"SIX PEAKS PHASES 1, 2 AND 3","recorded":1053043200000},"geometry":{"type":"Polygon","coordinates":[[[-121.204434,44.266162],[-121.200653,44.266154],[-121.200655,44.266378],[-121.199843,44.266358],[-121.199746,44.266445],[-121.199974,44.266826],[-121.204429,44.266835],[-121.204434,44.266162]]],"crs":null}},{"type":"Feature","properties":{"sourceId":2224,"name":"Hayden View","slug":"hayden-view","platName":"HAYDEN VIEW PHASE THREE","recorded":973555200000},"geometry":{"type":"Polygon","coordinates":[[[-121.207699,44.2649],[-121.206376,44.264888],[-121.204445,44.264885],[-121.204438,44.26556],[-121.200656,44.265552],[-121.200653,44.266154],[-121.204738,44.266163],[-121.206596,44.26583],[-121.207378,44.265829],[-121.207396,44.265569],[-121.207699,44.2649]]],"crs":null}},{"type":"Feature","properties":{"sourceId":2225,"name":"Willow Springs","slug":"willow-springs","platName":"WILLOW SPRINGS PHASE 2","recorded":1063152000000},"geometry":{"type":"Polygon","coordinates":[[[-121.206482,44.265852],[-121.204738,44.266163],[-121.204549,44.266162],[-121.204541,44.267193],[-121.206597,44.267188],[-121.206602,44.266485],[-121.206527,44.266485],[-121.206532,44.265991],[-121.206482,44.265852]]],"crs":null}},{"type":"Feature","properties":{"sourceId":2226,"name":"Willow Springs","slug":"willow-springs","platName":"WILLOW SPRINGS PHASE 1","recorded":1027900800000},"geometry":{"type":"Polygon","coordinates":[[[-121.209244,44.266489],[-121.208998,44.26649],[-121.208751,44.266491],[-121.208504,44.266491],[-121.208257,44.266492],[-121.208011,44.266492],[-121.207764,44.266493],[-121.207517,44.266493],[-121.207517,44.266583],[-121.20711,44.266584],[-121.20701,44.266534],[-121.206907,44.266484],[-121.206603,44.266485],[-121.206601,44.266749],[-121.2066,44.266831],[-121.2066,44.266913],[-121.206598,44.267188],[-121.206369,44.267189],[-121.206141,44.267189],[-121.205912,44.26719],[-121.205684,44.26719],[-121.205455,44.267191],[-121.205226,44.267191],[-121.204998,44.267192],[-121.204769,44.267192],[-121.204541,44.267193],[-121.204539,44.267468],[-121.204538,44.267606],[-121.204536,44.267882],[-121.204765,44.267882],[-121.204994,44.267882],[-121.205223,44.267881],[-121.205452,44.267881],[-121.205681,44.26788],[-121.20591,44.26788],[-121.206139,44.267879],[-121.206368,44.267879],[-121.206597,44.267879],[-121.206826,44.267878],[-121.207054,44.267878],[-121.207284,44.267877],[-121.207512,44.267877],[-121.207741,44.267876],[-121.20797,44.267876],[-121.208199,44.267875],[-121.208428,44.267875],[-121.208661,44.267875],[-121.208852,44.267874],[-121.209234,44.267873],[-121.209244,44.266489]]],"crs":null}},{"type":"Feature","properties":{"sourceId":2227,"name":"Willow Springs","slug":"willow-springs","platName":"WILLOW SPRINGS PHASE 3","recorded":1073433600000},"geometry":{"type":"Polygon","coordinates":[[[-121.206528,44.266485],[-121.206907,44.266484],[-121.20711,44.266584],[-121.207517,44.266583],[-121.207517,44.266493],[-121.209244,44.266489],[-121.209249,44.26583],[-121.207378,44.265829],[-121.206915,44.26583],[-121.206596,44.26583],[-121.206468,44.265854],[-121.206526,44.265991],[-121.206528,44.266485]]],"crs":null}},{"type":"Feature","properties":{"sourceId":2228,"name":"Obsidian Meadows","slug":"obsidian-meadows","platName":"OBSIDIAN MEADOWS","recorded":1138060800000},"geometry":{"type":"Polygon","coordinates":[[[-121.209727,44.262046],[-121.209462,44.262044],[-121.207948,44.262036],[-121.207949,44.262622],[-121.207779,44.262997],[-121.207796,44.264762],[-121.207396,44.265569],[-121.207396,44.265792],[-121.209478,44.265774],[-121.209523,44.264937],[-121.20954,44.264534],[-121.209551,44.264414],[-121.209576,44.264201],[-121.209616,44.263944],[-121.209656,44.263708],[-121.209726,44.263297],[-121.209742,44.263196],[-121.209753,44.263026],[-121.209751,44.262907],[-121.209746,44.2627],[-121.209742,44.26255],[-121.209727,44.262046]]],"crs":null}},{"type":"Feature","properties":{"sourceId":2229,"name":"Hayden View","slug":"hayden-view","platName":"HAYDEN VIEW PHASE ONE","recorded":890179200000},"geometry":{"type":"Polygon","coordinates":[[[-121.20795,44.261936],[-121.204465,44.261921],[-121.204461,44.263416],[-121.204569,44.263421],[-121.20457,44.263248],[-121.207779,44.263246],[-121.207779,44.263093],[-121.207779,44.262997],[-121.207811,44.262927],[-121.207848,44.262845],[-121.207885,44.262763],[-121.207941,44.262638],[-121.207949,44.262622],[-121.207949,44.262496],[-121.207949,44.262325],[-121.20795,44.261936]]],"crs":null}},{"type":"Feature","properties":{"sourceId":2230,"name":"Black Hawk","slug":"black-hawk","platName":"BLACK HAWK PHASE ONE","recorded":775267200000},"geometry":{"type":"Polygon","coordinates":[[[-121.200684,44.261902],[-121.200666,44.264398],[-121.201573,44.264398],[-121.201573,44.264123],[-121.202489,44.264123],[-121.202489,44.264398],[-121.202603,44.264398],[-121.202603,44.264123],[-121.204296,44.264123],[-121.204286,44.265518],[-121.204229,44.265518],[-121.204229,44.26556],[-121.204438,44.265569],[-121.204469,44.261921],[-121.200684,44.261902]]],"crs":null}},{"type":"Feature","properties":{"sourceId":2231,"name":"Berni's Subdivision","slug":"berni-s-subdivision","platName":"BERNI'S SUBDIVISION","recorded":null},"geometry":{"type":"Polygon","coordinates":[[[-121.189177,44.265628],[-121.18919,44.265937],[-121.189188,44.266165],[-121.189198,44.266499],[-121.189239,44.268123],[-121.189259,44.268924],[-121.189264,44.269219],[-121.18972,44.269217],[-121.190009,44.268502],[-121.19012,44.268226],[-121.190232,44.26795],[-121.190565,44.267124],[-121.190579,44.267089],[-121.190716,44.266896],[-121.190704,44.266854],[-121.190645,44.26665],[-121.190627,44.266499],[-121.190716,44.266371],[-121.190714,44.266288],[-121.190636,44.266204],[-121.190471,44.266016],[-121.190443,44.265894],[-121.190286,44.265682],[-121.190256,44.265619],[-121.189177,44.265628]]],"crs":null}},{"type":"Feature","properties":{"sourceId":2232,"name":"Stonehedge on the Rim","slug":"stonehedge-on-the-rim","platName":"STONEHEDGE ON THE RIM PHASE IV","recorded":1090886400000},"geometry":{"type":"Polygon","coordinates":[[[-121.194183,44.265946],[-121.193584,44.26595],[-121.193189,44.265952],[-121.192966,44.265951],[-121.192917,44.265878],[-121.192877,44.265804],[-121.192183,44.265811],[-121.19225,44.266036],[-121.192458,44.266254],[-121.192517,44.266425],[-121.192544,44.266555],[-121.192551,44.266632],[-121.192561,44.266741],[-121.192566,44.2668],[-121.192602,44.266896],[-121.192627,44.26696],[-121.192624,44.267033],[-121.192621,44.267129],[-121.192618,44.267211],[-121.1926,44.26726],[-121.192568,44.267345],[-121.192542,44.2674],[-121.192498,44.267492],[-121.192462,44.267568],[-121.192424,44.267613],[-121.192367,44.267682],[-121.192432,44.267682],[-121.192488,44.267649],[-121.192544,44.267621],[-121.192682,44.267563],[-121.192808,44.267523],[-121.192917,44.267498],[-121.193113,44.26746],[-121.193293,44.267425],[-121.193422,44.2674],[-121.193562,44.267364],[-121.193741,44.267292],[-121.193876,44.267211],[-121.194007,44.267097],[-121.194079,44.267007],[-121.194142,44.266889],[-121.194174,44.266776],[-121.194187,44.266638],[-121.194183,44.265946]]],"crs":null}},{"type":"Feature","properties":{"sourceId":2233,"name":"Julina Park","slug":"julina-park","platName":"JULINA PARK","recorded":1174953600000},"geometry":{"type":"MultiPolygon","coordinates":[[[[-121.199395,44.265856],[-121.199399,44.265325],[-121.198841,44.265328],[-121.198683,44.265315],[-121.19867,44.265416],[-121.198679,44.265481],[-121.198554,44.265525],[-121.198422,44.265308],[-121.198094,44.265418],[-121.197772,44.265662],[-121.197785,44.265681],[-121.1972,44.265887],[-121.197069,44.265841],[-121.196516,44.266026],[-121.196474,44.266113],[-121.196313,44.266181],[-121.195577,44.266179],[-121.195485,44.266143],[-121.194785,44.266145],[-121.194783,44.266294],[-121.194407,44.266287],[-121.194415,44.267192],[-121.196643,44.267185],[-121.196652,44.267703],[-121.19871,44.267699],[-121.198702,44.26701],[-121.199227,44.267028],[-121.199252,44.266864],[-121.199279,44.266745],[-121.199307,44.266659],[-121.19939,44.26648],[-121.19946,44.266368],[-121.199591,44.266205],[-121.199395,44.265856]]],[[[-121.199735,44.266461],[-121.199647,44.266608],[-121.199598,44.266722],[-121.199585,44.26676],[-121.19957,44.266813],[-121.199549,44.266916],[-121.199541,44.267053],[-121.19975,44.267047],[-121.199969,44.267117],[-121.20011,44.26706],[-121.199735,44.266461]]]],"crs":null}},{"type":"Feature","properties":{"sourceId":2234,"name":"Stonehedge West","slug":"stonehedge-west","platName":"STONEHEDGE WEST PHASE 2","recorded":845942400000},"geometry":{"type":"Polygon","coordinates":[[[-121.198238,44.268155],[-121.198192,44.267997],[-121.198197,44.2677],[-121.197245,44.267702],[-121.197252,44.267998],[-121.197245,44.268157],[-121.197245,44.269104],[-121.197398,44.269104],[-121.197784,44.269103],[-121.198054,44.269083],[-121.198244,44.26907],[-121.198238,44.268155]]],"crs":null}},{"type":"Feature","properties":{"sourceId":2235,"name":"Aspen Creek","slug":"aspen-creek","platName":"ASPEN CREEK MANUFACTURED HOME SUBDIVISION","recorded":1147996800000},"geometry":{"type":"Polygon","coordinates":[[[-121.194407,44.266287],[-121.194786,44.266286],[-121.194785,44.266145],[-121.195485,44.266143],[-121.195577,44.266179],[-121.196313,44.266181],[-121.196474,44.266113],[-121.196519,44.266025],[-121.197069,44.265841],[-121.1972,44.265887],[-121.197785,44.265681],[-121.197772,44.265662],[-121.198094,44.265418],[-121.198422,44.265308],[-121.198554,44.265525],[-121.198677,44.265471],[-121.19867,44.2654],[-121.198686,44.265299],[-121.198857,44.265316],[-121.199399,44.265325],[-121.199403,44.264706],[-121.199223,44.264332],[-121.19439,44.264135],[-121.194407,44.266287]]],"crs":null}},{"type":"Feature","properties":{"sourceId":2236,"name":"North Rim","slug":"north-rim","platName":"NORTH RIM","recorded":-19612800000},"geometry":{"type":"Polygon","coordinates":[[[-121.17895,44.298218],[-121.183976,44.29821],[-121.18404,44.294593],[-121.179013,44.294603],[-121.17895,44.298218]]],"crs":null}},{"type":"Feature","properties":{"sourceId":2243,"name":"Stonehedge on the Rim","slug":"stonehedge-on-the-rim","platName":"STONEHEDGE ON THE RIM PHASE I","recorded":927676800000},"geometry":{"type":"Polygon","coordinates":[[[-121.193045,44.263764],[-121.192823,44.263803],[-121.192395,44.263857],[-121.192434,44.264036],[-121.192489,44.264289],[-121.192513,44.264398],[-121.19243,44.264535],[-121.1923,44.26475],[-121.192173,44.264959],[-121.192115,44.265054],[-121.192116,44.265148],[-121.192122,44.265605],[-121.192183,44.265811],[-121.192639,44.265807],[-121.192744,44.265803],[-121.192861,44.265802],[-121.192876,44.265802],[-121.192878,44.265808],[-121.19288,44.265812],[-121.192883,44.265817],[-121.192885,44.265823],[-121.192888,44.265828],[-121.192891,44.265833],[-121.192893,44.265838],[-121.192896,44.265843],[-121.192899,44.265848],[-121.192901,44.265852],[-121.192904,44.265857],[-121.192907,44.265862],[-121.19291,44.265867],[-121.192913,44.265872],[-121.192916,44.265877],[-121.192919,44.265882],[-121.192923,44.265887],[-121.192965,44.265951],[-121.194296,44.265942],[-121.194274,44.263696],[-121.193479,44.263703],[-121.193045,44.263764]]],"crs":null}},{"type":"Feature","properties":{"sourceId":2244,"name":"Stonehedge on the Rim","slug":"stonehedge-on-the-rim","platName":"STONEHEDGE ON THE RIM PHASE II","recorded":1024963200000},"geometry":{"type":"Polygon","coordinates":[[[-121.192823,44.263803],[-121.19306,44.263762],[-121.193387,44.263716],[-121.193479,44.263703],[-121.19379,44.263699],[-121.194153,44.263695],[-121.194139,44.261966],[-121.192009,44.261996],[-121.192007,44.262078],[-121.192064,44.262077],[-121.192067,44.262345],[-121.191428,44.262354],[-121.19165,44.262537],[-121.191702,44.262754],[-121.191582,44.262944],[-121.191611,44.263141],[-121.191457,44.263399],[-121.191763,44.263499],[-121.19236,44.263692],[-121.192395,44.263857],[-121.192823,44.263803]]],"crs":null}},{"type":"Feature","properties":{"sourceId":2246,"name":"Copper Ridge","slug":"copper-ridge","platName":"COPPER RIDGE PHASE 1","recorded":921110400000},"geometry":{"type":"Polygon","coordinates":[[[-121.214508,44.258348],[-121.214474,44.254749],[-121.211963,44.254711],[-121.212001,44.258328],[-121.214508,44.258348]]],"crs":null}},{"type":"Feature","properties":{"sourceId":2247,"name":"Copper Ridge","slug":"copper-ridge","platName":"COPPER RIDGE PHASES 2, 3 & 4","recorded":959817600000},"geometry":{"type":"Polygon","coordinates":[[[-121.213982,44.258344],[-121.213981,44.256883],[-121.213585,44.256884],[-121.213371,44.257048],[-121.211988,44.257048],[-121.212003,44.25833],[-121.213982,44.258344]]],"crs":null}},{"type":"Feature","properties":{"sourceId":2248,"name":"Whitehorse","slug":"whitehorse","platName":"WHITEHORSE PHASES 2, 3, 4 AND 5","recorded":909705600000},"geometry":{"type":"Polygon","coordinates":[[[-121.209593,44.255739],[-121.209595,44.256376],[-121.209999,44.256376],[-121.210004,44.258021],[-121.209597,44.258021],[-121.209598,44.258311],[-121.210991,44.258321],[-121.210993,44.256786],[-121.211129,44.256666],[-121.211069,44.256419],[-121.211372,44.25615],[-121.210963,44.255887],[-121.2109,44.255831],[-121.210829,44.255744],[-121.209593,44.255739]]],"crs":null}},{"type":"Feature","properties":{"sourceId":2249,"name":"Whitehorse","slug":"whitehorse","platName":"WHITEHORSE PHASES 6 AND 7","recorded":953856000000},"geometry":{"type":"Polygon","coordinates":[[[-121.211988,44.257032],[-121.211604,44.257032],[-121.21138,44.256892],[-121.210993,44.256892],[-121.210994,44.258212],[-121.211997,44.258219],[-121.211988,44.257032]]],"crs":null}},{"type":"Feature","properties":{"sourceId":2250,"name":"Whitehorse","slug":"whitehorse","platName":"WHITEHORSE PHASE 8","recorded":934934400000},"geometry":{"type":"Polygon","coordinates":[[[-121.211832,44.256448],[-121.211372,44.25615],[-121.211069,44.256419],[-121.211129,44.256666],[-121.210993,44.256786],[-121.210993,44.256892],[-121.21138,44.256892],[-121.211604,44.257032],[-121.211988,44.257032],[-121.211987,44.256857],[-121.211985,44.256692],[-121.211984,44.256447],[-121.211832,44.256448]]],"crs":null}},{"type":"Feature","properties":{"sourceId":2251,"name":"Whitehorse","slug":"whitehorse","platName":"WHITEHORSE PHASE 1","recorded":882921600000},"geometry":{"type":"Polygon","coordinates":[[[-121.210004,44.258021],[-121.209999,44.256376],[-121.209594,44.256379],[-121.209603,44.258025],[-121.210004,44.258021]]],"crs":null}},{"type":"Feature","properties":{"sourceId":2252,"name":"Ridgepointe","slug":"ridgepointe","platName":"RIDGEPOINTE","recorded":1053388800000},"geometry":{"type":"Polygon","coordinates":[[[-121.210963,44.255887],[-121.211832,44.256448],[-121.211984,44.256447],[-121.211971,44.254708],[-121.209468,44.254671],[-121.209471,44.255226],[-121.209585,44.255225],[-121.209582,44.255738],[-121.210829,44.255743],[-121.210963,44.255887]]],"crs":null}},{"type":"Feature","properties":{"sourceId":2253,"name":"Atop the Summit","slug":"atop-the-summit","platName":"ATOP THE SUMMIT PHASES 1 AND 2","recorded":1079395200000},"geometry":{"type":"Polygon","coordinates":[[[-121.214359,44.254665],[-121.214342,44.252485],[-121.213984,44.252487],[-121.213988,44.252887],[-121.214083,44.253036],[-121.213938,44.253085],[-121.213938,44.253512],[-121.213939,44.254351],[-121.213138,44.254351],[-121.213139,44.254645],[-121.214359,44.254665]]],"crs":null}},{"type":"Feature","properties":{"sourceId":2254,"name":"Summit","slug":"summit","platName":"SUMMIT (THE) PHASE TWO","recorded":884304000000},"geometry":{"type":"Polygon","coordinates":[[[-121.213939,44.254351],[-121.213938,44.253085],[-121.213963,44.253077],[-121.214002,44.253065],[-121.214029,44.253056],[-121.214046,44.253049],[-121.214083,44.253036],[-121.213988,44.252887],[-121.213985,44.252582],[-121.21364,44.252583],[-121.213641,44.252673],[-121.213297,44.252675],[-121.213297,44.252705],[-121.212911,44.252707],[-121.212914,44.252902],[-121.211968,44.252896],[-121.211981,44.254626],[-121.213139,44.254645],[-121.213138,44.254351],[-121.213939,44.254351]]],"crs":null}},{"type":"Feature","properties":{"sourceId":2255,"name":"Hill Crest","slug":"hill-crest","platName":"HILL CREST","recorded":-645580800000},"geometry":{"type":"Polygon","coordinates":[[[-121.214446,44.251098],[-121.209421,44.25107],[-121.205979,44.251091],[-121.205926,44.251197],[-121.205888,44.251323],[-121.205738,44.251603],[-121.20564,44.251877],[-121.2056,44.251989],[-121.205568,44.252202],[-121.205624,44.25234],[-121.205701,44.252434],[-121.206059,44.252581],[-121.206177,44.252677],[-121.206283,44.252755],[-121.206366,44.252822],[-121.206473,44.252908],[-121.206834,44.253079],[-121.20704,44.253182],[-121.207338,44.253268],[-121.207721,44.253476],[-121.20809,44.253788],[-121.208286,44.254042],[-121.208399,44.254189],[-121.208431,44.254215],[-121.208507,44.254326],[-121.208711,44.254518],[-121.208802,44.254604],[-121.208883,44.254674],[-121.209073,44.254824],[-121.209209,44.254901],[-121.209454,44.254936],[-121.209468,44.254671],[-121.211971,44.254708],[-121.214474,44.254749],[-121.214446,44.251098]]],"crs":null}},{"type":"Feature","properties":{"sourceId":2256,"name":"Summit","slug":"summit","platName":"SUMMIT (THE) PHASE ONE","recorded":828489600000},"geometry":{"type":"Polygon","coordinates":[[[-121.214335,44.251813],[-121.214338,44.251816],[-121.214401,44.25188],[-121.214452,44.251863],[-121.214449,44.251186],[-121.212897,44.251173],[-121.212911,44.252707],[-121.213297,44.252705],[-121.213297,44.252675],[-121.213641,44.252673],[-121.21364,44.252583],[-121.213985,44.252582],[-121.213984,44.252487],[-121.214342,44.252485],[-121.214339,44.25229],[-121.214339,44.252279],[-121.214338,44.252268],[-121.214338,44.252257],[-121.214335,44.251813]]],"crs":null}},{"type":"Feature","properties":{"sourceId":2258,"name":"Bentwood Estates","slug":"bentwood-estates","platName":"BENTWOOD ESTATES","recorded":279331200000},"geometry":{"type":"Polygon","coordinates":[[[-121.219435,44.247454],[-121.214404,44.247461],[-121.214446,44.25102],[-121.215084,44.251022],[-121.215104,44.251022],[-121.21512,44.251022],[-121.21515,44.251021],[-121.215181,44.25102],[-121.215203,44.25102],[-121.215219,44.251019],[-121.215241,44.251018],[-121.215257,44.251017],[-121.215287,44.251014],[-121.21531,44.251012],[-121.215325,44.251011],[-121.215355,44.251008],[-121.215385,44.251005],[-121.215408,44.251002],[-121.215423,44.251],[-121.215438,44.250998],[-121.21546,44.250994],[-121.21549,44.25099],[-121.21552,44.250985],[-121.215549,44.250979],[-121.215571,44.250975],[-121.215586,44.250972],[-121.215615,44.250966],[-121.215645,44.250959],[-121.215666,44.250954],[-121.215681,44.25095],[-121.215702,44.250945],[-121.215717,44.250941],[-121.215745,44.250933],[-121.215766,44.250927],[-121.21578,44.250923],[-121.215808,44.250914],[-121.215836,44.250905],[-121.215864,44.250896],[-121.215878,44.250891],[-121.215898,44.250884],[-121.215925,44.250873],[-121.215952,44.250863],[-121.215972,44.250855],[-121.215985,44.25085],[-121.216005,44.250841],[-121.216018,44.250835],[-121.216044,44.250824],[-121.21607,44.250812],[-121.216095,44.2508],[-121.216106,44.250794],[-121.216111,44.25079],[-121.216386,44.25062],[-121.216392,44.250617],[-121.216397,44.250613],[-121.21641,44.250603],[-121.216421,44.250595],[-121.216431,44.250587],[-121.216446,44.250574],[-121.216562,44.250477],[-121.216591,44.250452],[-121.216616,44.250431],[-121.216667,44.25039],[-121.216692,44.250369],[-121.216723,44.250345],[-121.216774,44.250304],[-121.216821,44.250267],[-121.216873,44.250227],[-121.216926,44.250187],[-121.216979,44.250148],[-121.217032,44.250108],[-121.217086,44.250069],[-121.21714,44.250031],[-121.217195,44.249992],[-121.21723,44.249968],[-121.217263,44.249945],[-121.217297,44.249922],[-121.21733,44.2499],[-121.217363,44.249877],[-121.217397,44.249855],[-121.217437,44.249829],[-121.21747,44.249807],[-121.217516,44.249778],[-121.217562,44.249749],[-121.217608,44.24972],[-121.217654,44.249691],[-121.2177,44.249663],[-121.217747,44.249634],[-121.217794,44.249606],[-121.217841,44.249578],[-121.21797,44.249503],[-121.218097,44.249428],[-121.218216,44.249358],[-121.21834,44.249285],[-121.218493,44.249195],[-121.21864,44.249107],[-121.218793,44.249016],[-121.21894,44.248928],[-121.219039,44.248868],[-121.219132,44.248812],[-121.219226,44.248755],[-121.219434,44.248634],[-121.219435,44.247454]]],"crs":null}},{"type":"Feature","properties":{"sourceId":2259,"name":"Cascade View Estates","slug":"cascade-view-estates","platName":"CASCADE VIEW ESTATES PHASE 4","recorded":929318400000},"geometry":{"type":"Polygon","coordinates":[[[-121.213795,44.247612],[-121.212201,44.247625],[-121.212201,44.248334],[-121.213421,44.248323],[-121.213453,44.251019],[-121.214446,44.25102],[-121.214406,44.247563],[-121.214024,44.24757],[-121.213795,44.247612]]],"crs":null}},{"type":"Feature","properties":{"sourceId":2260,"name":"Cascade View Estates","slug":"cascade-view-estates","platName":"CASCADE VIEW ESTATES PHASE 1","recorded":748742400000},"geometry":{"type":"Polygon","coordinates":[[[-121.213421,44.248323],[-121.212202,44.248337],[-121.212193,44.247681],[-121.211851,44.247693],[-121.211609,44.247616],[-121.211179,44.247662],[-121.211192,44.24769],[-121.210659,44.247783],[-121.210659,44.247815],[-121.209873,44.247822],[-121.209877,44.248097],[-121.209881,44.248381],[-121.210287,44.248412],[-121.21031,44.248414],[-121.210325,44.248416],[-121.21034,44.248417],[-121.210355,44.248419],[-121.21037,44.248421],[-121.210385,44.248423],[-121.2104,44.248425],[-121.210415,44.248427],[-121.21043,44.248429],[-121.210445,44.248432],[-121.21046,44.248435],[-121.210474,44.248437],[-121.210489,44.24844],[-121.210504,44.248443],[-121.210518,44.248446],[-121.21054,44.248451],[-121.210555,44.248455],[-121.210569,44.248458],[-121.210583,44.248462],[-121.210598,44.248466],[-121.210619,44.248472],[-121.21064,44.248478],[-121.210654,44.248482],[-121.210668,44.248487],[-121.210682,44.248491],[-121.210696,44.248496],[-121.21071,44.248501],[-121.210723,44.248506],[-121.210744,44.248513],[-121.210757,44.248519],[-121.21077,44.248524],[-121.21079,44.248532],[-121.210803,44.248538],[-121.210816,44.248544],[-121.210836,44.248552],[-121.210848,44.248558],[-121.210861,44.248565],[-121.210874,44.248571],[-121.210886,44.248577],[-121.210905,44.248587],[-121.211075,44.248697],[-121.211091,44.248709],[-121.211101,44.248718],[-121.211111,44.248726],[-121.21112,44.248734],[-121.21113,44.248743],[-121.21114,44.248751],[-121.211149,44.24876],[-121.211158,44.248769],[-121.211167,44.248778],[-121.211176,44.248787],[-121.211185,44.248796],[-121.211194,44.248805],[-121.211202,44.248814],[-121.211211,44.248823],[-121.211219,44.248832],[-121.211229,44.248845],[-121.211237,44.248854],[-121.211245,44.248863],[-121.211252,44.248873],[-121.21126,44.248883],[-121.211267,44.248892],[-121.211277,44.248907],[-121.211284,44.248917],[-121.21129,44.248927],[-121.211297,44.248937],[-121.211303,44.248947],[-121.211309,44.248957],[-121.211315,44.248967],[-121.211321,44.248977],[-121.211326,44.248987],[-121.211332,44.248998],[-121.211339,44.249011],[-121.211344,44.249021],[-121.211348,44.249032],[-121.211353,44.249042],[-121.211358,44.249053],[-121.211362,44.249063],[-121.211368,44.249079],[-121.211372,44.24909],[-121.211375,44.2491],[-121.211379,44.249111],[-121.211382,44.249122],[-121.211385,44.249133],[-121.211388,44.249143],[-121.211391,44.249154],[-121.211394,44.249165],[-121.211396,44.249176],[-121.211399,44.24919],[-121.211401,44.249201],[-121.211403,44.249212],[-121.211404,44.249223],[-121.211406,44.249234],[-121.211407,44.249245],[-121.211408,44.249256],[-121.211409,44.249267],[-121.21141,44.249283],[-121.21141,44.249294],[-121.21141,44.249305],[-121.21141,44.249316],[-121.21141,44.249327],[-121.21141,44.249338],[-121.211409,44.249349],[-121.211409,44.24936],[-121.211407,44.249374],[-121.211395,44.249507],[-121.211393,44.249523],[-121.211393,44.249534],[-121.211392,44.249551],[-121.211392,44.249567],[-121.211392,44.249584],[-121.211392,44.2496],[-121.211393,44.249617],[-121.211394,44.249631],[-121.211396,44.249648],[-121.211398,44.249664],[-121.2114,44.249675],[-121.211402,44.249686],[-121.211405,44.249702],[-121.211408,44.249718],[-121.211412,44.249735],[-121.211417,44.249751],[-121.211421,44.249767],[-121.211426,44.249783],[-121.211432,44.249799],[-121.211438,44.249815],[-121.211444,44.249831],[-121.211451,44.249846],[-121.211458,44.249862],[-121.211465,44.249878],[-121.211475,44.249895],[-121.211483,44.249911],[-121.211489,44.249921],[-121.211494,44.249931],[-121.211504,44.249946],[-121.211513,44.249961],[-121.21152,44.249971],[-121.21153,44.249986],[-121.211541,44.25],[-121.211551,44.250015],[-121.211559,44.250024],[-121.21157,44.250039],[-121.211578,44.250048],[-121.211586,44.250057],[-121.211599,44.250071],[-121.211611,44.250085],[-121.211623,44.250097],[-121.211656,44.250131],[-121.211857,44.250337],[-121.212057,44.250542],[-121.212191,44.25068],[-121.212204,44.250693],[-121.212213,44.250702],[-121.212227,44.250715],[-121.212242,44.250728],[-121.212257,44.25074],[-121.212272,44.250753],[-121.212287,44.250765],[-121.2123,44.250775],[-121.212316,44.250786],[-121.212333,44.250798],[-121.212349,44.250809],[-121.212367,44.25082],[-121.212384,44.250831],[-121.212402,44.250841],[-121.212414,44.250848],[-121.212426,44.250855],[-121.212444,44.250864],[-121.212463,44.250874],[-121.212482,44.250883],[-121.212495,44.250889],[-121.212508,44.250895],[-121.212527,44.250904],[-121.212547,44.250912],[-121.212567,44.25092],[-121.212587,44.250927],[-121.21261,44.250935],[-121.212631,44.250942],[-121.212645,44.250947],[-121.212659,44.250951],[-121.212673,44.250955],[-121.212687,44.250959],[-121.212708,44.250965],[-121.21273,44.250971],[-121.212752,44.250976],[-121.212773,44.250981],[-121.212788,44.250984],[-121.212803,44.250987],[-121.212825,44.250991],[-121.21284,44.250993],[-121.212855,44.250996],[-121.212877,44.250999],[-121.212892,44.251001],[-121.212907,44.251003],[-121.212922,44.251004],[-121.212938,44.251006],[-121.21296,44.251008],[-121.212983,44.25101],[-121.213006,44.251011],[-121.213021,44.251012],[-121.213037,44.251012],[-121.213052,44.251013],[-121.213074,44.251013],[-121.213453,44.251019],[-121.213421,44.248323]]],"crs":null}},{"type":"Feature","properties":{"sourceId":2261,"name":"Cascade View Estates","slug":"cascade-view-estates","platName":"CASCADE VIEW ESTATES PHASE 9","recorded":1088726400000},"geometry":{"type":"Polygon","coordinates":[[[-121.214406,44.247563],[-121.214404,44.247461],[-121.214409,44.245181],[-121.213795,44.244314],[-121.211984,44.244974],[-121.21214,44.245221],[-121.212212,44.245379],[-121.212561,44.245865],[-121.21284,44.246254],[-121.2129,44.246231],[-121.213075,44.246474],[-121.213278,44.246583],[-121.213404,44.246861],[-121.213412,44.247615],[-121.213795,44.247612],[-121.214024,44.247566],[-121.214406,44.247563]]],"crs":null}},{"type":"Feature","properties":{"sourceId":2262,"name":"Cascade View Estates","slug":"cascade-view-estates","platName":"CASCADE VIEW ESTATES PHASE 5","recorded":841276800000},"geometry":{"type":"Polygon","coordinates":[[[-121.212191,44.247395],[-121.212192,44.247626],[-121.213412,44.247615],[-121.213404,44.246861],[-121.213278,44.246583],[-121.213075,44.246474],[-121.2129,44.246231],[-121.21284,44.246254],[-121.212665,44.246011],[-121.212561,44.245865],[-121.212212,44.245379],[-121.21214,44.245221],[-121.211984,44.244974],[-121.211672,44.245089],[-121.21135,44.245239],[-121.211102,44.245253],[-121.210485,44.245481],[-121.210675,44.245765],[-121.211056,44.245808],[-121.212191,44.247395]]],"crs":null}},{"type":"Feature","properties":{"sourceId":2263,"name":"Cascade View Estates","slug":"cascade-view-estates","platName":"CASCADE VIEW ESTATES PHASE 2","recorded":782006400000},"geometry":{"type":"Polygon","coordinates":[[[-121.209551,44.245828],[-121.208853,44.245832],[-121.208878,44.247389],[-121.209487,44.247386],[-121.209489,44.24755],[-121.209869,44.247548],[-121.209873,44.247822],[-121.210267,44.247818],[-121.210659,44.247815],[-121.210659,44.247783],[-121.211192,44.24769],[-121.211179,44.247662],[-121.211609,44.247616],[-121.211851,44.247693],[-121.212193,44.247681],[-121.212192,44.247626],[-121.212191,44.247395],[-121.211056,44.245808],[-121.210675,44.245765],[-121.210485,44.245481],[-121.209551,44.245828]]],"crs":null}},{"type":"Feature","properties":{"sourceId":2264,"name":"Ranch Way Acres","slug":"ranch-way-acres","platName":"RANCH WAY ACRES AMENDED PLAT","recorded":-164592000000},"geometry":{"type":"Polygon","coordinates":[[[-121.194222,44.25836],[-121.199364,44.25831],[-121.199304,44.254727],[-121.194187,44.254756],[-121.194222,44.25836]]],"crs":null}},{"type":"Feature","properties":{"sourceId":2265,"name":"Ranch Way Acres","slug":"ranch-way-acres","platName":"RANCH WAY ACRES","recorded":-199065600000},"geometry":{"type":"Polygon","coordinates":[[[-121.194222,44.25836],[-121.199364,44.25831],[-121.199304,44.254727],[-121.196746,44.254777],[-121.194187,44.254756],[-121.194222,44.25836]]],"crs":null}},{"type":"Feature","properties":{"sourceId":2266,"name":"Parker's Place","slug":"parker-s-place","platName":"PARKER'S PLACE","recorded":909532800000},"geometry":{"type":"Polygon","coordinates":[[[-121.193611,44.255499],[-121.193029,44.255502],[-121.193034,44.256162],[-121.193618,44.256159],[-121.193611,44.255499]]],"crs":null}},{"type":"Feature","properties":{"sourceId":2267,"name":"Coho Crossing","slug":"coho-crossing","platName":"COHO CROSSING","recorded":1028592000000},"geometry":{"type":"Polygon","coordinates":[[[-121.194196,44.255497],[-121.194187,44.254756],[-121.193016,44.25476],[-121.193029,44.255502],[-121.194196,44.255497]]],"crs":null}},{"type":"Feature","properties":{"sourceId":2268,"name":"Coho Crossing","slug":"coho-crossing","platName":"COHO CROSSING REPLAT","recorded":1213833600000},"geometry":{"type":"Polygon","coordinates":[[[-121.19408,44.255497],[-121.194074,44.254838],[-121.193023,44.254844],[-121.193029,44.255502],[-121.19408,44.255497]]],"crs":null}},{"type":"Feature","properties":{"sourceId":2269,"name":"Torryn's Addition","slug":"torryn-s-addition","platName":"TORRYN'S ADDITION","recorded":1168992000000},"geometry":{"type":"Polygon","coordinates":[[[-121.192279,44.255954],[-121.192325,44.254848],[-121.19178,44.254851],[-121.191778,44.255845],[-121.19175,44.255845],[-121.191751,44.255932],[-121.192279,44.255954]]],"crs":null}},{"type":"Feature","properties":{"sourceId":2270,"name":"Reindeer Woods","slug":"reindeer-woods","platName":"REINDEER WOODS","recorded":314409600000},"geometry":{"type":"Polygon","coordinates":[[[-121.189081,44.25841],[-121.190982,44.25839],[-121.190965,44.256593],[-121.18908,44.256604],[-121.189081,44.25841]]],"crs":null}},{"type":"Feature","properties":{"sourceId":2271,"name":"Carly Meadows","slug":"carly-meadows","platName":"CARLY MEADOWS PHASE 1","recorded":1161302400000},"geometry":{"type":"Polygon","coordinates":[[[-121.206978,44.261],[-121.206971,44.260122],[-121.204445,44.260117],[-121.204453,44.260878],[-121.204764,44.260878],[-121.204968,44.260915],[-121.205731,44.260943],[-121.205933,44.260872],[-121.206165,44.260926],[-121.206978,44.261]]],"crs":null}},{"type":"Feature","properties":{"sourceId":2272,"name":"Hayden Village","slug":"hayden-village","platName":"HAYDEN VILLAGE PHASE I","recorded":653529600000},"geometry":{"type":"Polygon","coordinates":[[[-121.207926,44.259388],[-121.204552,44.259388],[-121.204536,44.25831],[-121.204425,44.25831],[-121.204445,44.260116],[-121.206971,44.260122],[-121.206986,44.261935],[-121.207985,44.26194],[-121.207984,44.26021],[-121.207824,44.26021],[-121.20783,44.259687],[-121.207926,44.259388]]],"crs":null}},{"type":"Feature","properties":{"sourceId":2273,"name":"Hayden Village","slug":"hayden-village","platName":"HAYDEN VILLAGE PHASE II","recorded":669772800000},"geometry":{"type":"Polygon","coordinates":[[[-121.208098,44.259105],[-121.208087,44.258315],[-121.204545,44.258311],[-121.204552,44.259388],[-121.20798,44.259388],[-121.20798,44.259105],[-121.208098,44.259105]]],"crs":null}},{"type":"Feature","properties":{"sourceId":2274,"name":"Hayden Village","slug":"hayden-village","platName":"HAYDEN VILLAGE PHASE III","recorded":736473600000},"geometry":{"type":"Polygon","coordinates":[[[-121.209506,44.261949],[-121.209495,44.259025],[-121.208096,44.259025],[-121.208098,44.259105],[-121.20798,44.259105],[-121.20798,44.259388],[-121.207926,44.259388],[-121.207815,44.259685],[-121.207824,44.26021],[-121.207984,44.26021],[-121.207987,44.261942],[-121.209506,44.261949]]],"crs":null}},{"type":"Feature","properties":{"sourceId":2275,"name":"Hayden Village","slug":"hayden-village","platName":"HAYDEN VILLAGE PHASE III","recorded":693446400000},"geometry":{"type":"Polygon","coordinates":[[[-121.209506,44.261949],[-121.209488,44.259024],[-121.208096,44.259025],[-121.208098,44.259105],[-121.20798,44.259105],[-121.20798,44.259388],[-121.207926,44.259388],[-121.20783,44.259687],[-121.207824,44.26021],[-121.207984,44.26021],[-121.207978,44.261942],[-121.209506,44.261949]]],"crs":null}},{"type":"Feature","properties":{"sourceId":2276,"name":"Hayden Village","slug":"hayden-village","platName":"HAYDEN VILLAGE PHASE V","recorded":736646400000},"geometry":{"type":"Polygon","coordinates":[[[-121.209489,44.258939],[-121.209487,44.25831],[-121.208089,44.258311],[-121.208097,44.258941],[-121.209489,44.258939]]],"crs":null}},{"type":"Feature","properties":{"sourceId":2277,"name":"Hayden Village","slug":"hayden-village","platName":"HAYDEN VILLAGE PHASE VI","recorded":731721600000},"geometry":{"type":"Polygon","coordinates":[[[-121.206536,44.25725],[-121.206729,44.257157],[-121.206986,44.257137],[-121.207322,44.256974],[-121.207088,44.256671],[-121.207088,44.256513],[-121.204404,44.256527],[-121.204425,44.25831],[-121.204801,44.258307],[-121.204801,44.257954],[-121.207052,44.257953],[-121.206782,44.257629],[-121.206735,44.257462],[-121.206536,44.25725]]],"crs":null}},{"type":"Feature","properties":{"sourceId":2278,"name":"Hayden Village","slug":"hayden-village","platName":"HAYDEN VILLAGE PHASE IV","recorded":716688000000},"geometry":{"type":"Polygon","coordinates":[[[-121.209487,44.25831],[-121.209473,44.256504],[-121.207113,44.256513],[-121.207088,44.256671],[-121.207322,44.256974],[-121.206986,44.257137],[-121.206729,44.257157],[-121.206536,44.25725],[-121.206738,44.257465],[-121.206782,44.257629],[-121.207052,44.257953],[-121.204801,44.257954],[-121.204794,44.258308],[-121.209487,44.25831]]],"crs":null}},{"type":"Feature","properties":{"sourceId":2279,"name":"Hayden Village","slug":"hayden-village","platName":"HAYDEN VILLAGE PHASE VII","recorded":755481600000},"geometry":{"type":"Polygon","coordinates":[[[-121.207733,44.256516],[-121.207732,44.25532],[-121.207269,44.255311],[-121.2069,44.255311],[-121.206673,44.255291],[-121.206295,44.255291],[-121.206242,44.255455],[-121.206233,44.255485],[-121.206177,44.255658],[-121.206127,44.255815],[-121.204512,44.255815],[-121.204516,44.256089],[-121.204517,44.256254],[-121.20452,44.256527],[-121.207733,44.256516]]],"crs":null}},{"type":"Feature","properties":{"sourceId":2280,"name":"Hayden Village","slug":"hayden-village","platName":"HAYDEN VILLAGE PHASE VIII","recorded":755481600000},"geometry":{"type":"Polygon","coordinates":[[[-121.205717,44.25461],[-121.205609,44.254709],[-121.205608,44.254778],[-121.204501,44.254781],[-121.204512,44.255807],[-121.206127,44.255815],[-121.206295,44.255291],[-121.206673,44.255291],[-121.2069,44.255311],[-121.207729,44.255318],[-121.207727,44.254681],[-121.206703,44.254686],[-121.206091,44.254303],[-121.205717,44.25461]]],"crs":null}},{"type":"Feature","properties":{"sourceId":2281,"name":"Hayden Village","slug":"hayden-village","platName":"HAYDEN VILLAGE PHASE IX","recorded":803088000000},"geometry":{"type":"Polygon","coordinates":[[[-121.209477,44.256505],[-121.209469,44.254935],[-121.209209,44.254901],[-121.209048,44.254809],[-121.208973,44.254748],[-121.208869,44.254663],[-121.208757,44.254561],[-121.208705,44.254675],[-121.208582,44.254676],[-121.208329,44.254841],[-121.208257,44.255],[-121.208235,44.254995],[-121.208222,44.254992],[-121.2082,44.254987],[-121.208183,44.254984],[-121.208169,44.254981],[-121.20814,44.254975],[-121.208109,44.25497],[-121.208072,44.254965],[-121.208149,44.254795],[-121.208098,44.254747],[-121.207727,44.254681],[-121.207727,44.25495],[-121.207841,44.25495],[-121.207843,44.256509],[-121.209477,44.256505]]],"crs":null}},{"type":"Feature","properties":{"sourceId":2282,"name":"Summerfield","slug":"summerfield","platName":"SUMMERFIELD PHASE I","recorded":306547200000},"geometry":{"type":"Polygon","coordinates":[[[-121.20431,44.258228],[-121.204308,44.258022],[-121.203581,44.25802],[-121.203584,44.258228],[-121.203318,44.258228],[-121.203315,44.257954],[-121.2023,44.257954],[-121.201906,44.257954],[-121.201906,44.257226],[-121.200454,44.25723],[-121.200224,44.257212],[-121.199345,44.257205],[-121.199364,44.25831],[-121.204307,44.25831],[-121.20431,44.258228]]],"crs":null}},{"type":"Feature","properties":{"sourceId":2283,"name":"Summerfield","slug":"summerfield","platName":"SUMMERFIELD PHASE II","recorded":720316800000},"geometry":{"type":"Polygon","coordinates":[[[-121.201968,44.256428],[-121.201954,44.25643],[-121.201955,44.256595],[-121.201907,44.256595],[-121.201906,44.257954],[-121.202017,44.257954],[-121.20202,44.258228],[-121.20431,44.258228],[-121.204314,44.258286],[-121.204424,44.25829],[-121.204396,44.256087],[-121.204136,44.256088],[-121.204109,44.256088],[-121.204094,44.256089],[-121.204078,44.256089],[-121.204063,44.25609],[-121.204048,44.25609],[-121.204025,44.256092],[-121.204002,44.256093],[-121.203987,44.256095],[-121.203972,44.256096],[-121.203949,44.256098],[-121.203934,44.2561],[-121.203919,44.256102],[-121.203903,44.256104],[-121.203881,44.256107],[-121.203858,44.256111],[-121.203836,44.256115],[-121.203564,44.256163],[-121.203296,44.256211],[-121.202911,44.256281],[-121.202574,44.256341],[-121.202298,44.256391],[-121.202214,44.256406],[-121.202195,44.256409],[-121.20218,44.256411],[-121.202165,44.256414],[-121.20215,44.256416],[-121.202135,44.256418],[-121.20212,44.256419],[-121.202105,44.256421],[-121.20209,44.256422],[-121.202075,44.256424],[-121.20206,44.256425],[-121.202044,44.256426],[-121.202029,44.256426],[-121.202014,44.256427],[-121.201999,44.256428],[-121.201983,44.256428],[-121.201968,44.256428]]],"crs":null}},{"type":"Feature","properties":{"sourceId":2284,"name":"Summerfield","slug":"summerfield","platName":"SUMMERFIELD PHASE III","recorded":746755200000},"geometry":{"type":"Polygon","coordinates":[[[-121.199331,44.256528],[-121.199344,44.257213],[-121.200196,44.257216],[-121.200454,44.25723],[-121.200836,44.257229],[-121.201906,44.257226],[-121.201907,44.256595],[-121.201955,44.256595],[-121.201954,44.25643],[-121.201985,44.25643],[-121.202,44.256429],[-121.202015,44.256429],[-121.20203,44.256428],[-121.202045,44.256427],[-121.202061,44.256426],[-121.202076,44.256425],[-121.202091,44.256423],[-121.202106,44.256422],[-121.202121,44.25642],[-121.202136,44.256418],[-121.202151,44.256416],[-121.202166,44.256414],[-121.202181,44.256411],[-121.202199,44.256408],[-121.202284,44.256393],[-121.202559,44.256343],[-121.203296,44.256211],[-121.203571,44.256162],[-121.203797,44.256122],[-121.203822,44.256117],[-121.203844,44.256113],[-121.203867,44.25611],[-121.203889,44.256106],[-121.203905,44.256104],[-121.203958,44.256098],[-121.203973,44.256097],[-121.204011,44.256094],[-121.204034,44.256093],[-121.204049,44.256092],[-121.204122,44.25609],[-121.204397,44.256093],[-121.204386,44.254699],[-121.20185,44.254713],[-121.201878,44.25651],[-121.199331,44.256528]]],"crs":null}},{"type":"Feature","properties":{"sourceId":2285,"name":"Summerfield","slug":"summerfield","platName":"SUMMERFIELD PHASE IV","recorded":768009600000},"geometry":{"type":"Polygon","coordinates":[[[-121.200227,44.254818],[-121.199507,44.25647],[-121.199486,44.256518],[-121.199448,44.256518],[-121.199454,44.256807],[-121.200049,44.256808],[-121.200011,44.256738],[-121.199963,44.256664],[-121.199916,44.256601],[-121.199845,44.256517],[-121.201359,44.256513],[-121.201876,44.256507],[-121.201852,44.254707],[-121.200288,44.254722],[-121.200247,44.254804],[-121.200227,44.254818]]],"crs":null}},{"type":"Feature","properties":{"sourceId":2286,"name":"Redmond Heights","slug":"redmond-heights","platName":"REDMOND HEIGHTS","recorded":-664848000000},"geometry":{"type":"Polygon","coordinates":[[[-121.204331,44.251093],[-121.209421,44.25107],[-121.209374,44.247469],[-121.206345,44.247481],[-121.206365,44.248887],[-121.206133,44.248864],[-121.205812,44.248828],[-121.20551,44.248793],[-121.205436,44.248785],[-121.205421,44.248783],[-121.205399,44.24878],[-121.205384,44.248778],[-121.205362,44.248775],[-121.205339,44.248771],[-121.205325,44.248768],[-121.20531,44.248765],[-121.2053,44.248765],[-121.205286,44.248762],[-121.205264,44.248756],[-121.205243,44.24875],[-121.205222,44.248744],[-121.205208,44.248739],[-121.205187,44.248732],[-121.205174,44.248728],[-121.205154,44.24872],[-121.20514,44.248715],[-121.20512,44.248707],[-121.205107,44.248701],[-121.205088,44.248692],[-121.205075,44.248686],[-121.205057,44.248677],[-121.205038,44.248667],[-121.20502,44.248657],[-121.205002,44.248647],[-121.204991,44.24864],[-121.204974,44.248629],[-121.204962,44.248622],[-121.204951,44.248614],[-121.204935,44.248603],[-121.204919,44.248591],[-121.204668,44.248394],[-121.204394,44.248173],[-121.204386,44.247484],[-121.204278,44.247487],[-121.204331,44.251093]]],"crs":null}},{"type":"Feature","properties":{"sourceId":2287,"name":"Alder Glen","slug":"alder-glen","platName":"ALDER GLEN","recorded":1185926400000},"geometry":{"type":"Polygon","coordinates":[[[-121.206166,44.251002],[-121.206156,44.250311],[-121.204435,44.250328],[-121.204445,44.25101],[-121.206166,44.251002]]],"crs":null}},{"type":"Feature","properties":{"sourceId":2288,"name":"Volcano Place","slug":"volcano-place","platName":"VOLCANO PLACE II","recorded":1216857600000},"geometry":{"type":"Polygon","coordinates":[[[-121.204435,44.250328],[-121.205899,44.250314],[-121.205638,44.250157],[-121.205468,44.25008],[-121.205395,44.250056],[-121.205153,44.249969],[-121.205005,44.249915],[-121.204947,44.249892],[-121.204914,44.249876],[-121.204816,44.249827],[-121.204644,44.249733],[-121.204424,44.249584],[-121.204425,44.249661],[-121.204435,44.250328]]],"crs":null}},{"type":"Feature","properties":{"sourceId":2289,"name":"Volcano Place","slug":"volcano-place","platName":"VOLCANO PLACE","recorded":1075939200000},"geometry":{"type":"Polygon","coordinates":[[[-121.204425,44.24937],[-121.204424,44.249584],[-121.204651,44.249737],[-121.204811,44.249825],[-121.204947,44.249892],[-121.205081,44.249945],[-121.205225,44.249994],[-121.205395,44.250056],[-121.205766,44.249804],[-121.205537,44.249366],[-121.204425,44.24937]]],"crs":null}},{"type":"Feature","properties":{"sourceId":2290,"name":"Timber View Condos","slug":"timber-view-condos","platName":"TIMBER VIEW CONDOMINIUMS","recorded":1190937600000},"geometry":{"type":"Polygon","coordinates":[[[-121.193361,44.252532],[-121.193592,44.252533],[-121.193596,44.252203],[-121.193665,44.252203],[-121.193662,44.251939],[-121.194043,44.251937],[-121.194041,44.251773],[-121.193361,44.251776],[-121.192591,44.25178],[-121.192597,44.252327],[-121.193359,44.252322],[-121.193361,44.252532]]],"crs":null}},{"type":"Feature","properties":{"sourceId":2301,"name":"Basking Ridge","slug":"basking-ridge","platName":"BASKING RIDGE PHASE I","recorded":648691200000},"geometry":{"type":"Polygon","coordinates":[[[-121.180611,44.262085],[-121.182527,44.262074],[-121.182523,44.261731],[-121.182409,44.261732],[-121.182294,44.261732],[-121.182222,44.261733],[-121.18218,44.261733],[-121.182065,44.261734],[-121.181951,44.261734],[-121.181836,44.261735],[-121.181721,44.261736],[-121.181607,44.261736],[-121.181492,44.261737],[-121.181334,44.261738],[-121.18122,44.261723],[-121.181107,44.261707],[-121.180607,44.261676],[-121.180609,44.261811],[-121.180609,44.261893],[-121.18061,44.261975],[-121.180611,44.262085]]],"crs":null}},{"type":"Feature","properties":{"sourceId":2302,"name":"Waterway Addition to Redmond","slug":"waterway-addition-to-redmond","platName":"WATERWAY ADDITION TO REDMOND","recorded":-1849132800000},"geometry":{"type":"Polygon","coordinates":[[[-121.18098,44.259484],[-121.18109,44.259417],[-121.181394,44.259252],[-121.181504,44.259183],[-121.181529,44.259165],[-121.18161,44.259096],[-121.181651,44.259044],[-121.181684,44.258976],[-121.181717,44.258906],[-121.181937,44.258432],[-121.178981,44.258441],[-121.178979,44.261779],[-121.179213,44.261643],[-121.179376,44.261547],[-121.179659,44.261381],[-121.179852,44.261254],[-121.180075,44.261095],[-121.180319,44.260922],[-121.180558,44.260752],[-121.180633,44.260686],[-121.180719,44.260529],[-121.180769,44.260282],[-121.180834,44.259955],[-121.180823,44.259583],[-121.18098,44.259484]]],"crs":null}},{"type":"Feature","properties":{"sourceId":2303,"name":"Heierman-McCormick","slug":"heierman-mccormick","platName":"HEIERMAN-MCCORMICK ADDITION","recorded":-181526400000},"geometry":{"type":"Polygon","coordinates":[[[-121.18533,44.261167],[-121.188606,44.261122],[-121.188305,44.262033],[-121.189091,44.262028],[-121.189081,44.25841],[-121.184031,44.258426],[-121.184034,44.261079],[-121.184605,44.261076],[-121.184606,44.262062],[-121.185329,44.262058],[-121.18533,44.261167]]],"crs":null}},{"type":"Feature","properties":{"sourceId":2304,"name":"Baker Park","slug":"baker-park","platName":"BAKER PARK ADDITION","recorded":696729600000},"geometry":{"type":"Polygon","coordinates":[[[-121.187175,44.261146],[-121.185329,44.261167],[-121.185329,44.262056],[-121.18711,44.262046],[-121.187175,44.261146]]],"crs":null}},{"type":"Feature","properties":{"sourceId":2305,"name":"Arnett","slug":"arnett","platName":"ARNETT ADDITION NO. 1","recorded":284688000000},"geometry":{"type":"Polygon","coordinates":[[[-121.183654,44.257333],[-121.184689,44.257828],[-121.184664,44.257856],[-121.184645,44.257872],[-121.184626,44.257889],[-121.184613,44.257902],[-121.184604,44.25791],[-121.184586,44.257928],[-121.184568,44.257945],[-121.184552,44.257963],[-121.184539,44.257976],[-121.184531,44.257985],[-121.184515,44.258003],[-121.1845,44.258022],[-121.184485,44.25804],[-121.184474,44.258054],[-121.184467,44.258064],[-121.184459,44.258073],[-121.184449,44.258087],[-121.184436,44.258107],[-121.184423,44.258126],[-121.184416,44.258136],[-121.184408,44.258148],[-121.184399,44.258157],[-121.18439,44.258165],[-121.184382,44.258174],[-121.184374,44.258183],[-121.18437,44.258188],[-121.184363,44.258197],[-121.184359,44.258202],[-121.184353,44.258212],[-121.184347,44.258221],[-121.184344,44.258226],[-121.184339,44.258236],[-121.184336,44.258242],[-121.184332,44.258252],[-121.184328,44.258262],[-121.184326,44.258267],[-121.184323,44.258278],[-121.184321,44.258288],[-121.184318,44.258299],[-121.184319,44.258312],[-121.184318,44.258327],[-121.184318,44.258333],[-121.184318,44.258342],[-121.185748,44.258338],[-121.185747,44.257962],[-121.185985,44.257961],[-121.185982,44.257026],[-121.186095,44.257048],[-121.186225,44.257053],[-121.186406,44.257052],[-121.186404,44.256682],[-121.186379,44.256517],[-121.1864,44.256515],[-121.186408,44.256513],[-121.186414,44.256511],[-121.18642,44.256507],[-121.186425,44.256503],[-121.186429,44.256499],[-121.186433,44.256494],[-121.186435,44.256489],[-121.186436,44.256484],[-121.186438,44.256476],[-121.186438,44.2562],[-121.186438,44.255883],[-121.185447,44.255883],[-121.185449,44.256519],[-121.185444,44.256683],[-121.184921,44.256684],[-121.184932,44.25704],[-121.184082,44.257042],[-121.184081,44.2568],[-121.183654,44.257333]]],"crs":null}},{"type":"Feature","properties":{"sourceId":2306,"name":"Salmon Park","slug":"salmon-park","platName":"SALMON PARK","recorded":1016582400000},"geometry":{"type":"Polygon","coordinates":[[[-121.18655,44.255419],[-121.186561,44.254867],[-121.185829,44.254867],[-121.185732,44.254949],[-121.185717,44.254961],[-121.185712,44.254965],[-121.185707,44.254969],[-121.185702,44.254973],[-121.185697,44.254977],[-121.185691,44.254981],[-121.185686,44.254985],[-121.185681,44.254989],[-121.185676,44.254993],[-121.185671,44.254997],[-121.185666,44.255001],[-121.185661,44.255005],[-121.185655,44.255009],[-121.18565,44.255013],[-121.185645,44.255018],[-121.18564,44.255022],[-121.185635,44.255026],[-121.18563,44.25503],[-121.185625,44.255034],[-121.18562,44.255038],[-121.185615,44.255042],[-121.18561,44.255046],[-121.185605,44.25505],[-121.1856,44.255054],[-121.185595,44.255059],[-121.18559,44.255063],[-121.185585,44.255067],[-121.18558,44.255071],[-121.185575,44.255075],[-121.18557,44.255079],[-121.185565,44.255084],[-121.18556,44.255088],[-121.185555,44.255092],[-121.18555,44.255096],[-121.185545,44.2551],[-121.18554,44.255104],[-121.185535,44.255109],[-121.18553,44.255113],[-121.185525,44.255117],[-121.18552,44.255121],[-121.185516,44.255125],[-121.185511,44.25513],[-121.185506,44.255134],[-121.185501,44.255138],[-121.185496,44.255142],[-121.185491,44.255147],[-121.185486,44.255151],[-121.185482,44.255155],[-121.185477,44.255159],[-121.185472,44.255164],[-121.185467,44.255168],[-121.185462,44.255172],[-121.185458,44.255176],[-121.185453,44.255181],[-121.185448,44.255185],[-121.185443,44.255189],[-121.185439,44.255194],[-121.185434,44.255198],[-121.185429,44.255202],[-121.185424,44.255207],[-121.18542,44.255211],[-121.185415,44.255215],[-121.18541,44.25522],[-121.185406,44.255224],[-121.185401,44.255228],[-121.185396,44.255233],[-121.185392,44.255237],[-121.185387,44.255241],[-121.185382,44.255246],[-121.185378,44.25525],[-121.185373,44.255254],[-121.185368,44.255259],[-121.185364,44.255263],[-121.185359,44.255267],[-121.185355,44.255272],[-121.18535,44.255276],[-121.185346,44.255281],[-121.185341,44.255285],[-121.185336,44.255289],[-121.185332,44.255294],[-121.185327,44.255298],[-121.185323,44.255303],[-121.185318,44.255307],[-121.185314,44.255311],[-121.185309,44.255316],[-121.185305,44.25532],[-121.1853,44.255325],[-121.185296,44.255329],[-121.185291,44.255334],[-121.185287,44.255338],[-121.185282,44.255343],[-121.185278,44.255347],[-121.185274,44.255351],[-121.185269,44.255356],[-121.185265,44.25536],[-121.18526,44.255365],[-121.185256,44.255369],[-121.185251,44.255374],[-121.185247,44.255378],[-121.185243,44.255383],[-121.185238,44.255387],[-121.185234,44.255392],[-121.18523,44.255396],[-121.185225,44.255401],[-121.185221,44.255405],[-121.185217,44.25541],[-121.185212,44.255414],[-121.185208,44.255419],[-121.18655,44.255419]]],"crs":null}},{"type":"Feature","properties":{"sourceId":2307,"name":"Canyon Villas","slug":"canyon-villas","platName":"CANYON VILLAS","recorded":956102400000},"geometry":{"type":"Polygon","coordinates":[[[-121.187176,44.256517],[-121.187177,44.256003],[-121.187168,44.255989],[-121.187165,44.255984],[-121.187162,44.255979],[-121.187159,44.255974],[-121.187156,44.255969],[-121.187154,44.255963],[-121.187151,44.255958],[-121.187149,44.255953],[-121.187146,44.255948],[-121.187144,44.255943],[-121.187141,44.255938],[-121.187139,44.255932],[-121.187137,44.255927],[-121.187134,44.255922],[-121.187132,44.255917],[-121.18713,44.255911],[-121.187128,44.255906],[-121.187126,44.255901],[-121.187125,44.255895],[-121.187123,44.25589],[-121.187121,44.255885],[-121.187119,44.255879],[-121.187118,44.255874],[-121.187116,44.255869],[-121.187115,44.255863],[-121.187113,44.255858],[-121.187112,44.255852],[-121.187111,44.255847],[-121.18711,44.255842],[-121.187109,44.255836],[-121.187108,44.255831],[-121.187106,44.255822],[-121.187105,44.255816],[-121.187104,44.255811],[-121.187104,44.255806],[-121.187103,44.2558],[-121.187102,44.255795],[-121.187102,44.255789],[-121.187102,44.255784],[-121.187101,44.255778],[-121.187101,44.255773],[-121.187101,44.255767],[-121.1871,44.255762],[-121.1871,44.255756],[-121.1871,44.255751],[-121.1871,44.255576],[-121.1871,44.255309],[-121.1871,44.25488],[-121.186561,44.254881],[-121.186553,44.256517],[-121.187176,44.256517]]],"crs":null}},{"type":"Feature","properties":{"sourceId":2308,"name":"Desert Valley East","slug":"desert-valley-east","platName":"DESERT VALLEY EAST PHASE 1","recorded":944611200000},"geometry":{"type":"Polygon","coordinates":[[[-121.188579,44.256217],[-121.188578,44.255789],[-121.188369,44.255789],[-121.188162,44.25594],[-121.187403,44.2554],[-121.187331,44.2554],[-121.18733,44.255751],[-121.187334,44.255795],[-121.187334,44.2558],[-121.187335,44.255806],[-121.187336,44.255811],[-121.187337,44.255817],[-121.187338,44.255822],[-121.187339,44.255828],[-121.187341,44.255833],[-121.187342,44.255838],[-121.187343,44.255843],[-121.187345,44.255849],[-121.187347,44.255854],[-121.187349,44.25586],[-121.187351,44.255865],[-121.187353,44.25587],[-121.187355,44.255876],[-121.187357,44.255881],[-121.187359,44.255886],[-121.187362,44.255892],[-121.187364,44.255897],[-121.187366,44.255902],[-121.187369,44.255907],[-121.187372,44.255912],[-121.187374,44.255917],[-121.187377,44.255922],[-121.18738,44.255926],[-121.187382,44.255933],[-121.187387,44.255938],[-121.187389,44.255942],[-121.187392,44.255947],[-121.187396,44.255951],[-121.187399,44.255955],[-121.187403,44.25596],[-121.187407,44.255965],[-121.18741,44.255969],[-121.187413,44.255974],[-121.187417,44.255978],[-121.18742,44.255983],[-121.187424,44.255987],[-121.187428,44.255992],[-121.187431,44.255996],[-121.187435,44.256001],[-121.187439,44.256005],[-121.187443,44.256009],[-121.187447,44.256014],[-121.187451,44.256018],[-121.187456,44.256022],[-121.18746,44.256026],[-121.187464,44.256031],[-121.187469,44.256035],[-121.187473,44.256039],[-121.187478,44.256043],[-121.187483,44.256047],[-121.187488,44.256051],[-121.187492,44.256055],[-121.187497,44.256059],[-121.187502,44.256063],[-121.187507,44.256066],[-121.187512,44.25607],[-121.187517,44.256074],[-121.187525,44.256079],[-121.18753,44.256083],[-121.187536,44.256086],[-121.187541,44.25609],[-121.187546,44.256094],[-121.187551,44.256098],[-121.187556,44.256101],[-121.187561,44.256105],[-121.187566,44.256109],[-121.18757,44.256113],[-121.187575,44.256117],[-121.18758,44.256121],[-121.187585,44.256125],[-121.187589,44.256129],[-121.187594,44.256133],[-121.187599,44.256137],[-121.187603,44.256141],[-121.187607,44.256145],[-121.187612,44.256149],[-121.187617,44.256153],[-121.187621,44.256158],[-121.187625,44.256162],[-121.187629,44.256166],[-121.187633,44.25617],[-121.187637,44.256175],[-121.187641,44.256179],[-121.187645,44.256183],[-121.187649,44.256188],[-121.187653,44.256192],[-121.187657,44.256197],[-121.187661,44.256201],[-121.187664,44.256206],[-121.187668,44.25621],[-121.187672,44.256215],[-121.187675,44.256219],[-121.187679,44.256224],[-121.187682,44.256228],[-121.187685,44.256233],[-121.187689,44.256238],[-121.187692,44.256242],[-121.187695,44.256247],[-121.187698,44.256252],[-121.187701,44.256256],[-121.187704,44.256261],[-121.187707,44.256266],[-121.18771,44.256271],[-121.187713,44.256276],[-121.187716,44.25628],[-121.187719,44.256285],[-121.187721,44.25629],[-121.187724,44.256295],[-121.187726,44.2563],[-121.187729,44.256305],[-121.187731,44.25631],[-121.187733,44.256315],[-121.187736,44.25632],[-121.187738,44.256325],[-121.18774,44.25633],[-121.187742,44.256335],[-121.187744,44.25634],[-121.187746,44.256345],[-121.187748,44.25635],[-121.18775,44.256355],[-121.187752,44.25636],[-121.187757,44.256372],[-121.187764,44.256389],[-121.187771,44.25641],[-121.187777,44.256432],[-121.18778,44.256451],[-121.187782,44.256465],[-121.187784,44.256476],[-121.187785,44.256495],[-121.187785,44.25651],[-121.188045,44.256516],[-121.188042,44.256218],[-121.188579,44.256217]]],"crs":null}},{"type":"Feature","properties":{"sourceId":2309,"name":"Desert Valley East","slug":"desert-valley-east","platName":"DESERT VALLEY EAST PHASE 2","recorded":1019433600000},"geometry":{"type":"Polygon","coordinates":[[[-121.188579,44.256515],[-121.188579,44.256217],[-121.188042,44.256218],[-121.188045,44.256516],[-121.188579,44.256515]]],"crs":null}},{"type":"Feature","properties":{"sourceId":2318,"name":"Redmond Retail Park","slug":"redmond-retail-park","platName":"REDMOND RETAIL PARK PHASE II","recorded":1193270400000},"geometry":{"type":"Polygon","coordinates":[[[-121.189055,44.251166],[-121.189057,44.250649],[-121.188156,44.250652],[-121.187973,44.25086],[-121.187516,44.250649],[-121.187328,44.250859],[-121.187552,44.250957],[-121.18768,44.251015],[-121.187794,44.251057],[-121.187914,44.251089],[-121.188006,44.251102],[-121.188104,44.251111],[-121.188202,44.251116],[-121.188209,44.251165],[-121.189055,44.251166]]],"crs":null}},{"type":"Feature","properties":{"sourceId":2319,"name":"Redmond Retail Park","slug":"redmond-retail-park","platName":"REDMOND RETAIL PARK PHASE 1","recorded":1146182400000},"geometry":{"type":"Polygon","coordinates":[[[-121.189045,44.248848],[-121.187818,44.249109],[-121.187178,44.248795],[-121.186409,44.249603],[-121.187727,44.250171],[-121.18782,44.250125],[-121.187886,44.250104],[-121.187971,44.250255],[-121.188127,44.250232],[-121.188331,44.250229],[-121.188333,44.25065],[-121.188156,44.25065],[-121.187702,44.25044],[-121.187334,44.250856],[-121.187641,44.251],[-121.18772,44.251033],[-121.187833,44.251069],[-121.187964,44.251097],[-121.18813,44.251114],[-121.188272,44.251113],[-121.188267,44.251166],[-121.189055,44.251166],[-121.189051,44.250144],[-121.189045,44.248848]]],"crs":null}},{"type":"Feature","properties":{"sourceId":2328,"name":"Murphy Industrial Tracts","slug":"murphy-industrial-tracts","platName":"MURPHY INDUSTRIAL TRACTS PHASE 1","recorded":845942400000},"geometry":{"type":"Polygon","coordinates":[[[-121.170556,44.256054],[-121.17051,44.256093],[-121.170482,44.256119],[-121.17046,44.25614],[-121.170436,44.256167],[-121.170411,44.256196],[-121.170186,44.256479],[-121.170231,44.25649],[-121.170289,44.256504],[-121.170355,44.256522],[-121.170402,44.256539],[-121.170424,44.256547],[-121.170444,44.256554],[-121.170464,44.256562],[-121.170477,44.256568],[-121.17049,44.256573],[-121.17051,44.256582],[-121.170523,44.256588],[-121.170536,44.256594],[-121.170555,44.256603],[-121.170567,44.256609],[-121.17058,44.256615],[-121.170592,44.256622],[-121.170604,44.256628],[-121.170623,44.256638],[-121.170641,44.256648],[-121.170658,44.256659],[-121.17067,44.256666],[-121.170681,44.256673],[-121.170698,44.256684],[-121.170709,44.256692],[-121.170721,44.256699],[-121.170737,44.256711],[-121.171242,44.256534],[-121.171502,44.256319],[-121.171957,44.256508],[-121.171218,44.256938],[-121.171235,44.256942],[-121.171249,44.256946],[-121.171263,44.25695],[-121.171278,44.256953],[-121.171292,44.256957],[-121.171307,44.25696],[-121.171329,44.256965],[-121.171343,44.256968],[-121.171358,44.256971],[-121.171373,44.256974],[-121.171395,44.256978],[-121.17141,44.256981],[-121.171425,44.256983],[-121.17144,44.256986],[-121.171454,44.256988],[-121.171469,44.25699],[-121.171484,44.256992],[-121.171507,44.256995],[-121.171522,44.256996],[-121.171537,44.256998],[-121.17156,44.257],[-121.171575,44.257002],[-121.17159,44.257003],[-121.171605,44.257004],[-121.171621,44.257005],[-121.171636,44.257006],[-121.171659,44.257007],[-121.171674,44.257007],[-121.171689,44.257008],[-121.171704,44.257008],[-121.17172,44.257008],[-121.171735,44.257008],[-121.173834,44.257008],[-121.173828,44.254871],[-121.17211,44.254872],[-121.171379,44.254872],[-121.17056,44.254873],[-121.170331,44.254873],[-121.170331,44.255353],[-121.170328,44.255655],[-121.170326,44.255901],[-121.170424,44.255966],[-121.170556,44.256054]]],"crs":null}},{"type":"Feature","properties":{"sourceId":2329,"name":"Central Cascade Business Park Condominiums","slug":"central-cascade-business-park-condominiums","platName":"CENTRAL CASCADE BUSINESS PARK CONDOMINIUMS","recorded":864172800000},"geometry":{"type":"Polygon","coordinates":[[[-121.167916,44.252907],[-121.168671,44.252908],[-121.168679,44.252907],[-121.168686,44.252907],[-121.168694,44.252906],[-121.168701,44.252904],[-121.168708,44.252902],[-121.168715,44.2529],[-121.168722,44.252897],[-121.168728,44.252894],[-121.168734,44.252891],[-121.168739,44.252887],[-121.168745,44.252883],[-121.168749,44.252878],[-121.168753,44.252874],[-121.168757,44.252869],[-121.16876,44.252864],[-121.168762,44.252859],[-121.168764,44.252853],[-121.168766,44.252848],[-121.168793,44.252698],[-121.168795,44.252686],[-121.168797,44.252675],[-121.168801,44.252659],[-121.168804,44.252648],[-121.168808,44.252632],[-121.168811,44.252621],[-121.168815,44.25261],[-121.16882,44.252594],[-121.168826,44.252578],[-121.16883,44.252568],[-121.168837,44.252552],[-121.168841,44.252541],[-121.168846,44.252531],[-121.168853,44.252515],[-121.168858,44.252505],[-121.168866,44.25249],[-121.167914,44.252226],[-121.167916,44.252907]]],"crs":null}},{"type":"Feature","properties":{"sourceId":2330,"name":"Redmond Business Park","slug":"redmond-business-park","platName":"REDMOND BUSINESS PARK","recorded":827884800000},"geometry":{"type":"Polygon","coordinates":[[[-121.165879,44.253659],[-121.166007,44.253724],[-121.166019,44.25373],[-121.166039,44.253739],[-121.166051,44.253745],[-121.166071,44.253753],[-121.166084,44.253759],[-121.166104,44.253767],[-121.166124,44.253775],[-121.166145,44.253782],[-121.166166,44.253789],[-121.166186,44.253796],[-121.1662,44.253801],[-121.166222,44.253807],[-121.166236,44.253811],[-121.166257,44.253816],[-121.166279,44.253822],[-121.166294,44.253825],[-121.166308,44.253828],[-121.16633,44.253833],[-121.166345,44.253836],[-121.166367,44.25384],[-121.16639,44.253844],[-121.166412,44.253847],[-121.166435,44.25385],[-121.16645,44.253852],[-121.166473,44.253854],[-121.166495,44.253856],[-121.16651,44.253857],[-121.166533,44.253859],[-121.166549,44.253859],[-121.166571,44.25386],[-121.166594,44.253861],[-121.166615,44.253861],[-121.166973,44.253861],[-121.167065,44.253861],[-121.167573,44.25386],[-121.168212,44.25386],[-121.168745,44.25386],[-121.168747,44.25308],[-121.168762,44.252881],[-121.168775,44.252848],[-121.168801,44.252706],[-121.168804,44.252693],[-121.168806,44.252682],[-121.16881,44.252666],[-121.168812,44.252655],[-121.168817,44.252639],[-121.16882,44.252628],[-121.168823,44.252618],[-121.168829,44.252602],[-121.168835,44.252586],[-121.168839,44.252575],[-121.168845,44.252559],[-121.16885,44.252549],[-121.168854,44.252538],[-121.168862,44.252523],[-121.168867,44.252512],[-121.168875,44.252497],[-121.167922,44.252233],[-121.167868,44.252218],[-121.167168,44.251525],[-121.166448,44.251901],[-121.166442,44.251904],[-121.166435,44.251907],[-121.166429,44.251911],[-121.166423,44.251914],[-121.166417,44.251917],[-121.166411,44.25192],[-121.166405,44.251924],[-121.166399,44.251927],[-121.166392,44.25193],[-121.166386,44.251934],[-121.16638,44.251937],[-121.166374,44.25194],[-121.166368,44.251944],[-121.166362,44.251947],[-121.166356,44.25195],[-121.16635,44.251954],[-121.166341,44.251959],[-121.166335,44.251962],[-121.166329,44.251965],[-121.166323,44.251969],[-121.166317,44.251972],[-121.166311,44.251976],[-121.166305,44.251979],[-121.166299,44.251982],[-121.166293,44.251986],[-121.166287,44.251989],[-121.166281,44.251993],[-121.166275,44.251996],[-121.166269,44.252],[-121.166263,44.252003],[-121.166258,44.252007],[-121.166252,44.25201],[-121.166246,44.252014],[-121.16624,44.252017],[-121.166234,44.252021],[-121.166228,44.252024],[-121.166222,44.252028],[-121.166216,44.252031],[-121.166211,44.252035],[-121.166205,44.252038],[-121.166198,44.252042],[-121.166175,44.252057],[-121.166146,44.252075],[-121.166124,44.25209],[-121.166101,44.252104],[-121.166078,44.252119],[-121.166056,44.252134],[-121.166034,44.252149],[-121.166006,44.252168],[-121.165985,44.252184],[-121.165958,44.252203],[-121.165936,44.252219],[-121.165915,44.252235],[-121.165894,44.252251],[-121.165868,44.252271],[-121.165847,44.252287],[-121.165827,44.252303],[-121.165806,44.25232],[-121.165781,44.25234],[-121.165761,44.252357],[-121.165741,44.252374],[-121.165722,44.252391],[-121.165702,44.252408],[-121.165678,44.252429],[-121.165659,44.252446],[-121.16564,44.252463],[-121.165622,44.252481],[-121.165603,44.252498],[-121.165581,44.252521],[-121.165563,44.252538],[-121.165545,44.252556],[-121.165527,44.252574],[-121.165509,44.252593],[-121.165492,44.252611],[-121.165475,44.252629],[-121.165458,44.252648],[-121.165441,44.252666],[-121.165425,44.252685],[-121.165408,44.252703],[-121.165392,44.252722],[-121.165376,44.252741],[-121.165361,44.25276],[-121.165345,44.252779],[-121.16533,44.252798],[-121.165315,44.252817],[-121.1653,44.252836],[-121.165286,44.252855],[-121.165271,44.252875],[-121.165257,44.252894],[-121.165243,44.252914],[-121.165229,44.252933],[-121.165215,44.252953],[-121.165202,44.252973],[-121.165189,44.252993],[-121.165176,44.253012],[-121.165163,44.253032],[-121.165151,44.253052],[-121.165138,44.253073],[-121.165126,44.253093],[-121.165114,44.253113],[-121.165103,44.253133],[-121.165091,44.253154],[-121.16508,44.253174],[-121.165069,44.253195],[-121.165056,44.25322],[-121.165053,44.253225],[-121.165051,44.25323],[-121.165049,44.253235],[-121.165048,44.253241],[-121.165046,44.253246],[-121.165045,44.253252],[-121.165045,44.253257],[-121.165044,44.253263],[-121.165044,44.253268],[-121.165044,44.253274],[-121.165045,44.253279],[-121.165046,44.253284],[-121.165047,44.25329],[-121.165048,44.253295],[-121.16505,44.253301],[-121.165052,44.253306],[-121.165054,44.253311],[-121.165057,44.253316],[-121.16506,44.253321],[-121.165063,44.253326],[-121.165066,44.253331],[-121.16507,44.253336],[-121.165074,44.253341],[-121.165078,44.253345],[-121.165082,44.25335],[-121.165087,44.253354],[-121.165092,44.253358],[-121.165097,44.253362],[-121.165103,44.253366],[-121.165108,44.25337],[-121.165114,44.253374],[-121.16512,44.253377],[-121.165126,44.25338],[-121.165133,44.253383],[-121.165139,44.253386],[-121.165146,44.253389],[-121.165153,44.253391],[-121.16516,44.253394],[-121.165167,44.253396],[-121.165174,44.253397],[-121.165185,44.2534],[-121.165262,44.253415],[-121.165284,44.253419],[-121.165299,44.253423],[-121.165314,44.253426],[-121.165328,44.253429],[-121.165343,44.253433],[-121.165364,44.253438],[-121.165386,44.253444],[-121.1654,44.253448],[-121.165414,44.253452],[-121.165435,44.253459],[-121.165449,44.253463],[-121.165463,44.253468],[-121.165484,44.253475],[-121.165498,44.25348],[-121.165511,44.253485],[-121.165532,44.253492],[-121.165545,44.253498],[-121.165558,44.253503],[-121.165578,44.253511],[-121.165591,44.253517],[-121.165604,44.253523],[-121.165617,44.253529],[-121.16563,44.253535],[-121.165651,44.253545],[-121.16569,44.253565],[-121.165879,44.253659]]],"crs":null}},{"type":"Feature","properties":{"sourceId":2331,"name":"Airport Business Center","slug":"airport-business-center","platName":"AIRPORT BUSINESS CENTER PHASE 3","recorded":1063843200000},"geometry":{"type":"Polygon","coordinates":[[[-121.17623,44.247467],[-121.175929,44.247476],[-121.175513,44.247515],[-121.175135,44.247579],[-121.174633,44.24771],[-121.174259,44.247846],[-121.173905,44.248011],[-121.173242,44.248357],[-121.17227,44.248864],[-121.173034,44.24962],[-121.172334,44.249926],[-121.172334,44.250098],[-121.173975,44.250098],[-121.173975,44.250165],[-121.176227,44.250167],[-121.17623,44.247467]]],"crs":null}},{"type":"Feature","properties":{"sourceId":2332,"name":"Airport Business Center","slug":"airport-business-center","platName":"AIRPORT BUSINESS CENTER PHASE 2","recorded":1008028800000},"geometry":{"type":"Polygon","coordinates":[[[-121.176226,44.251107],[-121.176227,44.250167],[-121.175619,44.250166],[-121.175011,44.250165],[-121.173975,44.250165],[-121.173975,44.250098],[-121.17386,44.250098],[-121.173746,44.250098],[-121.17304,44.250097],[-121.172334,44.250098],[-121.172332,44.251105],[-121.172332,44.25127],[-121.172332,44.25184],[-121.171645,44.251839],[-121.171662,44.25262],[-121.171664,44.253856],[-121.172789,44.253856],[-121.173741,44.253855],[-121.173856,44.253855],[-121.17397,44.253855],[-121.173972,44.252236],[-121.175008,44.252235],[-121.176224,44.252235],[-121.176226,44.251272],[-121.176226,44.251189],[-121.176226,44.251107]]],"crs":null}},{"type":"Feature","properties":{"sourceId":2343,"name":"Brown's Additions","slug":"brown-s-additions","platName":"BROWN'S ADDITIONS","recorded":-284860800000},"geometry":{"type":"MultiPolygon","coordinates":[[[[-121.199139,44.247503],[-121.199133,44.244549],[-121.198922,44.244394],[-121.1984,44.244816],[-121.197706,44.245411],[-121.195245,44.247526],[-121.199139,44.247503]]],[[[-121.190637,44.25116],[-121.194128,44.251139],[-121.194106,44.248501],[-121.194023,44.248565],[-121.193523,44.248947],[-121.193384,44.249052],[-121.193118,44.249256],[-121.19291,44.249408],[-121.192793,44.249501],[-121.192597,44.24965],[-121.192188,44.249959],[-121.191839,44.25023],[-121.191623,44.250412],[-121.190756,44.251076],[-121.190637,44.25116]]]],"crs":null}},{"type":"Feature","properties":{"sourceId":2344,"name":"Sunshine Addition","slug":"sunshine-addition","platName":"SUNSHINE ADDITION","recorded":32400000000},"geometry":{"type":"Polygon","coordinates":[[[-121.201442,44.241974],[-121.201373,44.242131],[-121.201282,44.242338],[-121.201277,44.242348],[-121.201275,44.242353],[-121.201272,44.242358],[-121.201266,44.242369],[-121.20126,44.242379],[-121.201257,44.242384],[-121.201251,44.242394],[-121.201248,44.242399],[-121.201241,44.242408],[-121.201233,44.242418],[-121.201229,44.242423],[-121.201221,44.242432],[-121.201213,44.242441],[-121.201209,44.242446],[-121.2012,44.242455],[-121.201191,44.242464],[-121.201186,44.242468],[-121.201177,44.242477],[-121.201167,44.242485],[-121.201157,44.242493],[-121.201146,44.242501],[-121.201141,44.242505],[-121.201136,44.242509],[-121.201125,44.242516],[-121.201113,44.242524],[-121.201108,44.242527],[-121.201096,44.242534],[-121.201084,44.242541],[-121.201078,44.242545],[-121.201066,44.242551],[-121.201053,44.242557],[-121.201047,44.24256],[-121.201034,44.242566],[-121.201027,44.242569],[-121.201014,44.242575],[-121.201007,44.242577],[-121.200994,44.242582],[-121.200987,44.242585],[-121.200973,44.242589],[-121.200959,44.242594],[-121.200952,44.242596],[-121.200938,44.2426],[-121.200924,44.242604],[-121.200917,44.242606],[-121.200909,44.242607],[-121.200895,44.242611],[-121.20088,44.242614],[-121.200873,44.242615],[-121.200858,44.242618],[-121.200843,44.24262],[-121.200835,44.242621],[-121.200818,44.242623],[-121.200592,44.242631],[-121.20025,44.242642],[-121.200235,44.242643],[-121.200227,44.242643],[-121.200219,44.242644],[-121.200205,44.242645],[-121.199182,44.242848],[-121.199159,44.242852],[-121.199031,44.242878],[-121.198902,44.242901],[-121.198611,44.242954],[-121.198401,44.242991],[-121.19829,44.243011],[-121.198179,44.243031],[-121.197549,44.243145],[-121.19717,44.243214],[-121.196791,44.243282],[-121.196412,44.24335],[-121.196033,44.243419],[-121.195654,44.243487],[-121.195608,44.243496],[-121.195269,44.243557],[-121.194697,44.24366],[-121.19388,44.243822],[-121.193884,44.243904],[-121.194139,44.243905],[-121.194644,44.243903],[-121.197194,44.243895],[-121.197576,44.243893],[-121.197985,44.243892],[-121.198392,44.243891],[-121.198624,44.24389],[-121.199163,44.243888],[-121.199182,44.243888],[-121.199302,44.243888],[-121.199393,44.243831],[-121.199414,44.243818],[-121.200889,44.242905],[-121.201547,44.242497],[-121.201784,44.242332],[-121.201953,44.242216],[-121.202133,44.242043],[-121.202335,44.241799],[-121.202535,44.24155],[-121.202736,44.241301],[-121.202957,44.241035],[-121.203135,44.240857],[-121.203374,44.240657],[-121.203615,44.24049],[-121.203755,44.240405],[-121.203989,44.24028],[-121.204026,44.240262],[-121.204283,44.24026],[-121.204283,44.240177],[-121.20251,44.240188],[-121.202356,44.240442],[-121.202202,44.240696],[-121.202047,44.240949],[-121.201886,44.241215],[-121.201724,44.241482],[-121.201488,44.241868],[-121.201442,44.241974]]],"crs":null}},{"type":"Feature","properties":{"sourceId":2345,"name":"Parkland","slug":"parkland","platName":"PARKLAND","recorded":1249603200000},"geometry":{"type":"Polygon","coordinates":[[[-121.199183,44.247504],[-121.20089,44.24751],[-121.200876,44.244663],[-121.202985,44.244658],[-121.202995,44.243877],[-121.199182,44.243888],[-121.199176,44.246109],[-121.199183,44.247504]]],"crs":null}},{"type":"Feature","properties":{"sourceId":2346,"name":"Summer Creek","slug":"summer-creek","platName":"SUMMER CREEK PHASE 1","recorded":1005091200000},"geometry":{"type":"Polygon","coordinates":[[[-121.204259,44.242579],[-121.204259,44.242576],[-121.204257,44.242447],[-121.204254,44.242315],[-121.203881,44.242318],[-121.203881,44.242294],[-121.203781,44.242295],[-121.203682,44.242296],[-121.203324,44.242299],[-121.20299,44.242303],[-121.202898,44.242276],[-121.202806,44.242249],[-121.202803,44.242254],[-121.202801,44.242259],[-121.202798,44.242264],[-121.202436,44.242127],[-121.202403,44.242115],[-121.202035,44.242448],[-121.202048,44.242457],[-121.202069,44.24247],[-121.202066,44.242479],[-121.202078,44.242571],[-121.202177,44.242651],[-121.202475,44.2428],[-121.202763,44.24312],[-121.203012,44.243286],[-121.20315,44.243361],[-121.203302,44.243417],[-121.20358,44.243473],[-121.203761,44.243526],[-121.203922,44.243594],[-121.204281,44.243723],[-121.20428,44.243692],[-121.204278,44.243573],[-121.204275,44.243416],[-121.204272,44.243284],[-121.20427,44.243181],[-121.20427,44.243152],[-121.204267,44.242997],[-121.204264,44.242865],[-121.204262,44.242733],[-121.204259,44.242579]]],"crs":null}},{"type":"Feature","properties":{"sourceId":2347,"name":"Hunt's Three Sisters View","slug":"hunt-s-three-sisters-view","platName":"HUNT'S THREE SISTERS VIEW TRACTS BLOCK 2","recorded":-71971200000},"geometry":{"type":"Polygon","coordinates":[[[-121.221986,44.247478],[-121.224486,44.247503],[-121.224485,44.245705],[-121.221978,44.245684],[-121.221986,44.247478]]],"crs":null}},{"type":"Feature","properties":{"sourceId":2348,"name":"Hunt's Three Sisters View","slug":"hunt-s-three-sisters-view","platName":"HUNT'S THREE SISTERS VIEW TRACTS","recorded":null},"geometry":{"type":"Polygon","coordinates":[[[-121.224486,44.247503],[-121.224483,44.243904],[-121.219444,44.24387],[-121.219435,44.247454],[-121.224486,44.247503]]],"crs":null}},{"type":"Feature","properties":{"sourceId":2349,"name":"Forked Horn Butte","slug":"forked-horn-butte","platName":"FORKED HORN BUTTE","recorded":1224547200000},"geometry":{"type":"Polygon","coordinates":[[[-121.225576,44.243911],[-121.225587,44.243011],[-121.224797,44.243006],[-121.224664,44.242672],[-121.224546,44.242375],[-121.224482,44.242213],[-121.224481,44.240305],[-121.222544,44.240298],[-121.222542,44.240693],[-121.222542,44.240693],[-121.222539,44.240781],[-121.222631,44.24078],[-121.22307,44.241668],[-121.223013,44.241822],[-121.222582,44.241905],[-121.222399,44.241894],[-121.222352,44.242137],[-121.221959,44.242112],[-121.221947,44.242148],[-121.221726,44.242107],[-121.221132,44.242055],[-121.221005,44.242528],[-121.221127,44.242545],[-121.221118,44.24296],[-121.221412,44.243801],[-121.224483,44.243822],[-121.224483,44.243904],[-121.225576,44.243911]]],"crs":null}},{"type":"Feature","properties":{"sourceId":2350,"name":"Hester","slug":"hester","platName":"HESTER","recorded":404524800000},"geometry":{"type":"Polygon","coordinates":[[[-121.216441,44.240275],[-121.217427,44.240279],[-121.219453,44.240286],[-121.219456,44.23892],[-121.218285,44.238779],[-121.21827,44.238778],[-121.218262,44.238777],[-121.218247,44.238776],[-121.218232,44.238775],[-121.218224,44.238775],[-121.218211,44.238775],[-121.21743,44.238773],[-121.216444,44.23877],[-121.2157,44.238768],[-121.215693,44.238768],[-121.215678,44.238767],[-121.21567,44.238767],[-121.215655,44.238767],[-121.215647,44.238766],[-121.215632,44.238765],[-121.215624,44.238764],[-121.215609,44.238763],[-121.215602,44.238762],[-121.215587,44.238761],[-121.215579,44.23876],[-121.215564,44.238757],[-121.215557,44.238756],[-121.215542,44.238754],[-121.215527,44.238751],[-121.215513,44.238748],[-121.215498,44.238745],[-121.215483,44.238742],[-121.215469,44.238738],[-121.215456,44.238735],[-121.21546,44.240271],[-121.216441,44.240275]]],"crs":null}},{"type":"Feature","properties":{"sourceId":2440,"name":"Oregon Trunk Addition","slug":"oregon-trunk-addition","platName":"OREGON TRUNK ADDITION","recorded":-1871769600000},"geometry":{"type":"Polygon","coordinates":[[[-121.16894,44.280149],[-121.168938,44.27653],[-121.168937,44.276125],[-121.168905,44.275842],[-121.168888,44.27573],[-121.168845,44.275482],[-121.16885,44.275292],[-121.168867,44.275119],[-121.168928,44.27491],[-121.168917,44.269298],[-121.16385,44.269307],[-121.163879,44.276543],[-121.163887,44.28016],[-121.16894,44.280149]]],"crs":null}},{"type":"Feature","properties":{"sourceId":2456,"name":"Redmond Townsite","slug":"redmond-townsite","platName":"REDMOND TOWNSITE (VACATION PLAT)","recorded":-1819929600000},"geometry":{"type":"Polygon","coordinates":[[[-121.168975,44.274337],[-121.168987,44.2743],[-121.169079,44.274181],[-121.169375,44.273795],[-121.16946,44.273684],[-121.16948,44.273657],[-121.169606,44.273493],[-121.169917,44.273087],[-121.170031,44.272938],[-121.170145,44.272789],[-121.170239,44.272668],[-121.170145,44.272668],[-121.169916,44.272668],[-121.169533,44.272669],[-121.169495,44.272669],[-121.169466,44.272669],[-121.169457,44.272669],[-121.169364,44.272669],[-121.169263,44.272669],[-121.169075,44.27267],[-121.16896,44.272666],[-121.168961,44.272905],[-121.168959,44.272908],[-121.168975,44.274337]]],"crs":null}},{"type":"Feature","properties":{"sourceId":2467,"name":"Railey's Place","slug":"railey-s-place","platName":"RAILEY'S PLACE","recorded":1090454400000},"geometry":{"type":"Polygon","coordinates":[[[-121.196732,44.276351],[-121.196865,44.276351],[-121.196871,44.275171],[-121.197359,44.274664],[-121.196781,44.274481],[-121.196363,44.274435],[-121.195886,44.274419],[-121.195929,44.275216],[-121.196749,44.275224],[-121.196732,44.276351]]],"crs":null}},{"type":"Feature","properties":{"sourceId":2482,"name":"Casper Mobile Acres","slug":"casper-mobile-acres","platName":"CASPER MOBILE ACRES","recorded":-112320000000},"geometry":{"type":"Polygon","coordinates":[[[-121.162987,44.272948],[-121.162987,44.273382],[-121.162983,44.273575],[-121.162981,44.273658],[-121.163085,44.273674],[-121.163003,44.273764],[-121.16224,44.274385],[-121.161765,44.274375],[-121.16176,44.273358],[-121.161111,44.273359],[-121.161109,44.272952],[-121.158833,44.272957],[-121.158851,44.276533],[-121.163849,44.276521],[-121.163834,44.272947],[-121.162987,44.272948]]],"crs":null}},{"type":"Feature","properties":{"sourceId":2483,"name":"Railway Addition","slug":"railway-addition","platName":"RAILWAY ADDITION","recorded":-721699200000},"geometry":{"type":"Polygon","coordinates":[[[-121.165301,44.273499],[-121.165306,44.272941],[-121.164452,44.272942],[-121.16445,44.272664],[-121.163837,44.272665],[-121.163853,44.27646],[-121.165826,44.276455],[-121.165983,44.275632],[-121.166303,44.275632],[-121.166849,44.275631],[-121.167394,44.275631],[-121.16743,44.275475],[-121.167445,44.275407],[-121.16746,44.27534],[-121.167476,44.275272],[-121.167492,44.275205],[-121.167508,44.275137],[-121.167518,44.275096],[-121.167532,44.275043],[-121.167544,44.274997],[-121.167557,44.274949],[-121.167569,44.274901],[-121.167582,44.274853],[-121.167596,44.274806],[-121.167609,44.274758],[-121.167623,44.27471],[-121.167636,44.274662],[-121.167685,44.274499],[-121.167702,44.274444],[-121.167719,44.274391],[-121.167736,44.274339],[-121.167753,44.274286],[-121.167765,44.274232],[-121.167782,44.274179],[-121.167799,44.27413],[-121.167817,44.274076],[-121.167828,44.274044],[-121.167466,44.274047],[-121.167607,44.273671],[-121.167965,44.273672],[-121.16803,44.273506],[-121.165301,44.273499]]],"crs":null}},{"type":"Feature","properties":{"sourceId":2484,"name":"Mountain View Addition","slug":"mountain-view-addition","platName":"MOUNTAIN VIEW ADDITION","recorded":-1872460800000},"geometry":{"type":"Polygon","coordinates":[[[-121.17909,44.272865],[-121.184127,44.272842],[-121.184131,44.269729],[-121.179079,44.269719],[-121.17909,44.272865]]],"crs":null}},{"type":"Feature","properties":{"sourceId":2485,"name":"Redmond Townsite First Addition","slug":"redmond-townsite-first-addition","platName":"REDMOND TOWNSITE FIRST ADDITION VACATION","recorded":-1872460800000},"geometry":{"type":"Polygon","coordinates":[[[-121.183819,44.272917],[-121.180762,44.272918],[-121.180785,44.27639],[-121.181623,44.276385],[-121.181611,44.27441],[-121.182659,44.274403],[-121.183819,44.272917]]],"crs":null}},{"type":"Feature","properties":{"sourceId":2486,"name":"Redmond Addition","slug":"redmond-addition","platName":"REDMOND 2ND ADDITION","recorded":-1883260800000},"geometry":{"type":"Polygon","coordinates":[[[-121.168962,44.269285],[-121.178965,44.269247],[-121.178914,44.262082],[-121.168953,44.262057],[-121.168962,44.269285]]],"crs":null}},{"type":"Feature","properties":{"sourceId":2487,"name":"Melrose Park","slug":"melrose-park","platName":"MELROSE PARK ADDITION","recorded":812160000000},"geometry":{"type":"Polygon","coordinates":[[[-121.178946,44.262095],[-121.178999,44.269512],[-121.184119,44.269504],[-121.184002,44.262066],[-121.178946,44.262095]]],"crs":null}},{"type":"Feature","properties":{"sourceId":2488,"name":"Melrose Park","slug":"melrose-park","platName":"MELROSE PARK VACATION PLAT","recorded":-1829433600000},"geometry":{"type":"Polygon","coordinates":[[[-121.178946,44.262095],[-121.178995,44.269512],[-121.184119,44.269504],[-121.184002,44.262066],[-121.178946,44.262095]]],"crs":null}},{"type":"Feature","properties":{"sourceId":2489,"name":"Melrose Park","slug":"melrose-park","platName":"MELROSE PARK ADDITION","recorded":-1877817600000},"geometry":{"type":"Polygon","coordinates":[[[-121.178946,44.262095],[-121.178999,44.269512],[-121.184119,44.269504],[-121.184002,44.262066],[-121.178946,44.262095]]],"crs":null}},{"type":"Feature","properties":{"sourceId":2490,"name":"Melrose Park","slug":"melrose-park","platName":"MELROSE PARK ADDITION","recorded":-1763856000000},"geometry":{"type":"Polygon","coordinates":[[[-121.178999,44.269512],[-121.184119,44.269504],[-121.184002,44.262066],[-121.178946,44.262095],[-121.178999,44.269512]]],"crs":null}},{"type":"Feature","properties":{"sourceId":2516,"name":"Fairgrounds Business Park","slug":"fairgrounds-business-park","platName":"FAIRGROUNDS BUSINESS PARK PHASES 2 & 3","recorded":1116547200000},"geometry":{"type":"Polygon","coordinates":[[[-121.194092,44.235356],[-121.19409,44.233907],[-121.18922,44.233917],[-121.189224,44.235367],[-121.194092,44.235356]]],"crs":null}},{"type":"Feature","properties":{"sourceId":2517,"name":"Fairgrounds Business Park","slug":"fairgrounds-business-park","platName":"FAIRGROUNDS BUSINESS PARK PHASE 1","recorded":1113436800000},"geometry":{"type":"Polygon","coordinates":[[[-121.190171,44.238358],[-121.190165,44.23684],[-121.192258,44.236831],[-121.192256,44.235503],[-121.189306,44.235509],[-121.189215,44.235558],[-121.189217,44.23836],[-121.190171,44.238358]]],"crs":null}},{"type":"Feature","properties":{"sourceId":2518,"name":"Eagle Park","slug":"eagle-park","platName":"EAGLE PARK","recorded":968716800000},"geometry":{"type":"Polygon","coordinates":[[[-121.201697,44.253825],[-121.200579,44.253831],[-121.200592,44.254625],[-121.20171,44.254618],[-121.201697,44.253825]]],"crs":null}},{"type":"Feature","properties":{"sourceId":2519,"name":"Stearns Subdivision","slug":"stearns-subdivision","platName":"STEARNS SUBDIVISION","recorded":1155168000000},"geometry":{"type":"Polygon","coordinates":[[[-121.200496,44.252001],[-121.200483,44.251615],[-121.199406,44.251617],[-121.19941,44.252006],[-121.200496,44.252001]]],"crs":null}},{"type":"Feature","properties":{"sourceId":2520,"name":"Country Park","slug":"country-park","platName":"COUNTRY PARK PHASE III","recorded":822528000000},"geometry":{"type":"Polygon","coordinates":[[[-121.199399,44.251584],[-121.201653,44.251578],[-121.201647,44.251177],[-121.199389,44.251189],[-121.199399,44.251584]]],"crs":null}},{"type":"Feature","properties":{"sourceId":2521,"name":"Timber Acres","slug":"timber-acres","platName":"TIMBER ACRES","recorded":120096000000},"geometry":{"type":"Polygon","coordinates":[[[-121.189694,44.251955],[-121.189641,44.251955],[-121.189262,44.252246],[-121.189044,44.252413],[-121.188532,44.252806],[-121.189046,44.252803],[-121.189268,44.252802],[-121.189588,44.2528],[-121.189779,44.252799],[-121.190023,44.252798],[-121.19012,44.252804],[-121.190529,44.252833],[-121.190525,44.252286],[-121.190523,44.251951],[-121.190488,44.251951],[-121.190277,44.251952],[-121.189694,44.251955]]],"crs":null}},{"type":"Feature","properties":{"sourceId":2560,"name":"Desert Rise Industrial Park","slug":"desert-rise-industrial-park","platName":"DESERT RISE INDUSTRIAL PARK PHASE 2","recorded":1201046400000},"geometry":{"type":"Polygon","coordinates":[[[-121.153688,44.283647],[-121.153662,44.281273],[-121.148883,44.281287],[-121.148888,44.283685],[-121.153688,44.283647]]],"crs":null}},{"type":"Feature","properties":{"sourceId":2561,"name":"3-T Industrial Park","slug":"3-t-industrial-park","platName":"3-T INDUSTRIAL PARK","recorded":845510400000},"geometry":{"type":"Polygon","coordinates":[[[-121.158819,44.283704],[-121.158824,44.281353],[-121.153891,44.281347],[-121.153898,44.283719],[-121.158819,44.283704]]],"crs":null}},{"type":"Feature","properties":{"sourceId":2562,"name":"3-T Industrial Park","slug":"3-t-industrial-park","platName":"3-T INDUSTRIAL PARK PHASE TWO","recorded":888364800000},"geometry":{"type":"Polygon","coordinates":[[[-121.153847,44.280226],[-121.153853,44.282537],[-121.155137,44.282545],[-121.15514,44.281958],[-121.157605,44.281964],[-121.157609,44.282551],[-121.158773,44.282546],[-121.158748,44.280218],[-121.153847,44.280226]]],"crs":null}},{"type":"Feature","properties":{"sourceId":2570,"name":"Quince Avenue","slug":"quince-avenue","platName":"QUINCE AVENUE","recorded":1352332800000},"geometry":{"type":"Polygon","coordinates":[[[-121.177344,44.298305],[-121.175812,44.298307],[-121.175808,44.298762],[-121.177333,44.298762],[-121.177344,44.298305]]],"crs":null}},{"type":"Feature","properties":{"sourceId":2575,"name":"Kalama Park","slug":"kalama-park","platName":"KALAMA PARK","recorded":1033430400000},"geometry":{"type":"Polygon","coordinates":[[[-121.187607,44.266798],[-121.187606,44.266458],[-121.187606,44.266221],[-121.187213,44.266223],[-121.187197,44.266223],[-121.18714,44.266223],[-121.18714,44.266226],[-121.186816,44.266227],[-121.186816,44.266407],[-121.186816,44.266543],[-121.186817,44.266801],[-121.187028,44.2668],[-121.187221,44.2668],[-121.187414,44.266799],[-121.187607,44.266798]]],"crs":null}},{"type":"Feature","properties":{"sourceId":2582,"name":"Greens at Redmond","slug":"greens-at-redmond","platName":"GREENS AT REDMOND (THE) PHASE 1 & 2 REPLAT LOTS 3-8","recorded":839980800000},"geometry":{"type":"Polygon","coordinates":[[[-121.197356,44.243079],[-121.19861,44.242853],[-121.199533,44.242641],[-121.199883,44.242569],[-121.200247,44.242546],[-121.200562,44.242531],[-121.200734,44.242508],[-121.20088,44.242461],[-121.201014,44.242389],[-121.201099,44.242319],[-121.201173,44.242229],[-121.201255,44.242081],[-121.201338,44.241927],[-121.20146,44.241721],[-121.201624,44.241422],[-121.201789,44.241113],[-121.201919,44.240901],[-121.20219,44.240455],[-121.202353,44.240179],[-121.202592,44.239857],[-121.202803,44.239678],[-121.203075,44.239517],[-121.203426,44.239381],[-121.203814,44.239299],[-121.204292,44.239218],[-121.204642,44.23916],[-121.204931,44.239111],[-121.205132,44.239062],[-121.205353,44.238976],[-121.20557,44.238846],[-121.205714,44.238718],[-121.205827,44.238571],[-121.20591,44.238389],[-121.205955,44.238185],[-121.205998,44.237981],[-121.206038,44.237792],[-121.206088,44.237658],[-121.206188,44.237528],[-121.20623,44.237489],[-121.206409,44.237376],[-121.206655,44.237283],[-121.207219,44.237073],[-121.207295,44.236998],[-121.207311,44.236939],[-121.207257,44.23681],[-121.207197,44.236718],[-121.207128,44.23661],[-121.206607,44.236612],[-121.205908,44.236583],[-121.204648,44.236578],[-121.203814,44.236581],[-121.202555,44.236585],[-121.202556,44.236626],[-121.202447,44.236626],[-121.201411,44.236631],[-121.201437,44.237015],[-121.201091,44.237015],[-121.200647,44.237016],[-121.200458,44.237035],[-121.20026,44.237087],[-121.200056,44.237183],[-121.199916,44.23729],[-121.199782,44.237461],[-121.199724,44.237625],[-121.199715,44.240105],[-121.19969,44.240378],[-121.199641,44.240538],[-121.199589,44.240653],[-121.199402,44.241005],[-121.199185,44.241413],[-121.199133,44.241544],[-121.199115,44.241708],[-121.199125,44.241909],[-121.199173,44.241933],[-121.198922,44.241938],[-121.198965,44.241917],[-121.19897,44.241901],[-121.198962,44.241689],[-121.198987,44.241509],[-121.199074,44.241314],[-121.199167,44.241139],[-121.199306,44.240877],[-121.19941,44.240682],[-121.199494,44.240508],[-121.199532,44.240391],[-121.199559,44.240227],[-121.199562,44.239952],[-121.199182,44.239952],[-121.199181,44.24025],[-121.196138,44.240257],[-121.195921,44.241994],[-121.195847,44.242151],[-121.197513,44.242131],[-121.197541,44.242815],[-121.197356,44.243079]]],"crs":null}},{"type":"Feature","properties":{"sourceId":2594,"name":"Greens at Redmond","slug":"greens-at-redmond","platName":"GREENS AT REDMOND (THE) PHASE 1 & 2","recorded":806198400000},"geometry":{"type":"Polygon","coordinates":[[[-121.207151,44.236633],[-121.20663,44.236635],[-121.205935,44.236601],[-121.205043,44.236599],[-121.202579,44.236608],[-121.199204,44.236609],[-121.198822,44.236975],[-121.199204,44.23715],[-121.199204,44.240273],[-121.196161,44.24028],[-121.195944,44.242017],[-121.19587,44.242174],[-121.195566,44.242505],[-121.195265,44.243027],[-121.19517,44.243175],[-121.194993,44.243357],[-121.195292,44.243558],[-121.198923,44.2429],[-121.198924,44.242902],[-121.199054,44.242879],[-121.199437,44.243819],[-121.201817,44.24234],[-121.201686,44.242255],[-121.201606,44.242212],[-121.201494,44.242165],[-121.201396,44.242133],[-121.201511,44.24187],[-121.201747,44.241483],[-121.20207,44.24095],[-121.202461,44.240307],[-121.20263,44.240054],[-121.202958,44.239765],[-121.203365,44.239568],[-121.203566,44.239509],[-121.203911,44.239438],[-121.204316,44.239358],[-121.204315,44.239241],[-121.204908,44.239142],[-121.20512,44.239096],[-121.205312,44.239028],[-121.205457,44.238957],[-121.205555,44.238896],[-121.205639,44.238832],[-121.205706,44.238772],[-121.20578,44.238692],[-121.205859,44.238579],[-121.205909,44.238481],[-121.205943,44.238374],[-121.206053,44.237851],[-121.206064,44.237802],[-121.206093,44.237717],[-121.206136,44.237641],[-121.206173,44.237592],[-121.206239,44.237525],[-121.206322,44.237461],[-121.206393,44.237419],[-121.206471,44.237382],[-121.206633,44.237322],[-121.2068,44.237261],[-121.207089,44.237156],[-121.207224,44.237106],[-121.207285,44.237064],[-121.207325,44.237006],[-121.207334,44.236951],[-121.207327,44.236913],[-121.207304,44.236871],[-121.207151,44.236633]]],"crs":null}},{"type":"Feature","properties":{"sourceId":2595,"name":"Greens at Redmond","slug":"greens-at-redmond","platName":"GREENS AT REDMOND (THE) PHASE 6","recorded":875059200000},"geometry":{"type":"Polygon","coordinates":[[[-121.207145,44.236647],[-121.206624,44.236649],[-121.202573,44.236663],[-121.202464,44.236663],[-121.202287,44.236664],[-121.202,44.236665],[-121.201714,44.236667],[-121.201428,44.236668],[-121.201429,44.236942],[-121.201442,44.236996],[-121.201454,44.237051],[-121.201456,44.237325],[-121.201741,44.237324],[-121.202027,44.237323],[-121.202312,44.237323],[-121.202598,44.237322],[-121.202883,44.237321],[-121.203168,44.237321],[-121.203454,44.23732],[-121.20353,44.23732],[-121.204672,44.237317],[-121.204958,44.237317],[-121.205085,44.237317],[-121.205092,44.237715],[-121.205096,44.237919],[-121.2051,44.238122],[-121.205101,44.238211],[-121.205101,44.238217],[-121.205101,44.238222],[-121.205101,44.238228],[-121.2051,44.238233],[-121.2051,44.238239],[-121.205099,44.238244],[-121.205099,44.23825],[-121.205098,44.238255],[-121.205097,44.23826],[-121.205095,44.238266],[-121.205094,44.238271],[-121.205093,44.238277],[-121.205091,44.238282],[-121.205089,44.238287],[-121.205088,44.238293],[-121.205086,44.238298],[-121.205084,44.238303],[-121.205082,44.238309],[-121.205079,44.238314],[-121.205077,44.238319],[-121.205074,44.238324],[-121.205072,44.238329],[-121.205069,44.238334],[-121.205066,44.23834],[-121.205063,44.238345],[-121.20506,44.23835],[-121.205057,44.238355],[-121.205053,44.23836],[-121.205421,44.238441],[-121.205424,44.238436],[-121.205427,44.238431],[-121.20543,44.238426],[-121.205432,44.238421],[-121.205435,44.238415],[-121.205438,44.23841],[-121.20544,44.238405],[-121.205442,44.2384],[-121.205445,44.238395],[-121.205447,44.238389],[-121.20552,44.238405],[-121.205593,44.238421],[-121.205905,44.23849],[-121.205907,44.238484],[-121.205909,44.238479],[-121.205911,44.238474],[-121.205913,44.238468],[-121.205915,44.238463],[-121.205917,44.238458],[-121.205918,44.238452],[-121.20592,44.238447],[-121.205922,44.238442],[-121.205924,44.238436],[-121.205925,44.238431],[-121.205927,44.238426],[-121.205928,44.23842],[-121.20593,44.238415],[-121.205931,44.238409],[-121.205933,44.238404],[-121.205934,44.238399],[-121.205935,44.238393],[-121.205936,44.238388],[-121.205938,44.238382],[-121.205939,44.238377],[-121.20594,44.238372],[-121.205941,44.238366],[-121.205942,44.238361],[-121.205972,44.238221],[-121.206015,44.238018],[-121.206055,44.237828],[-121.206057,44.237816],[-121.206062,44.237799],[-121.206066,44.237783],[-121.20607,44.237773],[-121.206074,44.237762],[-121.20608,44.237746],[-121.206087,44.237731],[-121.206092,44.23772],[-121.2061,44.237705],[-121.206105,44.237694],[-121.206114,44.237679],[-121.20612,44.237669],[-121.20613,44.237654],[-121.206137,44.237645],[-121.206147,44.23763],[-121.206155,44.23762],[-121.206159,44.237615],[-121.206167,44.237606],[-121.206179,44.237592],[-121.206192,44.237578],[-121.206205,44.237564],[-121.206218,44.237551],[-121.206233,44.237538],[-121.206247,44.237526],[-121.206262,44.237513],[-121.206273,44.237505],[-121.206283,44.237497],[-121.2063,44.237486],[-121.206316,44.237474],[-121.206333,44.237463],[-121.206351,44.237453],[-121.206369,44.237443],[-121.206387,44.237433],[-121.206405,44.237423],[-121.206413,44.237419],[-121.206426,44.237413],[-121.206439,44.237407],[-121.206452,44.237401],[-121.206465,44.237396],[-121.206478,44.23739],[-121.206492,44.237385],[-121.206505,44.23738],[-121.206794,44.237275],[-121.207192,44.23713],[-121.207205,44.237125],[-121.207212,44.237122],[-121.207218,44.237119],[-121.207224,44.237116],[-121.20723,44.237113],[-121.207236,44.237109],[-121.207242,44.237106],[-121.207248,44.237102],[-121.207253,44.237099],[-121.207259,44.237095],[-121.207264,44.237091],[-121.207269,44.237087],[-121.207274,44.237082],[-121.207279,44.237078],[-121.207283,44.237074],[-121.207287,44.237069],[-121.207291,44.237064],[-121.207295,44.23706],[-121.207299,44.237055],[-121.207303,44.23705],[-121.207306,44.237045],[-121.207309,44.23704],[-121.207312,44.237035],[-121.207314,44.23703],[-121.207317,44.237025],[-121.207319,44.237019],[-121.207321,44.237014],[-121.207323,44.237009],[-121.207324,44.237003],[-121.207325,44.236998],[-121.207326,44.236992],[-121.207327,44.236987],[-121.207328,44.236981],[-121.207328,44.236976],[-121.207328,44.236971],[-121.207328,44.236965],[-121.207328,44.23696],[-121.207327,44.236954],[-121.207326,44.236949],[-121.207325,44.236943],[-121.207324,44.236938],[-121.207322,44.236932],[-121.207321,44.236927],[-121.207319,44.236922],[-121.207316,44.236917],[-121.207314,44.236911],[-121.207311,44.236906],[-121.207308,44.236901],[-121.207305,44.236896],[-121.207145,44.236647]]],"crs":null}},{"type":"Feature","properties":{"sourceId":2596,"name":"Hawley Estates","slug":"hawley-estates","platName":"HAWLEY ESTATES","recorded":1357603200000},"geometry":{"type":"Polygon","coordinates":[[[-121.209286,44.276506],[-121.206875,44.27651],[-121.206189,44.276507],[-121.206176,44.278282],[-121.206152,44.279243],[-121.206853,44.279249],[-121.206851,44.277976],[-121.206902,44.278075],[-121.206943,44.278202],[-121.206949,44.278263],[-121.2075,44.278313],[-121.207502,44.278015],[-121.207529,44.277728],[-121.209261,44.277728],[-121.209267,44.277394],[-121.209276,44.27736],[-121.209286,44.276506]]],"crs":null}},{"type":"Feature","properties":{"sourceId":2601,"name":"South-End Acreage","slug":"south-end-acreage","platName":"SOUTH-END ACREAGE","recorded":-1871769600000},"geometry":{"type":"Polygon","coordinates":[[[-121.178895,44.262187],[-121.18395,44.262158],[-121.183947,44.258518],[-121.178897,44.258534],[-121.178895,44.262187]]],"crs":null}},{"type":"Feature","properties":{"sourceId":2610,"name":"South Heights Addition","slug":"south-heights-addition","platName":"SOUTH HEIGHTS ADDITION","recorded":292809600000},"geometry":{"type":"Polygon","coordinates":[[[-121.204913,44.244993],[-121.204763,44.245272],[-121.20464,44.245445],[-121.204631,44.24546],[-121.204623,44.245475],[-121.204614,44.245491],[-121.204606,44.245506],[-121.204599,44.245522],[-121.204591,44.245537],[-121.204579,44.245563],[-121.204567,44.245589],[-121.20456,44.245605],[-121.204554,44.245621],[-121.204547,44.245636],[-121.204541,44.245652],[-121.204535,44.245668],[-121.20453,44.245684],[-121.204521,44.245711],[-121.204515,44.245727],[-121.20451,44.245743],[-121.204506,44.245759],[-121.204501,44.245775],[-121.204497,44.245791],[-121.204493,44.245807],[-121.204489,44.245824],[-121.204485,44.24584],[-121.204481,44.245856],[-121.204478,44.245872],[-121.204475,44.245889],[-121.204472,44.245905],[-121.204468,44.245933],[-121.204404,44.246363],[-121.204628,44.246363],[-121.204688,44.246062],[-121.204689,44.24605],[-121.204691,44.246039],[-121.204692,44.246028],[-121.204695,44.246012],[-121.204697,44.246001],[-121.204701,44.245985],[-121.204704,44.245974],[-121.204708,44.245958],[-121.204712,44.245947],[-121.204717,44.245931],[-121.204723,44.245915],[-121.204727,44.245905],[-121.204731,44.245894],[-121.204736,44.245884],[-121.204743,44.245868],[-121.204748,44.245858],[-121.205161,44.244992],[-121.206225,44.244987],[-121.206263,44.244987],[-121.206635,44.244986],[-121.207045,44.244984],[-121.207455,44.244982],[-121.207598,44.244982],[-121.207598,44.245255],[-121.207598,44.245804],[-121.208142,44.245801],[-121.208371,44.245807],[-121.208833,44.245802],[-121.20934,44.245801],[-121.209345,44.240221],[-121.209684,44.240222],[-121.210139,44.240224],[-121.210397,44.240225],[-121.210869,44.240227],[-121.211214,44.240228],[-121.210861,44.23974],[-121.210675,44.239479],[-121.210457,44.239174],[-121.210113,44.238692],[-121.209987,44.238515],[-121.209978,44.238503],[-121.209436,44.23867],[-121.208823,44.238859],[-121.208298,44.239021],[-121.207772,44.239182],[-121.207597,44.239236],[-121.207252,44.239347],[-121.20697,44.239442],[-121.206437,44.239621],[-121.205869,44.239812],[-121.205491,44.239939],[-121.205112,44.240066],[-121.204645,44.240223],[-121.204638,44.240225],[-121.204631,44.240227],[-121.204624,44.24023],[-121.204617,44.240232],[-121.20461,44.240234],[-121.204604,44.240237],[-121.204597,44.240239],[-121.20459,44.240241],[-121.204583,44.240244],[-121.204576,44.240246],[-121.204569,44.240248],[-121.204562,44.240251],[-121.204555,44.240253],[-121.204549,44.240256],[-121.204542,44.240258],[-121.204535,44.24026],[-121.204528,44.240263],[-121.204521,44.240265],[-121.204514,44.240268],[-121.204508,44.24027],[-121.204501,44.240273],[-121.204494,44.240275],[-121.204487,44.240278],[-121.20448,44.24028],[-121.204474,44.240283],[-121.204467,44.240285],[-121.20446,44.240288],[-121.204453,44.240291],[-121.204447,44.240293],[-121.20444,44.240296],[-121.204433,44.240298],[-121.204427,44.240301],[-121.20442,44.240304],[-121.204413,44.240306],[-121.204406,44.240309],[-121.2044,44.240312],[-121.204393,44.240314],[-121.204386,44.240317],[-121.20438,44.24032],[-121.204373,44.240322],[-121.204367,44.240325],[-121.20436,44.240328],[-121.204353,44.24033],[-121.204347,44.240333],[-121.20434,44.240336],[-121.204333,44.240339],[-121.204327,44.240341],[-121.20432,44.240344],[-121.204314,44.240347],[-121.204307,44.24035],[-121.204301,44.240353],[-121.204294,44.240355],[-121.204288,44.240358],[-121.204281,44.240361],[-121.204274,44.240364],[-121.204268,44.240367],[-121.204261,44.24037],[-121.204255,44.240373],[-121.204248,44.240375],[-121.204242,44.240378],[-121.204236,44.240381],[-121.204229,44.240384],[-121.204223,44.240387],[-121.204216,44.24039],[-121.20421,44.240393],[-121.204203,44.240396],[-121.204194,44.2404],[-121.204194,44.240439],[-121.204202,44.240851],[-121.204211,44.2413],[-121.204219,44.241717],[-121.204219,44.241731],[-121.204227,44.242133],[-121.20423,44.242288],[-121.204232,44.242421],[-121.204235,44.24255],[-121.204235,44.242553],[-121.204238,44.242707],[-121.20424,44.242839],[-121.204243,44.242971],[-121.204246,44.243125],[-121.204246,44.243155],[-121.204248,44.243258],[-121.204251,44.24339],[-121.204254,44.243547],[-121.204256,44.243666],[-121.204256,44.243697],[-121.204264,44.243699],[-121.204271,44.2437],[-121.204278,44.243702],[-121.204285,44.243704],[-121.204292,44.243706],[-121.2043,44.243708],[-121.204307,44.24371],[-121.204314,44.243712],[-121.204321,44.243714],[-121.204328,44.243716],[-121.204335,44.243717],[-121.204342,44.243719],[-121.20435,44.243721],[-121.204357,44.243723],[-121.204364,44.243725],[-121.204371,44.243727],[-121.204378,44.243729],[-121.204385,44.243731],[-121.204392,44.243733],[-121.204399,44.243735],[-121.204406,44.243737],[-121.204413,44.243739],[-121.204421,44.243741],[-121.204428,44.243743],[-121.204435,44.243746],[-121.204442,44.243748],[-121.204449,44.24375],[-121.204456,44.243752],[-121.204463,44.243754],[-121.20447,44.243756],[-121.204477,44.243758],[-121.204484,44.24376],[-121.204491,44.243762],[-121.204498,44.243765],[-121.204505,44.243767],[-121.204512,44.243769],[-121.204519,44.243771],[-121.204526,44.243773],[-121.204533,44.243776],[-121.20454,44.243778],[-121.204547,44.24378],[-121.204554,44.243782],[-121.204561,44.243784],[-121.204568,44.243787],[-121.204575,44.243789],[-121.204582,44.243791],[-121.204589,44.243794],[-121.204596,44.243796],[-121.204603,44.243798],[-121.204609,44.2438],[-121.204617,44.243803],[-121.204624,44.243805],[-121.204631,44.243808],[-121.204638,44.24381],[-121.204645,44.243812],[-121.204651,44.243815],[-121.204658,44.243817],[-121.204665,44.24382],[-121.204672,44.243822],[-121.204679,44.243824],[-121.204686,44.243827],[-121.204693,44.243829],[-121.204699,44.243832],[-121.204706,44.243834],[-121.204713,44.243837],[-121.20472,44.243839],[-121.204727,44.243841],[-121.204733,44.243844],[-121.20474,44.243846],[-121.204747,44.243849],[-121.204754,44.243851],[-121.204761,44.243854],[-121.204767,44.243857],[-121.204774,44.243859],[-121.204781,44.243862],[-121.204788,44.243864],[-121.204794,44.243867],[-121.204801,44.243869],[-121.204808,44.243872],[-121.204815,44.243875],[-121.204821,44.243877],[-121.204828,44.24388],[-121.204835,44.243882],[-121.204841,44.243885],[-121.204848,44.243888],[-121.204855,44.24389],[-121.204861,44.243893],[-121.204868,44.243896],[-121.204875,44.243898],[-121.204881,44.243901],[-121.204888,44.243904],[-121.204895,44.243906],[-121.204901,44.243909],[-121.204908,44.243912],[-121.204915,44.243915],[-121.204921,44.243917],[-121.204928,44.24392],[-121.204938,44.243925],[-121.204945,44.243927],[-121.204951,44.24393],[-121.204958,44.243933],[-121.204965,44.243936],[-121.204971,44.243939],[-121.204978,44.243941],[-121.204984,44.243944],[-121.204991,44.243947],[-121.204997,44.24395],[-121.205004,44.243953],[-121.20501,44.243956],[-121.205017,44.243958],[-121.205023,44.243961],[-121.20503,44.243964],[-121.205036,44.243967],[-121.205043,44.24397],[-121.205049,44.243973],[-121.205056,44.243976],[-121.205062,44.243979],[-121.205068,44.243982],[-121.205075,44.243985],[-121.205081,44.243988],[-121.205088,44.243991],[-121.205094,44.243994],[-121.205101,44.243997],[-121.205107,44.244],[-121.205113,44.244003],[-121.20512,44.244006],[-121.205126,44.244009],[-121.205132,44.244012],[-121.205139,44.244015],[-121.205145,44.244018],[-121.205151,44.244021],[-121.205158,44.244024],[-121.205164,44.244027],[-121.205173,44.244031],[-121.205178,44.244036],[-121.205182,44.24404],[-121.205187,44.244044],[-121.205192,44.244048],[-121.205197,44.244053],[-121.205201,44.244057],[-121.205205,44.244062],[-121.20521,44.244066],[-121.205214,44.244071],[-121.205218,44.244075],[-121.205222,44.24408],[-121.205226,44.244085],[-121.205229,44.24409],[-121.205233,44.244094],[-121.205237,44.244099],[-121.20524,44.244104],[-121.205243,44.244109],[-121.205246,44.244114],[-121.205249,44.244119],[-121.205252,44.244124],[-121.205255,44.244129],[-121.205258,44.244135],[-121.20526,44.24414],[-121.205263,44.244145],[-121.205265,44.24415],[-121.205267,44.244155],[-121.205269,44.244161],[-121.205271,44.244166],[-121.205273,44.244171],[-121.205275,44.244177],[-121.205276,44.244182],[-121.205278,44.244187],[-121.205279,44.244193],[-121.20528,44.244198],[-121.205281,44.244204],[-121.205282,44.244209],[-121.205283,44.244215],[-121.205283,44.24422],[-121.205284,44.244226],[-121.205284,44.244231],[-121.205285,44.244236],[-121.205285,44.244242],[-121.205285,44.244247],[-121.205285,44.244253],[-121.205284,44.244258],[-121.205284,44.244264],[-121.205283,44.244269],[-121.205283,44.244275],[-121.205282,44.24428],[-121.205281,44.244286],[-121.20528,44.244291],[-121.205279,44.244297],[-121.205278,44.244302],[-121.205276,44.244307],[-121.205275,44.244313],[-121.205273,44.244318],[-121.205271,44.244323],[-121.205269,44.244329],[-121.205267,44.244334],[-121.205265,44.244339],[-121.205263,44.244345],[-121.20526,44.24435],[-121.205258,44.244355],[-121.205255,44.24436],[-121.205252,44.244365],[-121.205249,44.24437],[-121.205246,44.244375],[-121.205243,44.24438],[-121.205237,44.244389],[-121.205216,44.244429],[-121.204913,44.244993]]],"crs":null}},{"type":"Feature","properties":{"sourceId":2611,"name":"Cascade View Estates","slug":"cascade-view-estates","platName":"CASCADE VIEW ESTATES PHASE 7","recorded":1031270400000},"geometry":{"type":"Polygon","coordinates":[[[-121.209401,44.243122],[-121.209398,44.243373],[-121.209766,44.243326],[-121.210031,44.243452],[-121.210478,44.243312],[-121.210372,44.243122],[-121.210372,44.24287],[-121.210373,44.242617],[-121.210373,44.242365],[-121.210533,44.242279],[-121.210635,44.242241],[-121.210737,44.242203],[-121.211076,44.242078],[-121.211416,44.241953],[-121.211533,44.241937],[-121.211651,44.241921],[-121.21199,44.241796],[-121.21183,44.241571],[-121.211669,44.241347],[-121.211509,44.241122],[-121.211348,44.240898],[-121.211188,44.240673],[-121.211028,44.240448],[-121.210903,44.24027],[-121.209401,44.240267],[-121.209402,44.240525],[-121.2094,44.240917],[-121.209402,44.241202],[-121.209403,44.241449],[-121.209396,44.241956],[-121.209398,44.242121],[-121.209395,44.242628],[-121.209396,44.242875],[-121.209401,44.243122]]],"crs":null}},{"type":"Feature","properties":{"sourceId":2667,"name":"Eastside City","slug":"eastside-city","platName":"EASTSIDE CITY","recorded":279331200000},"geometry":{"type":"Polygon","coordinates":[[[-121.168996,44.289302],[-121.168457,44.289305],[-121.168329,44.289575],[-121.168244,44.28976],[-121.168242,44.289765],[-121.16824,44.28977],[-121.168238,44.289775],[-121.168236,44.28978],[-121.168234,44.289785],[-121.168232,44.28979],[-121.16823,44.289794],[-121.168228,44.289799],[-121.168227,44.289804],[-121.168225,44.289809],[-121.168223,44.289814],[-121.168221,44.289819],[-121.16822,44.289824],[-121.168218,44.289829],[-121.168216,44.289834],[-121.168215,44.289839],[-121.168213,44.289844],[-121.168211,44.289848],[-121.16821,44.289853],[-121.168208,44.289858],[-121.168207,44.289863],[-121.168205,44.289868],[-121.168204,44.289873],[-121.168202,44.289878],[-121.168201,44.289883],[-121.168199,44.289888],[-121.168198,44.289893],[-121.168197,44.289898],[-121.168195,44.289903],[-121.168194,44.289908],[-121.168193,44.289913],[-121.168192,44.289918],[-121.16819,44.289923],[-121.168189,44.289928],[-121.168188,44.289933],[-121.168187,44.289938],[-121.168186,44.289943],[-121.168184,44.289948],[-121.168183,44.289953],[-121.168182,44.289958],[-121.168181,44.289963],[-121.16818,44.289968],[-121.168179,44.289973],[-121.168178,44.289978],[-121.168177,44.289983],[-121.168176,44.289988],[-121.168175,44.289993],[-121.168174,44.289998],[-121.168174,44.290003],[-121.168173,44.290008],[-121.168172,44.290013],[-121.168171,44.290018],[-121.16817,44.290023],[-121.16817,44.290028],[-121.168169,44.290033],[-121.168168,44.290038],[-121.168167,44.290043],[-121.168167,44.290048],[-121.168166,44.290053],[-121.168166,44.290058],[-121.168165,44.290063],[-121.168164,44.290069],[-121.168164,44.290074],[-121.168163,44.290079],[-121.168163,44.290084],[-121.168162,44.290089],[-121.168162,44.290094],[-121.168162,44.290099],[-121.168161,44.290104],[-121.168161,44.290109],[-121.168161,44.290114],[-121.16816,44.290119],[-121.16816,44.290124],[-121.16816,44.290129],[-121.168159,44.290134],[-121.168159,44.290139],[-121.168159,44.290144],[-121.168159,44.290149],[-121.168159,44.290155],[-121.168159,44.29016],[-121.168159,44.290164],[-121.168158,44.290165],[-121.168158,44.29017],[-121.168158,44.290175],[-121.168158,44.29018],[-121.168158,44.290185],[-121.168158,44.29019],[-121.168158,44.290195],[-121.168158,44.2902],[-121.168159,44.290205],[-121.168159,44.29021],[-121.168159,44.290215],[-121.168159,44.29022],[-121.168159,44.290225],[-121.168159,44.290231],[-121.16816,44.290236],[-121.16816,44.290241],[-121.16816,44.290246],[-121.16816,44.290251],[-121.168161,44.290256],[-121.168161,44.290261],[-121.168162,44.290266],[-121.168162,44.290271],[-121.168162,44.290276],[-121.168163,44.290281],[-121.168163,44.290286],[-121.168164,44.290291],[-121.168164,44.290296],[-121.168165,44.290301],[-121.168165,44.290306],[-121.168166,44.290311],[-121.168167,44.290316],[-121.168167,44.290322],[-121.168168,44.290327],[-121.168169,44.290332],[-121.168169,44.290337],[-121.16817,44.290342],[-121.168171,44.290347],[-121.168172,44.290352],[-121.168172,44.290357],[-121.168173,44.290362],[-121.168174,44.290367],[-121.168175,44.290372],[-121.168176,44.290377],[-121.168177,44.290382],[-121.168178,44.290387],[-121.168179,44.290392],[-121.16818,44.290397],[-121.168181,44.290402],[-121.168183,44.290411],[-121.168185,44.29042],[-121.168186,44.290425],[-121.168187,44.29043],[-121.168188,44.290435],[-121.16819,44.29044],[-121.168191,44.290445],[-121.168192,44.29045],[-121.168193,44.290455],[-121.168195,44.29046],[-121.168196,44.290465],[-121.168197,44.29047],[-121.168199,44.290475],[-121.1682,44.29048],[-121.168201,44.290485],[-121.168203,44.29049],[-121.168204,44.290495],[-121.168206,44.2905],[-121.168207,44.290505],[-121.168237,44.2906],[-121.168329,44.290942],[-121.168996,44.290943],[-121.168996,44.289302]]],"crs":null}},{"type":"Feature","properties":{"sourceId":2671,"name":"Lawson Crossing","slug":"lawson-crossing","platName":"LAWSON CROSSING","recorded":1380844800000},"geometry":{"type":"Polygon","coordinates":[[[-121.20923,44.279204],[-121.209239,44.278633],[-121.208059,44.27853],[-121.20748,44.278481],[-121.206937,44.27843],[-121.206932,44.279161],[-121.207475,44.279167],[-121.208049,44.279176],[-121.20923,44.279204]]],"crs":null}},{"type":"Feature","properties":{"sourceId":2696,"name":"Parkland Townhomes","slug":"parkland-townhomes","platName":"PARKLAND TOWNHOMES","recorded":1422403200000},"geometry":{"type":"MultiPolygon","coordinates":[[[[-121.200455,44.247333],[-121.20052,44.247358],[-121.200698,44.247356],[-121.200738,44.247328],[-121.200762,44.247303],[-121.200753,44.246085],[-121.200747,44.244717],[-121.200657,44.244653],[-121.200404,44.244662],[-121.200382,44.24493],[-121.20035,44.245198],[-121.200296,44.245616],[-121.200254,44.245909],[-121.200241,44.246066],[-121.200238,44.246191],[-121.200276,44.246523],[-121.20032,44.246837],[-121.200342,44.24703],[-121.200363,44.247173],[-121.200404,44.247208],[-121.200454,44.247251],[-121.200455,44.247333]]],[[[-121.202953,44.244664],[-121.202968,44.243882],[-121.202591,44.243884],[-121.202609,44.244152],[-121.202555,44.244213],[-121.202565,44.244274],[-121.202546,44.244317],[-121.202611,44.244359],[-121.202605,44.24467],[-121.202953,44.244664]]]],"crs":null}},{"type":"Feature","properties":{"sourceId":2698,"name":"Summit Crest","slug":"summit-crest","platName":"SUMMIT CREST PHASE 2","recorded":1422489600000},"geometry":{"type":"Polygon","coordinates":[[[-121.219435,44.251138],[-121.223674,44.251151],[-121.223663,44.251094],[-121.224473,44.251093],[-121.224477,44.2514],[-121.225545,44.251404],[-121.225521,44.251075],[-121.225248,44.251084],[-121.225137,44.250917],[-121.22547,44.250897],[-121.225486,44.250622],[-121.224497,44.250621],[-121.224353,44.250604],[-121.224284,44.250694],[-121.219445,44.25072],[-121.219435,44.251138]]],"crs":null}},{"type":"Feature","properties":{"sourceId":2713,"name":"Kian West","slug":"kian-west","platName":"KIAN WEST","recorded":1435622400000},"geometry":{"type":"Polygon","coordinates":[[[-121.208202,44.250986],[-121.208189,44.249989],[-121.207414,44.249989],[-121.207423,44.250485],[-121.207819,44.250483],[-121.207866,44.250547],[-121.207874,44.250991],[-121.208202,44.250986]]],"crs":null}},{"type":"Feature","properties":{"sourceId":2724,"name":"Carly Meadows","slug":"carly-meadows","platName":"CARLY MEADOWS PHASE 2","recorded":1443484800000},"geometry":{"type":"Polygon","coordinates":[[[-121.204467,44.261831],[-121.206975,44.261839],[-121.20697,44.261007],[-121.206158,44.260933],[-121.205938,44.260881],[-121.205729,44.260955],[-121.204968,44.260924],[-121.204766,44.260883],[-121.204459,44.260889],[-121.204467,44.261831]]],"crs":null}},{"type":"Feature","properties":{"sourceId":2736,"name":"Summit Crest","slug":"summit-crest","platName":"SUMMIT CREST PHASE 3","recorded":1453248000000},"geometry":{"type":"Polygon","coordinates":[[[-121.225255,44.250604],[-121.225276,44.250354],[-121.225344,44.250142],[-121.225421,44.249978],[-121.225477,44.249829],[-121.225513,44.249739],[-121.225533,44.249685],[-121.225646,44.249729],[-121.225927,44.249349],[-121.225575,44.249367],[-121.225536,44.249191],[-121.2258,44.249166],[-121.225974,44.249159],[-121.226198,44.249154],[-121.226296,44.248389],[-121.226007,44.248426],[-121.225888,44.248228],[-121.225894,44.248034],[-121.224623,44.248012],[-121.224616,44.248503],[-121.224058,44.248513],[-121.224031,44.249272],[-121.22398,44.249275],[-121.223938,44.249437],[-121.223982,44.249454],[-121.224098,44.249816],[-121.224113,44.250221],[-121.223971,44.250644],[-121.224402,44.250648],[-121.22443,44.250567],[-121.224613,44.250614],[-121.225255,44.250604]]],"crs":null}},{"type":"Feature","properties":{"sourceId":2747,"name":"Vista Meadows","slug":"vista-meadows","platName":"VISTA MEADOWS PHASE 4","recorded":1463702400000},"geometry":{"type":"Polygon","coordinates":[[[-121.186825,44.305469],[-121.186832,44.305006],[-121.186537,44.305007],[-121.186537,44.30466],[-121.186285,44.30467],[-121.18601,44.304663],[-121.185746,44.304648],[-121.185478,44.304632],[-121.185219,44.304628],[-121.184951,44.30463],[-121.1847,44.304645],[-121.184409,44.304647],[-121.184399,44.30454],[-121.184049,44.304539],[-121.183799,44.304653],[-121.1835,44.304647],[-121.183013,44.304748],[-121.182702,44.304747],[-121.182691,44.305465],[-121.185358,44.305466],[-121.186825,44.305469]]],"crs":null}},{"type":"Feature","properties":{"sourceId":2764,"name":"Obsidian Trails","slug":"obsidian-trails","platName":"OBSIDIAN TRAILS PHASE 1","recorded":1478649600000},"geometry":{"type":"Polygon","coordinates":[[[-121.209632,44.261876],[-121.214529,44.261889],[-121.214496,44.26018],[-121.213237,44.260168],[-121.21323,44.258468],[-121.209592,44.258438],[-121.209632,44.261876]]],"crs":null}},{"type":"Feature","properties":{"sourceId":2774,"name":"Triple Ridge","slug":"triple-ridge","platName":"TRIPLE RIDGE PHASE 1","recorded":1486512000000},"geometry":{"type":"MultiPolygon","coordinates":[[[[-121.20728,44.236623],[-121.209118,44.23663],[-121.210931,44.236631],[-121.212364,44.236622],[-121.213365,44.236628],[-121.214299,44.235759],[-121.214293,44.234586],[-121.21373,44.234584],[-121.213748,44.233256],[-121.214286,44.233247],[-121.214266,44.233003],[-121.211807,44.232994],[-121.211635,44.233132],[-121.211413,44.233259],[-121.211159,44.233468],[-121.211004,44.233696],[-121.210924,44.233952],[-121.210706,44.234346],[-121.210485,44.234639],[-121.210371,44.234753],[-121.209578,44.234925],[-121.209289,44.235004],[-121.209091,44.23507],[-121.20896,44.235196],[-121.20911,44.235213],[-121.209111,44.235302],[-121.209103,44.235386],[-121.209063,44.235463],[-121.20909,44.235648],[-121.209083,44.235773],[-121.209002,44.235934],[-121.208822,44.236066],[-121.208746,44.235959],[-121.208556,44.23602],[-121.208325,44.236069],[-121.208011,44.236148],[-121.207681,44.236234],[-121.207459,44.23636],[-121.207336,44.236468],[-121.207279,44.236546],[-121.20728,44.236623]]],[[[-121.2144,44.236627],[-121.214401,44.236002],[-121.213722,44.236637],[-121.2144,44.236627]]]],"crs":null}},{"type":"Feature","properties":{"sourceId":2775,"name":"Summit Crest","slug":"summit-crest","platName":"SUMMIT CREST PHASE 4","recorded":1486598400000},"geometry":{"type":"Polygon","coordinates":[[[-121.223902,44.25064],[-121.223987,44.25042],[-121.224075,44.250178],[-121.224066,44.249776],[-121.223962,44.249408],[-121.223916,44.249399],[-121.223952,44.249244],[-121.223997,44.249244],[-121.224038,44.248508],[-121.222369,44.24851],[-121.222361,44.248846],[-121.222394,44.248846],[-121.222385,44.249421],[-121.222463,44.24942],[-121.222455,44.249768],[-121.222745,44.249769],[-121.222739,44.250639],[-121.223902,44.25064]]],"crs":null}},{"type":"Feature","properties":{"sourceId":2776,"name":"Orchard Knoll","slug":"orchard-knoll","platName":"ORCHARD KNOLL","recorded":1488412800000},"geometry":{"type":"Polygon","coordinates":[[[-121.178859,44.29879],[-121.178852,44.298298],[-121.177352,44.298307],[-121.177344,44.298784],[-121.178859,44.29879]]],"crs":null}},{"type":"Feature","properties":{"sourceId":2784,"name":"Cook Crossing Condo","slug":"cook-crossing-condo","platName":"COOK CROSSING CONDOMINIUM","recorded":1495065600000},"geometry":{"type":"Polygon","coordinates":[[[-121.179027,44.26554],[-121.179402,44.26555],[-121.179408,44.265264],[-121.179408,44.264966],[-121.179395,44.264619],[-121.179373,44.264502],[-121.179339,44.264395],[-121.179278,44.264284],[-121.179184,44.264153],[-121.179077,44.264047],[-121.17901,44.264009],[-121.179014,44.26554],[-121.179027,44.26554]]],"crs":null}},{"type":"Feature","properties":{"sourceId":2792,"name":"Kayla Village","slug":"kayla-village","platName":"KAYLA VILLAGE","recorded":1501113600000},"geometry":{"type":"Polygon","coordinates":[[[-121.206151,44.250304],[-121.206138,44.249361],[-121.205548,44.249365],[-121.205789,44.249802],[-121.205421,44.250049],[-121.205642,44.250147],[-121.205901,44.250306],[-121.206151,44.250304]]],"crs":null}},{"type":"Feature","properties":{"sourceId":2793,"name":"Fairhaven Vista","slug":"fairhaven-vista","platName":"FAIRHAVEN VISTA P.U.D. PHASE VI","recorded":1501545600000},"geometry":{"type":"Polygon","coordinates":[[[-121.199125,44.279992],[-121.199132,44.279218],[-121.1988,44.279219],[-121.198802,44.279184],[-121.198163,44.279184],[-121.198164,44.279768],[-121.198077,44.279767],[-121.198077,44.27999],[-121.199125,44.279992]]],"crs":null}},{"type":"Feature","properties":{"sourceId":2797,"name":"27 Elm","slug":"27-elm","platName":"27 ELM, PHASE 1","recorded":1504137600000},"geometry":{"type":"Polygon","coordinates":[[[-121.199251,44.280182],[-121.196944,44.28016],[-121.196915,44.280185],[-121.196879,44.280212],[-121.196845,44.280228],[-121.19685,44.280262],[-121.196588,44.280257],[-121.196586,44.280232],[-121.196538,44.280197],[-121.196516,44.280171],[-121.195985,44.28018],[-121.195959,44.280527],[-121.196287,44.280521],[-121.196278,44.281893],[-121.199242,44.281896],[-121.199251,44.280182]]],"crs":null}},{"type":"Feature","properties":{"sourceId":2798,"name":"Obsidian Trails","slug":"obsidian-trails","platName":"OBSIDIAN TRAILS PHASE 2","recorded":1504656000000},"geometry":{"type":"Polygon","coordinates":[[[-121.213248,44.259127],[-121.213247,44.258446],[-121.209761,44.258422],[-121.209759,44.259356],[-121.210136,44.259348],[-121.210132,44.259289],[-121.210321,44.259281],[-121.210329,44.25939],[-121.210382,44.259387],[-121.210379,44.259116],[-121.213248,44.259127]]],"crs":null}},{"type":"Feature","properties":{"sourceId":2801,"name":"Brooktree","slug":"brooktree","platName":"BROOKTREE","recorded":1506902400000},"geometry":{"type":"Polygon","coordinates":[[[-121.163887,44.298244],[-121.165524,44.29824],[-121.165876,44.29463],[-121.163964,44.294641],[-121.163887,44.298244]]],"crs":null}},{"type":"Feature","properties":{"sourceId":2807,"name":"Canyon Rim Village","slug":"canyon-rim-village","platName":"CANYON RIM VILLAGE, PHASE 8","recorded":1509062400000},"geometry":{"type":"Polygon","coordinates":[[[-121.188244,44.287322],[-121.188248,44.286812],[-121.188218,44.286812],[-121.188004,44.286938],[-121.18781,44.286965],[-121.184144,44.286979],[-121.184137,44.287325],[-121.188244,44.287322]]],"crs":null}},{"type":"Feature","properties":{"sourceId":2811,"name":"Crossings at Metolius","slug":"crossings-at-metolius","platName":"CROSSINGS AT METOLIUS","recorded":1510185600000},"geometry":{"type":"Polygon","coordinates":[[[-121.20961,44.263999],[-121.209576,44.264233],[-121.20955,44.264467],[-121.209534,44.264702],[-121.209528,44.264937],[-121.20949,44.264937],[-121.20949,44.264945],[-121.209487,44.265412],[-121.210413,44.265411],[-121.210441,44.265411],[-121.21047,44.265412],[-121.210498,44.265414],[-121.210527,44.265416],[-121.210555,44.265419],[-121.210583,44.265423],[-121.210611,44.265427],[-121.210639,44.265432],[-121.210666,44.265438],[-121.210694,44.265444],[-121.210721,44.265451],[-121.210747,44.265458],[-121.210758,44.265461],[-121.210778,44.265467],[-121.210798,44.265472],[-121.210818,44.265476],[-121.210838,44.265481],[-121.210858,44.265484],[-121.210879,44.265487],[-121.2109,44.26549],[-121.210921,44.265492],[-121.210942,44.265494],[-121.210963,44.265495],[-121.210984,44.265496],[-121.211005,44.265496],[-121.211426,44.265498],[-121.211418,44.265416],[-121.211261,44.263716],[-121.209659,44.263709],[-121.20961,44.263999]]],"crs":null}},{"type":"Feature","properties":{"sourceId":2816,"name":"Makena View Estates","slug":"makena-view-estates","platName":"MAKENA VIEW ESTATES","recorded":1512345600000},"geometry":{"type":"Polygon","coordinates":[[[-121.219431,44.250045],[-121.217359,44.250608],[-121.217358,44.251025],[-121.21943,44.251032],[-121.219431,44.250045]]],"crs":null}},{"type":"Feature","properties":{"sourceId":2818,"name":"Emerald View Estates","slug":"emerald-view-estates","platName":"EMERALD VIEW ESTATES, PHASE 1","recorded":1513209600000},"geometry":{"type":"Polygon","coordinates":[[[-121.221897,44.251517],[-121.222096,44.251598],[-121.222112,44.251577],[-121.222127,44.251556],[-121.222141,44.251534],[-121.222154,44.251512],[-121.222166,44.251489],[-121.222636,44.251568],[-121.223717,44.251648],[-121.223674,44.25114],[-121.223665,44.251139],[-121.223651,44.251141],[-121.223636,44.251142],[-121.223293,44.251183],[-121.223265,44.251186],[-121.223238,44.251189],[-121.22321,44.25119],[-121.223182,44.251191],[-121.223155,44.251191],[-121.220231,44.251173],[-121.220216,44.251173],[-121.220201,44.251174],[-121.220186,44.251174],[-121.219758,44.251196],[-121.219737,44.251197],[-121.219716,44.251198],[-121.219695,44.251198],[-121.21943,44.251196],[-121.21943,44.25159],[-121.21944,44.251606],[-121.21945,44.251621],[-121.219461,44.251637],[-121.21963,44.251858],[-121.219831,44.25178],[-121.219662,44.251558],[-121.219879,44.251545],[-121.220346,44.251592],[-121.220563,44.251642],[-121.220772,44.251643],[-121.22099,44.251594],[-121.221243,44.251591],[-121.22145,44.251593],[-121.221686,44.251595],[-121.221759,44.251644],[-121.221777,44.251631],[-121.221794,44.251618],[-121.221811,44.251605],[-121.221827,44.251591],[-121.221842,44.251577],[-121.221857,44.251563],[-121.221871,44.251548],[-121.221885,44.251533],[-121.221897,44.251517]]],"crs":null}},{"type":"Feature","properties":{"sourceId":2824,"name":"Maple Meadows","slug":"maple-meadows","platName":"MAPLE MEADOWS, PHASE 1","recorded":1515369600000},"geometry":{"type":"Polygon","coordinates":[[[-121.194283,44.285569],[-121.196587,44.285569],[-121.196591,44.285118],[-121.196509,44.285121],[-121.196509,44.284827],[-121.195408,44.284816],[-121.195403,44.284332],[-121.195127,44.284336],[-121.194458,44.283883],[-121.194336,44.283825],[-121.194299,44.283825],[-121.194283,44.285569]]],"crs":null}},{"type":"Feature","properties":{"sourceId":2843,"name":"Megan Park","slug":"megan-park","platName":"MEGAN PARK, PHASE 2","recorded":1524441600000},"geometry":{"type":"Polygon","coordinates":[[[-121.195483,44.283291],[-121.195588,44.283288],[-121.195584,44.283731],[-121.19926,44.283743],[-121.199274,44.281914],[-121.196038,44.281908],[-121.196032,44.282621],[-121.1961,44.282621],[-121.196097,44.282957],[-121.195486,44.282956],[-121.195483,44.283291]]],"crs":null}},{"type":"Feature","properties":{"sourceId":2846,"name":"Prairie Crossing","slug":"prairie-crossing","platName":"PRAIRIE CROSSING P.U.D., PHASES I, II AND III","recorded":1527033600000},"geometry":{"type":"Polygon","coordinates":[[[-121.219452,44.238757],[-121.219456,44.236682],[-121.215554,44.236651],[-121.215556,44.238423],[-121.2155,44.238561],[-121.215663,44.238587],[-121.216785,44.238608],[-121.218261,44.238613],[-121.219452,44.238757]]],"crs":null}},{"type":"Feature","properties":{"sourceId":2848,"name":"Maple Meadows","slug":"maple-meadows","platName":"MAPLE MEADOWS, PHASE 2","recorded":1526601600000},"geometry":{"type":"Polygon","coordinates":[[[-121.198367,44.284413],[-121.198594,44.284242],[-121.198991,44.283982],[-121.199068,44.283852],[-121.199069,44.283798],[-121.194344,44.283782],[-121.194343,44.283837],[-121.19447,44.283892],[-121.194866,44.284179],[-121.195121,44.284333],[-121.195391,44.284334],[-121.1954,44.284334],[-121.1954,44.28482],[-121.196507,44.28482],[-121.196507,44.285119],[-121.196594,44.28512],[-121.196589,44.285285],[-121.196646,44.285286],[-121.196875,44.285276],[-121.196865,44.28519],[-121.196853,44.285105],[-121.196837,44.284987],[-121.196826,44.284868],[-121.196821,44.28475],[-121.19682,44.284631],[-121.197984,44.284631],[-121.197984,44.284343],[-121.198272,44.284344],[-121.198275,44.284344],[-121.198278,44.284344],[-121.198282,44.284344],[-121.198285,44.284344],[-121.198288,44.284345],[-121.198292,44.284345],[-121.198295,44.284346],[-121.198298,44.284346],[-121.198301,44.284347],[-121.198304,44.284348],[-121.198308,44.284349],[-121.198311,44.28435],[-121.198314,44.284351],[-121.198317,44.284352],[-121.198319,44.284353],[-121.198322,44.284354],[-121.198325,44.284356],[-121.198328,44.284357],[-121.198331,44.284358],[-121.198333,44.28436],[-121.198336,44.284361],[-121.198338,44.284363],[-121.19834,44.284365],[-121.198343,44.284367],[-121.198345,44.284368],[-121.198347,44.28437],[-121.198349,44.284372],[-121.198351,44.284374],[-121.198353,44.284376],[-121.198354,44.284378],[-121.198356,44.28438],[-121.198357,44.284382],[-121.198359,44.284385],[-121.19836,44.284387],[-121.198361,44.284389],[-121.198362,44.284391],[-121.198363,44.284394],[-121.198364,44.284396],[-121.198365,44.284398],[-121.198365,44.284401],[-121.198366,44.284403],[-121.198366,44.284405],[-121.198367,44.284408],[-121.198367,44.28441],[-121.198367,44.284413]]],"crs":null}},{"type":"Feature","properties":{"sourceId":2849,"name":"Obsidian Trails","slug":"obsidian-trails","platName":"OBSIDIAN TRAILS, PHASE 3","recorded":1528070400000},"geometry":{"type":"Polygon","coordinates":[[[-121.21147,44.260085],[-121.21146,44.26025],[-121.211355,44.260246],[-121.211356,44.26052],[-121.213228,44.260524],[-121.213228,44.260266],[-121.213269,44.260266],[-121.21327,44.260157],[-121.213264,44.259132],[-121.211686,44.259137],[-121.211686,44.2594],[-121.211766,44.259397],[-121.211775,44.259534],[-121.211731,44.259536],[-121.211731,44.259818],[-121.211303,44.259813],[-121.211303,44.26008],[-121.21147,44.260085]]],"crs":null}},{"type":"Feature","properties":{"sourceId":2850,"name":"Emerald View Estates","slug":"emerald-view-estates","platName":"EMERALD VIEW ESTATES, PHASE 2","recorded":1527638400000},"geometry":{"type":"Polygon","coordinates":[[[-121.222865,44.25435],[-121.222898,44.254329],[-121.223888,44.253691],[-121.223717,44.251648],[-121.222636,44.251569],[-121.222166,44.25149],[-121.222154,44.251512],[-121.222141,44.251534],[-121.222127,44.251556],[-121.222112,44.251577],[-121.222096,44.251598],[-121.221897,44.251517],[-121.221884,44.251533],[-121.221871,44.251548],[-121.221857,44.251563],[-121.221842,44.251577],[-121.221827,44.251591],[-121.221811,44.251605],[-121.221794,44.251619],[-121.221777,44.251632],[-121.221759,44.251644],[-121.221741,44.251656],[-121.221723,44.251667],[-121.221704,44.251678],[-121.221622,44.251725],[-121.222072,44.252137],[-121.222104,44.252116],[-121.222485,44.252363],[-121.222433,44.252404],[-121.222602,44.252514],[-121.223032,44.252819],[-121.223039,44.252906],[-121.222471,44.253165],[-121.221865,44.253446],[-121.222865,44.25435]]],"crs":null}},{"type":"Feature","properties":{"sourceId":2862,"name":"27 Elm","slug":"27-elm","platName":"27 ELM, PHASE 2","recorded":1533081600000},"geometry":{"type":"Polygon","coordinates":[[[-121.199126,44.281833],[-121.199128,44.28168],[-121.198708,44.281677],[-121.198709,44.280458],[-121.196887,44.280452],[-121.196672,44.280499],[-121.196648,44.280471],[-121.196338,44.280473],[-121.196338,44.280498],[-121.196295,44.280526],[-121.196279,44.281827],[-121.199126,44.281833]]],"crs":null}},{"type":"Feature","properties":{"sourceId":2863,"name":"Kenai Business Park","slug":"kenai-business-park","platName":"KENAI BUSINESS PARK","recorded":1534204800000},"geometry":{"type":"Polygon","coordinates":[[[-121.192679,44.238796],[-121.191389,44.240299],[-121.194586,44.240297],[-121.195551,44.239505],[-121.192679,44.238796]]],"crs":null}},{"type":"Feature","properties":{"sourceId":2875,"name":"Canyon Crossing","slug":"canyon-crossing","platName":"CANYON CROSSING PHASE 1","recorded":1536710400000},"geometry":{"type":"Polygon","coordinates":[[[-121.178864,44.294603],[-121.178888,44.293737],[-121.177459,44.293732],[-121.177414,44.294603],[-121.178864,44.294603]]],"crs":null}},{"type":"Feature","properties":{"sourceId":2879,"name":"Canyon Rim Village","slug":"canyon-rim-village","platName":"CANYON RIM VILLAGE, PHASE 9","recorded":1538697600000},"geometry":{"type":"Polygon","coordinates":[[[-121.18414,44.283699],[-121.184121,44.281328],[-121.183495,44.281351],[-121.18348,44.281573],[-121.183296,44.281656],[-121.18277,44.283574],[-121.182885,44.283592],[-121.182911,44.28356],[-121.183389,44.283671],[-121.183645,44.283619],[-121.183901,44.283675],[-121.183945,44.283693],[-121.18414,44.283699]]],"crs":null}},{"type":"Feature","properties":{"sourceId":2881,"name":"Chelsea Square","slug":"chelsea-square","platName":"CHELSEA SQUARE","recorded":1127174400000},"geometry":{"type":"Polygon","coordinates":[[[-121.1795,44.269505],[-121.179504,44.269168],[-121.179509,44.268945],[-121.17949,44.268886],[-121.179451,44.268827],[-121.179406,44.268767],[-121.179372,44.268736],[-121.179326,44.268707],[-121.179288,44.268683],[-121.179178,44.26866],[-121.179072,44.268628],[-121.178994,44.268597],[-121.178913,44.268553],[-121.178671,44.268357],[-121.178569,44.268272],[-121.178312,44.268426],[-121.178168,44.268499],[-121.17806,44.268558],[-121.177887,44.268709],[-121.17777,44.268866],[-121.177671,44.269087],[-121.177641,44.269211],[-121.177648,44.269446],[-121.177807,44.269447],[-121.177961,44.269447],[-121.178147,44.269452],[-121.17898,44.269504],[-121.1795,44.269505]]],"crs":null}},{"type":"Feature","properties":{"sourceId":2882,"name":"Pasco Industrial Park","slug":"pasco-industrial-park","platName":"PASCO INDUSTRIAL PARK","recorded":1164067200000},"geometry":{"type":"Polygon","coordinates":[[[-121.19243,44.238566],[-121.193901,44.236896],[-121.190312,44.236934],[-121.19031,44.238566],[-121.19243,44.238566]]],"crs":null}},{"type":"Feature","properties":{"sourceId":2883,"name":"Redtail Ridge","slug":"redtail-ridge","platName":"REDTAIL RIDGE, PHASE 1","recorded":1539907200000},"geometry":{"type":"Polygon","coordinates":[[[-121.221275,44.242069],[-121.221947,44.24215],[-121.221959,44.242115],[-121.222352,44.242137],[-121.222399,44.241896],[-121.222582,44.241905],[-121.223013,44.241824],[-121.22307,44.24167],[-121.222632,44.240783],[-121.222539,44.240784],[-121.222544,44.240301],[-121.222239,44.2403],[-121.222038,44.240296],[-121.221859,44.240298],[-121.22175,44.240298],[-121.22159,44.240297],[-121.221494,44.240447],[-121.221534,44.240461],[-121.221347,44.240778],[-121.22119,44.240746],[-121.221132,44.240935],[-121.221136,44.241027],[-121.221139,44.241113],[-121.221198,44.241307],[-121.221309,44.241581],[-121.221275,44.242069]]],"crs":null}},{"type":"Feature","properties":{"sourceId":2884,"name":"Fairhaven Vista","slug":"fairhaven-vista","platName":"FAIRHAVEN VISTA P.U.D PHASE 7","recorded":1540166400000},"geometry":{"type":"Polygon","coordinates":[[[-121.199128,44.279202],[-121.199136,44.27842],[-121.198491,44.278422],[-121.198479,44.279169],[-121.198811,44.279172],[-121.198815,44.279206],[-121.199128,44.279202]]],"crs":null}},{"type":"Feature","properties":{"sourceId":2887,"name":"Townhomes at Quince Village","slug":"townhomes-at-quince-village","platName":"TOWNHOMES AT QUINCE VILLAGE","recorded":1540944000000},"geometry":{"type":"Polygon","coordinates":[[[-121.176426,44.298139],[-121.176421,44.297564],[-121.176392,44.297431],[-121.176368,44.297318],[-121.175721,44.29732],[-121.17405,44.297322],[-121.174042,44.298046],[-121.174177,44.298143],[-121.176426,44.298139]]],"crs":null}},{"type":"Feature","properties":{"sourceId":2903,"name":"Maple Meadows","slug":"maple-meadows","platName":"MAPLE MEADOWS, PHASE 3","recorded":1548115200000},"geometry":{"type":"Polygon","coordinates":[[[-121.194198,44.287343],[-121.194479,44.287344],[-121.194479,44.28696],[-121.196832,44.286964],[-121.196838,44.286415],[-121.199239,44.286415],[-121.199259,44.283798],[-121.198367,44.284413],[-121.197984,44.284343],[-121.197984,44.284631],[-121.19682,44.284631],[-121.196872,44.285289],[-121.196589,44.285285],[-121.196586,44.285566],[-121.194283,44.285569],[-121.194198,44.287343]]],"crs":null}},{"type":"Feature","properties":{"sourceId":2908,"name":"Kampstra","slug":"kampstra","platName":"KAMPSTRA REPLAT OF PARCEL 3 PLAT. NO. 2002-61","recorded":1549324800000},"geometry":{"type":"Polygon","coordinates":[[[-121.219329,44.238915],[-121.218242,44.238783],[-121.217443,44.238781],[-121.21744,44.239253],[-121.219333,44.239263],[-121.219329,44.238915]]],"crs":null}},{"type":"Feature","properties":{"sourceId":2910,"name":"Emerald View Estates","slug":"emerald-view-estates","platName":"EMERALD VIEW ESTATES, PHASE 3","recorded":1549324800000},"geometry":{"type":"Polygon","coordinates":[[[-121.221866,44.253444],[-121.223039,44.252906],[-121.22303,44.252802],[-121.222602,44.252514],[-121.222433,44.252403],[-121.222485,44.252363],[-121.222105,44.252115],[-121.222072,44.252137],[-121.221763,44.251854],[-121.221622,44.251725],[-121.221755,44.251664],[-121.221686,44.251595],[-121.22099,44.251595],[-121.220772,44.251643],[-121.220563,44.251641],[-121.220345,44.251593],[-121.219879,44.251544],[-121.219662,44.251558],[-121.21983,44.25178],[-121.21963,44.251858],[-121.219854,44.252154],[-121.219444,44.252261],[-121.219502,44.252674],[-121.219541,44.252752],[-121.219604,44.252855],[-121.219697,44.252972],[-121.219784,44.253049],[-121.219941,44.253746],[-121.221202,44.253612],[-121.221366,44.253751],[-121.221866,44.253444]]],"crs":null}},{"type":"Feature","properties":{"sourceId":2911,"name":"Triple Ridge","slug":"triple-ridge","platName":"TRIPLE RIDGE, PHASE 2 (ALSO IN SECTION 29)","recorded":1550707200000},"geometry":{"type":"Polygon","coordinates":[[[-121.209359,44.236616],[-121.211408,44.236623],[-121.211411,44.236349],[-121.211412,44.236185],[-121.211439,44.236185],[-121.211441,44.23591],[-121.211472,44.235912],[-121.211474,44.235636],[-121.211475,44.235472],[-121.211495,44.235474],[-121.211496,44.23521],[-121.211203,44.235118],[-121.211028,44.235012],[-121.210878,44.23512],[-121.210603,44.234887],[-121.210437,44.234972],[-121.210198,44.235035],[-121.209938,44.235099],[-121.209576,44.235188],[-121.209341,44.235286],[-121.209301,44.235384],[-121.209261,44.235661],[-121.209208,44.235827],[-121.209143,44.235962],[-121.2091,44.236037],[-121.209018,44.236106],[-121.208973,44.236123],[-121.20888,44.236181],[-121.209429,44.236177],[-121.209426,44.236235],[-121.209449,44.23628],[-121.20949,44.236308],[-121.209401,44.236406],[-121.2092,44.236614],[-121.209359,44.236616]]],"crs":null}},{"type":"Feature","properties":{"sourceId":2917,"name":"Megan Park","slug":"megan-park","platName":"MEGAN PARK, PHASE 3","recorded":1559520000000},"geometry":{"type":"Polygon","coordinates":[[[-121.19927,44.283642],[-121.199283,44.281967],[-121.197617,44.281995],[-121.197621,44.282272],[-121.197506,44.282267],[-121.197501,44.282544],[-121.197985,44.282541],[-121.197995,44.282712],[-121.197617,44.28269],[-121.197613,44.283021],[-121.197383,44.28301],[-121.197395,44.283317],[-121.197723,44.283327],[-121.197659,44.28348],[-121.197669,44.283628],[-121.19927,44.283642]]],"crs":null}},{"type":"Feature","properties":{"sourceId":2918,"name":"Crossings at Metolius","slug":"crossings-at-metolius","platName":"CROSSINGS AT METOLIUS PHASE 2","recorded":1559692800000},"geometry":{"type":"Polygon","coordinates":[[[-121.214508,44.265594],[-121.214515,44.262042],[-121.211674,44.262018],[-121.211648,44.262555],[-121.21118,44.262552],[-121.211454,44.265577],[-121.214508,44.265594]]],"crs":null}},{"type":"Feature","properties":{"sourceId":2920,"name":"Obsidian Trails","slug":"obsidian-trails","platName":"OBSIDIAN TRAILS, PHASE 4","recorded":1560729600000},"geometry":{"type":"Polygon","coordinates":[[[-121.213228,44.26027],[-121.213231,44.260518],[-121.210381,44.260494],[-121.210411,44.260223],[-121.209647,44.26021],[-121.209642,44.261862],[-121.214471,44.261868],[-121.214427,44.260281],[-121.213228,44.26027]]],"crs":null}},{"type":"Feature","properties":{"sourceId":2925,"name":"44 North Estates","slug":"44-north-estates","platName":"44 NORTH ESTATES","recorded":1565568000000},"geometry":{"type":"Polygon","coordinates":[[[-121.22445,44.253249],[-121.224407,44.251756],[-121.223743,44.251775],[-121.223908,44.253609],[-121.22445,44.253249]]],"crs":null}},{"type":"Feature","properties":{"sourceId":2926,"name":"Sunrise Meadows","slug":"sunrise-meadows","platName":"SUNRISE MEADOWS, PHASE 1","recorded":1565568000000},"geometry":{"type":"Polygon","coordinates":[[[-121.165902,44.294625],[-121.166298,44.291107],[-121.163974,44.291114],[-121.163889,44.294636],[-121.165902,44.294625]]],"crs":null}},{"type":"Feature","properties":{"sourceId":2929,"name":"Mirage","slug":"mirage","platName":"MIRAGE","recorded":1567468800000},"geometry":{"type":"Polygon","coordinates":[[[-121.197572,44.263501],[-121.197615,44.26316],[-121.196419,44.2628],[-121.195227,44.262701],[-121.195192,44.262041],[-121.194409,44.262046],[-121.19443,44.263833],[-121.194424,44.263985],[-121.199125,44.264164],[-121.199109,44.264116],[-121.198889,44.263617],[-121.198908,44.263555],[-121.197572,44.263501]]],"crs":null}},{"type":"Feature","properties":{"sourceId":2935,"name":"Links Condominiums at the Greens","slug":"links-condominiums-at-the-greens","platName":"LINKS CONDOMINIUMS AT THE GREENS","recorded":1573689600000},"geometry":{"type":"Polygon","coordinates":[[[-121.199535,44.242593],[-121.199538,44.242669],[-121.199726,44.242626],[-121.199818,44.242606],[-121.199913,44.242592],[-121.199886,44.242522],[-121.199879,44.242372],[-121.200036,44.242369],[-121.200045,44.24258],[-121.200057,44.24258],[-121.200569,44.242556],[-121.20065,44.242549],[-121.200729,44.242536],[-121.200806,44.242516],[-121.20088,44.24249],[-121.200949,44.242458],[-121.201012,44.242421],[-121.201069,44.242379],[-121.201119,44.242332],[-121.201162,44.242282],[-121.201197,44.242229],[-121.201265,44.242105],[-121.20117,44.242092],[-121.201073,44.242086],[-121.200976,44.242085],[-121.199767,44.24211],[-121.199769,44.242165],[-121.199772,44.242165],[-121.199775,44.242237],[-121.19978,44.24226],[-121.199793,44.242587],[-121.199535,44.242593]]],"crs":null}},{"type":"Feature","properties":{"sourceId":2936,"name":"Maple Meadows","slug":"maple-meadows","platName":"MAPLE MEADOWS, PHASES 4 AND 5","recorded":1572307200000},"geometry":{"type":"MultiPolygon","coordinates":[[[[-121.19692,44.285277],[-121.196877,44.285276],[-121.196876,44.285276],[-121.196876,44.285275],[-121.196875,44.285276],[-121.196874,44.285276],[-121.196874,44.285276],[-121.196818,44.285278],[-121.196762,44.285281],[-121.196762,44.285281],[-121.196761,44.28528],[-121.19676,44.285279],[-121.196761,44.285274],[-121.196759,44.285274],[-121.196758,44.285274],[-121.19676,44.28528],[-121.19676,44.285281],[-121.196704,44.285283],[-121.196648,44.285286],[-121.196648,44.285286],[-121.196648,44.285286],[-121.196647,44.285285],[-121.196647,44.285285],[-121.196646,44.285286],[-121.196646,44.285286],[-121.196646,44.285286],[-121.196617,44.285285],[-121.196589,44.285285],[-121.196589,44.285285],[-121.196588,44.285285],[-121.196588,44.285285],[-121.196588,44.285285],[-121.196586,44.285565],[-121.196586,44.285566],[-121.196396,44.285566],[-121.196395,44.285566],[-121.196395,44.285566],[-121.196395,44.285566],[-121.196159,44.285565],[-121.196159,44.285565],[-121.196158,44.285565],[-121.196158,44.285565],[-121.195922,44.285565],[-121.195922,44.285565],[-121.195921,44.285565],[-121.195921,44.285565],[-121.195731,44.285565],[-121.195731,44.285565],[-121.195731,44.285565],[-121.19573,44.285565],[-121.19554,44.285564],[-121.19554,44.285564],[-121.19554,44.285564],[-121.19554,44.285564],[-121.195349,44.285565],[-121.195349,44.285565],[-121.195349,44.285565],[-121.195349,44.285565],[-121.195197,44.285566],[-121.195196,44.285565],[-121.195196,44.285566],[-121.195196,44.285566],[-121.19496,44.285567],[-121.19496,44.285566],[-121.194959,44.285567],[-121.194959,44.285567],[-121.194571,44.285568],[-121.19457,44.285568],[-121.19457,44.285568],[-121.19457,44.285568],[-121.194328,44.285569],[-121.194328,44.285569],[-121.194328,44.285569],[-121.194328,44.285569],[-121.194214,44.285569],[-121.194213,44.285569],[-121.194213,44.285569],[-121.194213,44.285569],[-121.194213,44.285569],[-121.194198,44.287343],[-121.194198,44.287344],[-121.194198,44.287344],[-121.194198,44.287344],[-121.194478,44.287344],[-121.194478,44.287344],[-121.194478,44.287344],[-121.194479,44.287344],[-121.194479,44.287344],[-121.194479,44.287344],[-121.194479,44.287343],[-121.194478,44.287343],[-121.194478,44.287234],[-121.194479,44.287234],[-121.194478,44.287234],[-121.194478,44.28696],[-121.194478,44.28696],[-121.194479,44.28696],[-121.19494,44.286961],[-121.19494,44.286961],[-121.194941,44.286961],[-121.195204,44.286961],[-121.195204,44.286961],[-121.195205,44.286961],[-121.195441,44.286962],[-121.195441,44.286962],[-121.195441,44.286962],[-121.195631,44.286962],[-121.195632,44.286962],[-121.195632,44.286962],[-121.195822,44.286962],[-121.195822,44.286962],[-121.195823,44.286962],[-121.195975,44.286963],[-121.195975,44.286963],[-121.195976,44.286963],[-121.196166,44.286963],[-121.196166,44.286963],[-121.196167,44.286963],[-121.196357,44.286963],[-121.196357,44.286963],[-121.196358,44.286963],[-121.196548,44.286964],[-121.196548,44.286964],[-121.196549,44.286964],[-121.196603,44.286964],[-121.196603,44.286964],[-121.196604,44.286964],[-121.196717,44.286964],[-121.196718,44.286964],[-121.196718,44.286964],[-121.196832,44.286965],[-121.196832,44.286965],[-121.196832,44.286965],[-121.196832,44.286974],[-121.196832,44.286975],[-121.196832,44.286975],[-121.196828,44.287052],[-121.196828,44.287052],[-121.196828,44.287052],[-121.196821,44.287106],[-121.19681,44.28716],[-121.19681,44.287161],[-121.19681,44.287161],[-121.196796,44.287237],[-121.196796,44.287238],[-121.196796,44.287238],[-121.196797,44.287238],[-121.198231,44.28724],[-121.198231,44.287239],[-121.198231,44.286416],[-121.198231,44.286416],[-121.198232,44.286416],[-121.199047,44.286415],[-121.199047,44.286415],[-121.199047,44.286415],[-121.199047,44.286415],[-121.199048,44.286415],[-121.199048,44.286415],[-121.199048,44.286415],[-121.199047,44.286415],[-121.199053,44.285704],[-121.199053,44.285704],[-121.199053,44.285704],[-121.198979,44.285702],[-121.198975,44.285702],[-121.198346,44.285684],[-121.198278,44.285682],[-121.198265,44.285682],[-121.198266,44.285565],[-121.198266,44.285565],[-121.198073,44.285565],[-121.198073,44.285565],[-121.198073,44.285565],[-121.198072,44.285565],[-121.197882,44.285565],[-121.197882,44.285565],[-121.197882,44.285565],[-121.197882,44.285565],[-121.197691,44.285565],[-121.197691,44.285565],[-121.197691,44.285565],[-121.197691,44.285565],[-121.197539,44.285565],[-121.197538,44.285565],[-121.197538,44.285565],[-121.197538,44.285565],[-121.197348,44.285565],[-121.197347,44.285565],[-121.197347,44.285565],[-121.197347,44.285565],[-121.197157,44.285565],[-121.197157,44.285565],[-121.197156,44.285565],[-121.197156,44.285565],[-121.196966,44.285565],[-121.196966,44.285565],[-121.196965,44.285565],[-121.196965,44.285277],[-121.196965,44.285277],[-121.19692,44.285277]]],[[[-121.196775,44.285274],[-121.196774,44.285273],[-121.196772,44.285272],[-121.196765,44.285279],[-121.196775,44.285274]]],[[[-121.196748,44.285274],[-121.196747,44.285275],[-121.196758,44.285279],[-121.196749,44.285273],[-121.196748,44.285274]]],[[[-121.19689,44.28527],[-121.196889,44.285269],[-121.196887,44.285268],[-121.196879,44.285274],[-121.19689,44.28527]]],[[[-121.196639,44.285276],[-121.196638,44.285276],[-121.196645,44.285284],[-121.196641,44.285275],[-121.196639,44.285276]]],[[[-121.196922,44.28527],[-121.196921,44.28527],[-121.196919,44.28527],[-121.19692,44.285277],[-121.196922,44.28527]]],[[[-121.196617,44.285285],[-121.19661,44.285281],[-121.196609,44.285281],[-121.196609,44.285282],[-121.196617,44.285285]]]],"crs":null}},{"type":"Feature","properties":{"sourceId":2938,"name":"Elm Park","slug":"elm-park","platName":"ELM PARK","recorded":1573603200000},"geometry":{"type":"MultiPolygon","coordinates":[[[[-121.201865,44.280446],[-121.201881,44.280446],[-121.201957,44.280446],[-121.202033,44.280447],[-121.202199,44.280447],[-121.202315,44.280447],[-121.202431,44.280447],[-121.202556,44.280447],[-121.202633,44.280448],[-121.202709,44.280448],[-121.202785,44.280448],[-121.202834,44.280448],[-121.202885,44.280406],[-121.203168,44.280172],[-121.203168,44.280118],[-121.202298,44.280116],[-121.201488,44.280115],[-121.201488,44.280115],[-121.201488,44.280114],[-121.201488,44.280115],[-121.201487,44.280115],[-121.200774,44.280168],[-121.200728,44.280467],[-121.200741,44.280663],[-121.200838,44.280874],[-121.200858,44.280893],[-121.200878,44.280911],[-121.20184,44.28095],[-121.20184,44.280862],[-121.20184,44.280791],[-121.20184,44.280736],[-121.20184,44.280681],[-121.201839,44.280626],[-121.201839,44.280571],[-121.201839,44.280516],[-121.201839,44.280446],[-121.20184,44.280446],[-121.201865,44.280446]]],[[[-121.20187,44.280452],[-121.201871,44.280451],[-121.201872,44.280451],[-121.201865,44.280446],[-121.20187,44.280452]]],[[[-121.200858,44.280893],[-121.20085,44.280896],[-121.20085,44.280896],[-121.200851,44.280897],[-121.200858,44.280893]]],[[[-121.202825,44.280453],[-121.202825,44.280453],[-121.202825,44.280453],[-121.202825,44.280453],[-121.202825,44.280453],[-121.202825,44.280453],[-121.202825,44.280453],[-121.202825,44.280453],[-121.202825,44.280453],[-121.202825,44.280453],[-121.202825,44.280453],[-121.202825,44.280453],[-121.202825,44.280453],[-121.202825,44.280453],[-121.202825,44.280453],[-121.202825,44.280453],[-121.202825,44.280453],[-121.202825,44.280453],[-121.202825,44.280453],[-121.202825,44.280453],[-121.202825,44.280453],[-121.202825,44.280453],[-121.202825,44.280453],[-121.202825,44.280453],[-121.202825,44.280453],[-121.202825,44.280453],[-121.202825,44.280453]]],[[[-121.200783,44.280162],[-121.200783,44.280162],[-121.200783,44.280162],[-121.200783,44.280162],[-121.200783,44.280162],[-121.200783,44.280162],[-121.200783,44.280162],[-121.200783,44.280163],[-121.200783,44.280163],[-121.200783,44.280163],[-121.200783,44.280163],[-121.200783,44.280163],[-121.200783,44.280163],[-121.200783,44.280163],[-121.200783,44.280163],[-121.200783,44.280163],[-121.200783,44.280163],[-121.200783,44.280163],[-121.200783,44.280163],[-121.200783,44.280162],[-121.200783,44.280162],[-121.200783,44.280162],[-121.200783,44.280162],[-121.200783,44.280162],[-121.200783,44.280162],[-121.200783,44.280162],[-121.200783,44.280162]]],[[[-121.201478,44.28011],[-121.201478,44.28011],[-121.201478,44.28011],[-121.201478,44.28011],[-121.201478,44.28011],[-121.201478,44.28011],[-121.201478,44.28011],[-121.201478,44.28011],[-121.201478,44.28011],[-121.201478,44.28011],[-121.201478,44.28011],[-121.201478,44.28011],[-121.201478,44.28011],[-121.201478,44.28011],[-121.201478,44.28011],[-121.201478,44.28011],[-121.201478,44.28011],[-121.201478,44.28011],[-121.201478,44.28011],[-121.201478,44.28011],[-121.201478,44.28011],[-121.201478,44.28011],[-121.201478,44.28011],[-121.201478,44.28011],[-121.201478,44.28011],[-121.201478,44.28011]]],[[[-121.201849,44.280451],[-121.201849,44.280451],[-121.201848,44.280452],[-121.201848,44.280452],[-121.201848,44.280452],[-121.201848,44.280452],[-121.201848,44.280452],[-121.201848,44.280452],[-121.201848,44.280452],[-121.201848,44.280452],[-121.201849,44.280452],[-121.201849,44.280452],[-121.201849,44.280452],[-121.201849,44.280452],[-121.201849,44.280452],[-121.201849,44.280452],[-121.201849,44.280452],[-121.201849,44.280452],[-121.201849,44.280452],[-121.201849,44.280452],[-121.201849,44.280452],[-121.201849,44.280452],[-121.201849,44.280451],[-121.201849,44.280451],[-121.201849,44.280451]]]],"crs":null}},{"type":"Feature","properties":{"sourceId":2939,"name":"Josie Meadows","slug":"josie-meadows","platName":"Josie Meadows, Phase 1","recorded":1578355200000},"geometry":{"type":"Polygon","coordinates":[[[-121.229499,44.242126],[-121.229507,44.241232],[-121.224481,44.241206],[-121.224473,44.2421],[-121.229499,44.242126]]],"crs":null}},{"type":"Feature","properties":{"sourceId":2940,"name":"Redtail Ridge","slug":"redtail-ridge","platName":"REDTAIL RIDGE, PHASE 2","recorded":1578528000000},"geometry":{"type":"Polygon","coordinates":[[[-121.219444,44.24379],[-121.221412,44.243803],[-121.221118,44.242962],[-121.221128,44.242547],[-121.221005,44.24253],[-121.221132,44.242057],[-121.220821,44.242029],[-121.220825,44.242012],[-121.220106,44.241938],[-121.219449,44.241927],[-121.219444,44.24379]]],"crs":null}},{"type":"Feature","properties":{"sourceId":2942,"name":"Village at Ridgeview","slug":"village-at-ridgeview","platName":"VILLAGE AT RIDGEVIEW PHASE 1 (ALSO IN SECTION 29)","recorded":1580083200000},"geometry":{"type":"Polygon","coordinates":[[[-121.207347,44.236618],[-121.207494,44.23691],[-121.20751,44.236982],[-121.207496,44.23705],[-121.207457,44.237125],[-121.207388,44.23719],[-121.207319,44.237237],[-121.20724,44.237266],[-121.207106,44.237284],[-121.207396,44.238283],[-121.207486,44.238264],[-121.207622,44.238247],[-121.207778,44.238237],[-121.207992,44.238232],[-121.208201,44.238249],[-121.208464,44.23828],[-121.208723,44.238314],[-121.209027,44.23834],[-121.20934,44.238356],[-121.209656,44.238244],[-121.208798,44.237053],[-121.209523,44.237048],[-121.209397,44.236885],[-121.211399,44.23689],[-121.211515,44.236882],[-121.211642,44.236857],[-121.211701,44.236824],[-121.211681,44.23676],[-121.211665,44.23671],[-121.211649,44.236642],[-121.211669,44.236614],[-121.207729,44.236616],[-121.207347,44.236618]]],"crs":null}},{"type":"Feature","properties":{"sourceId":2950,"name":"Dry Canyon","slug":"dry-canyon","platName":"DRY CANYON, PHASE 1 NORTH","recorded":1580428800000},"geometry":{"type":"Polygon","coordinates":[[[-121.193989,44.301714],[-121.193944,44.304571],[-121.194367,44.304479],[-121.194544,44.304425],[-121.194524,44.304343],[-121.194521,44.304293],[-121.194522,44.304205],[-121.194525,44.304073],[-121.196415,44.304088],[-121.196426,44.303389],[-121.197533,44.303398],[-121.197531,44.303523],[-121.198881,44.303534],[-121.19891,44.301752],[-121.193989,44.301714]]],"crs":null}},{"type":"Feature","properties":{"sourceId":2951,"name":"Canyon Ridge","slug":"canyon-ridge","platName":"CANYON RIDGE, PHASES 1 AND 2","recorded":1582156800000},"geometry":{"type":"Polygon","coordinates":[[[-121.180866,44.305467],[-121.180819,44.306826],[-121.180602,44.3068],[-121.1806,44.307231],[-121.182447,44.307208],[-121.18229,44.309117],[-121.182024,44.309182],[-121.181829,44.309255],[-121.181636,44.309379],[-121.181439,44.309532],[-121.181187,44.309581],[-121.180313,44.309313],[-121.180303,44.310119],[-121.180688,44.309959],[-121.181023,44.30982],[-121.181235,44.309734],[-121.181579,44.309678],[-121.182325,44.309576],[-121.183314,44.309435],[-121.183491,44.309417],[-121.183716,44.309254],[-121.184429,44.309124],[-121.184496,44.30931],[-121.185006,44.309398],[-121.185578,44.309142],[-121.185821,44.309107],[-121.186098,44.309174],[-121.186263,44.309178],[-121.186594,44.309054],[-121.187174,44.308942],[-121.187191,44.308121],[-121.187545,44.307646],[-121.187768,44.307627],[-121.188478,44.307162],[-121.188681,44.307031],[-121.18889,44.306956],[-121.188823,44.305493],[-121.180866,44.305467]]],"crs":null}},{"type":"Feature","properties":{"sourceId":2953,"name":"Village at Ridgeview","slug":"village-at-ridgeview","platName":"VILLAGE AT RIDGEVIEW PHASE 2 (ALSO IN SECTION 30)","recorded":1584489600000},"geometry":{"type":"Polygon","coordinates":[[[-121.209205,44.236616],[-121.207286,44.236631],[-121.207494,44.23691],[-121.20751,44.236982],[-121.20748,44.237111],[-121.207388,44.23719],[-121.207319,44.237237],[-121.207218,44.237268],[-121.207076,44.237288],[-121.206948,44.237305],[-121.206768,44.237358],[-121.206574,44.23744],[-121.206444,44.237522],[-121.206332,44.237644],[-121.206226,44.237823],[-121.206182,44.237976],[-121.206144,44.238178],[-121.206088,44.238455],[-121.206036,44.238608],[-121.205973,44.238697],[-121.206285,44.238672],[-121.206406,44.238548],[-121.207305,44.238425],[-121.207644,44.238384],[-121.20778,44.23838],[-121.207929,44.238382],[-121.208088,44.238378],[-121.208373,44.238409],[-121.208555,44.238437],[-121.208704,44.238449],[-121.208813,44.238468],[-121.208985,44.238483],[-121.209157,44.238495],[-121.209388,44.238484],[-121.209789,44.238358],[-121.209702,44.238222],[-121.209648,44.238251],[-121.208798,44.237053],[-121.209513,44.23705],[-121.209205,44.236616]]],"crs":null}},{"type":"Feature","properties":{"sourceId":2954,"name":"Obsidian Trails","slug":"obsidian-trails","platName":"OBSIDIAN TRAILS, PHASE 5","recorded":1584576000000},"geometry":{"type":"Polygon","coordinates":[[[-121.211273,44.260933],[-121.21053,44.26091],[-121.210501,44.260915],[-121.210471,44.260921],[-121.21044,44.260934],[-121.210416,44.260941],[-121.210388,44.260948],[-121.210348,44.260953],[-121.210324,44.260954],[-121.210293,44.260953],[-121.210254,44.260947],[-121.210231,44.26094],[-121.210195,44.260928],[-121.210154,44.260906],[-121.209777,44.260902],[-121.209777,44.26176],[-121.211288,44.261765],[-121.211273,44.260933]]],"crs":null}},{"type":"Feature","properties":{"sourceId":2956,"name":"Triple Ridge","slug":"triple-ridge","platName":"TRIPLE RIDGE, PHASE 3","recorded":1586217600000},"geometry":{"type":"Polygon","coordinates":[[[-121.211913,44.233115],[-121.211911,44.233202],[-121.211681,44.233352],[-121.21162,44.233389],[-121.211482,44.233518],[-121.211423,44.233619],[-121.211395,44.233726],[-121.211359,44.233863],[-121.211328,44.23393],[-121.211287,44.233993],[-121.211182,44.234111],[-121.211114,44.234191],[-121.211074,44.23428],[-121.211047,44.234366],[-121.210963,44.234531],[-121.210908,44.23461],[-121.210773,44.234757],[-121.210606,44.234886],[-121.210882,44.235122],[-121.211028,44.235012],[-121.211206,44.235121],[-121.211376,44.235174],[-121.211498,44.235213],[-121.211615,44.235201],[-121.211727,44.23519],[-121.211724,44.235474],[-121.212296,44.235475],[-121.212302,44.234942],[-121.212528,44.234944],[-121.212528,44.235196],[-121.212681,44.235197],[-121.212795,44.235197],[-121.212944,44.235198],[-121.213115,44.235198],[-121.213302,44.235208],[-121.213417,44.235215],[-121.213531,44.235223],[-121.213645,44.23523],[-121.213759,44.235237],[-121.213874,44.235245],[-121.213988,44.235252],[-121.214117,44.235252],[-121.214293,44.235252],[-121.214291,44.234586],[-121.214288,44.233122],[-121.211913,44.233115]]],"crs":null}},{"type":"Feature","properties":{"sourceId":2957,"name":"Dry Canyon","slug":"dry-canyon","platName":"DRY CANYON, PHASE 1 SOUTH","recorded":1586217600000},"geometry":{"type":"Polygon","coordinates":[[[-121.196864,44.301736],[-121.196878,44.300817],[-121.196962,44.300702],[-121.197166,44.300543],[-121.197413,44.300353],[-121.19745,44.300066],[-121.197457,44.299705],[-121.196986,44.299323],[-121.196907,44.299208],[-121.195883,44.299207],[-121.195318,44.29969],[-121.195277,44.299664],[-121.194659,44.299659],[-121.194618,44.29978],[-121.194616,44.299896],[-121.194016,44.299902],[-121.193988,44.301741],[-121.196864,44.301736]]],"crs":null}},{"type":"Feature","properties":{"sourceId":2962,"name":"Prairie Crossing","slug":"prairie-crossing","platName":"PRAIRIE CROSSING, PHASES 4 & 5","recorded":1591142400000},"geometry":{"type":"Polygon","coordinates":[[[-121.219572,44.238771],[-121.22106,44.238951],[-121.221075,44.238527],[-121.222239,44.238519],[-121.222326,44.238518],[-121.222245,44.238393],[-121.222018,44.238041],[-121.221943,44.237897],[-121.221918,44.237821],[-121.221901,44.23774],[-121.221894,44.237658],[-121.221897,44.237562],[-121.221923,44.237391],[-121.221941,44.237273],[-121.22197,44.237085],[-121.222022,44.236743],[-121.222035,44.236657],[-121.219577,44.236653],[-121.219576,44.237074],[-121.219572,44.238771]]],"crs":null}},{"type":"Feature","properties":{"sourceId":2963,"name":"Canyon Ridge","slug":"canyon-ridge","platName":"Canyon Ridge, Phase 2A","recorded":1592524800000},"geometry":{"type":"MultiPolygon","coordinates":[[[[-121.182623,44.305885],[-121.182615,44.305912],[-121.182613,44.305961],[-121.182613,44.306056],[-121.182659,44.306056],[-121.182705,44.306056],[-121.182705,44.305962],[-121.182707,44.305914],[-121.182716,44.305894],[-121.182733,44.305871],[-121.182785,44.306032],[-121.18298,44.305998],[-121.182969,44.305965],[-121.183218,44.305906],[-121.18323,44.305933],[-121.183418,44.305887],[-121.183537,44.305849],[-121.183479,44.305753],[-121.183454,44.305726],[-121.183412,44.305697],[-121.183376,44.305681],[-121.183364,44.305655],[-121.183469,44.30563],[-121.183409,44.305499],[-121.183156,44.305499],[-121.182965,44.305541],[-121.182881,44.305561],[-121.18277,44.305587],[-121.182609,44.305606],[-121.182609,44.30576],[-121.182639,44.305776],[-121.18266,44.305782],[-121.182702,44.305786],[-121.182731,44.305782],[-121.182702,44.3058],[-121.182654,44.305838],[-121.182623,44.305885]]],[[[-121.180792,44.305733],[-121.181265,44.305734],[-121.181266,44.305468],[-121.180807,44.305468],[-121.180792,44.305733]]],[[[-121.182182,44.305613],[-121.182182,44.305735],[-121.182499,44.305735],[-121.182529,44.305737],[-121.182569,44.305745],[-121.182569,44.305469],[-121.182182,44.305469],[-121.182182,44.305613]]],[[[-121.181795,44.306055],[-121.182181,44.306056],[-121.182182,44.30579],[-121.181795,44.305789],[-121.181795,44.306055]]],[[[-121.180756,44.306364],[-121.181202,44.306377],[-121.181207,44.306305],[-121.181211,44.30625],[-121.181221,44.306217],[-121.181235,44.30619],[-121.181258,44.306159],[-121.180769,44.306141],[-121.180756,44.306364]]]],"crs":null}},{"type":"Feature","properties":{"sourceId":2964,"name":"Triple Ridge","slug":"triple-ridge","platName":"Triple Ridge, Phase 4","recorded":1593648000000},"geometry":{"type":"Polygon","coordinates":[[[-121.211632,44.234511],[-121.212023,44.234632],[-121.212367,44.234049],[-121.212458,44.233882],[-121.21249,44.233773],[-121.212502,44.23366],[-121.212502,44.233564],[-121.212453,44.233564],[-121.212454,44.233399],[-121.212136,44.2334],[-121.212081,44.233383],[-121.212022,44.233378],[-121.211956,44.23339],[-121.211953,44.233115],[-121.211913,44.233115],[-121.211913,44.233201],[-121.211679,44.233353],[-121.211553,44.23344],[-121.2115,44.233494],[-121.211456,44.233555],[-121.211443,44.233573],[-121.211403,44.23367],[-121.211379,44.233794],[-121.211334,44.233911],[-121.211297,44.233974],[-121.211284,44.233998],[-121.21125,44.234036],[-121.211226,44.234068],[-121.211182,44.234107],[-121.211159,44.234138],[-121.211117,44.234186],[-121.211091,44.234234],[-121.211074,44.23428],[-121.211053,44.234349],[-121.211413,44.234461],[-121.21142,44.234448],[-121.211632,44.234511]]],"crs":null}},{"type":"Feature","properties":{"sourceId":2969,"name":"Canyon Crossing","slug":"canyon-crossing","platName":"Canyon Crossing Phase 2","recorded":1595548800000},"geometry":{"type":"Polygon","coordinates":[[[-121.176344,44.294606],[-121.177416,44.294605],[-121.177424,44.29418],[-121.177426,44.294073],[-121.177442,44.294073],[-121.177442,44.2937],[-121.17576,44.293702],[-121.175751,44.294442],[-121.176346,44.294442],[-121.176344,44.294606]]],"crs":null}},{"type":"Feature","properties":{"sourceId":2975,"name":"Redtail Ridge","slug":"redtail-ridge","platName":"Redtail Ridge, Phases 3 & 4","recorded":1597968000000},"geometry":{"type":"Polygon","coordinates":[[[-121.221132,44.242057],[-121.221275,44.242069],[-121.221288,44.24187],[-121.221309,44.241581],[-121.221269,44.241481],[-121.221183,44.241271],[-121.221139,44.241113],[-121.221132,44.240935],[-121.221191,44.240746],[-121.221347,44.240778],[-121.221534,44.240461],[-121.221494,44.240447],[-121.22159,44.240297],[-121.219454,44.24029],[-121.219449,44.241927],[-121.219564,44.241927],[-121.220106,44.241938],[-121.220599,44.241987],[-121.220825,44.242012],[-121.220821,44.242029],[-121.221132,44.242057]]],"crs":null}},{"type":"Feature","properties":{"sourceId":2982,"name":"Maple Meadows","slug":"maple-meadows","platName":"Maple Meadows, Phase 6","recorded":1605830400000},"geometry":{"type":"Polygon","coordinates":[[[-121.194345,44.288057],[-121.19596,44.288059],[-121.195961,44.287884],[-121.19671,44.287887],[-121.196715,44.287347],[-121.199231,44.287351],[-121.199239,44.286415],[-121.198231,44.286415],[-121.198231,44.28724],[-121.196797,44.287238],[-121.196802,44.287199],[-121.19681,44.28716],[-121.196822,44.287099],[-121.196829,44.287037],[-121.196832,44.286974],[-121.196832,44.286964],[-121.196603,44.286963],[-121.194479,44.28696],[-121.194479,44.287344],[-121.194198,44.287343],[-121.194192,44.288056],[-121.194345,44.288057]]],"crs":null}},{"type":"Feature","properties":{"sourceId":2983,"name":"Virginia Center","slug":"virginia-center","platName":"Virginia Center","recorded":1606867200000},"geometry":{"type":"Polygon","coordinates":[[[-121.172332,44.297367],[-121.172316,44.29769],[-121.17338,44.297582],[-121.173629,44.297583],[-121.173641,44.29641],[-121.172009,44.296401],[-121.172115,44.296641],[-121.172049,44.296638],[-121.172264,44.297123],[-121.172252,44.297365],[-121.172332,44.297367]]],"crs":null}},{"type":"Feature","properties":{"sourceId":2984,"name":"Prairie Crossing","slug":"prairie-crossing","platName":"Prairie Crossing, Phase 1A","recorded":1607040000000},"geometry":{"type":"Polygon","coordinates":[[[-121.215296,44.237037],[-121.215359,44.237049],[-121.215424,44.237058],[-121.215489,44.237063],[-121.215554,44.237065],[-121.215555,44.236897],[-121.2156,44.2369],[-121.215644,44.236901],[-121.216701,44.236905],[-121.216703,44.236643],[-121.215557,44.236639],[-121.215366,44.236638],[-121.215364,44.23688],[-121.215296,44.237037]]],"crs":null}},{"type":"Feature","properties":{"sourceId":2991,"name":"Josie Meadows","slug":"josie-meadows","platName":"Josie Meadows, Phase 2","recorded":1611705600000},"geometry":{"type":"Polygon","coordinates":[[[-121.228629,44.242129],[-121.229306,44.242133],[-121.229322,44.24123],[-121.227034,44.241219],[-121.22692,44.241218],[-121.226805,44.241218],[-121.226548,44.241217],[-121.226544,44.241582],[-121.226801,44.241584],[-121.226799,44.241748],[-121.226517,44.241747],[-121.226513,44.242117],[-121.226795,44.242119],[-121.22691,44.24212],[-121.227024,44.24212],[-121.2284,44.242128],[-121.228515,44.242129],[-121.228629,44.242129]]],"crs":null}},{"type":"Feature","properties":{"sourceId":2995,"name":"Canyon Rim Village","slug":"canyon-rim-village","platName":"Canyon Rim Village Phase 10","recorded":1612396800000},"geometry":{"type":"Polygon","coordinates":[[[-121.181552,44.283482],[-121.182137,44.283573],[-121.182397,44.283493],[-121.182881,44.283569],[-121.182992,44.283202],[-121.182995,44.282174],[-121.18307,44.281878],[-121.183168,44.281837],[-121.183169,44.281317],[-121.184142,44.281315],[-121.184144,44.280097],[-121.183361,44.280428],[-121.182938,44.280668],[-121.182927,44.280791],[-121.182737,44.281111],[-121.182657,44.281527],[-121.182196,44.282151],[-121.181886,44.282464],[-121.181526,44.283383],[-121.181552,44.283482]]],"crs":null}},{"type":"Feature","properties":{"sourceId":2997,"name":"Crossings at Metolius","slug":"crossings-at-metolius","platName":"Crossings At Metolius, Phase 4","recorded":1612396800000},"geometry":{"type":"Polygon","coordinates":[[[-121.212607,44.262788],[-121.214536,44.262799],[-121.214541,44.262084],[-121.212614,44.262074],[-121.212607,44.262788]]],"crs":null}},{"type":"Feature","properties":{"sourceId":3000,"name":"Sunrise Meadows","slug":"sunrise-meadows","platName":"Sunrise Meadows Phases 2 & 3","recorded":1613520000000},"geometry":{"type":"Polygon","coordinates":[[[-121.163996,44.292242],[-121.163961,44.29463],[-121.165909,44.294625],[-121.166156,44.292297],[-121.165546,44.292263],[-121.165518,44.292528],[-121.164975,44.292524],[-121.164978,44.292298],[-121.164749,44.292296],[-121.164749,44.292248],[-121.163996,44.292242]]],"crs":null}},{"type":"Feature","properties":{"sourceId":3001,"name":"Cinder Butte Village","slug":"cinder-butte-village","platName":"Cinder Butte Village, Phase 1","recorded":1614297600000},"geometry":{"type":"Polygon","coordinates":[[[-121.176738,44.304565],[-121.176722,44.305478],[-121.178708,44.305467],[-121.178725,44.304555],[-121.176738,44.304565]]],"crs":null}},{"type":"Feature","properties":{"sourceId":3016,"name":"Cinder Butte Village","slug":"cinder-butte-village","platName":"Cinder Butte Village, Phase 2","recorded":1627948800000},"geometry":{"type":"Polygon","coordinates":[[[-121.176435,44.305507],[-121.176379,44.30983],[-121.177477,44.309342],[-121.178587,44.309222],[-121.178621,44.309256],[-121.17867,44.305495],[-121.176435,44.305507]]],"crs":null}},{"type":"Feature","properties":{"sourceId":3017,"name":"Copper Ridge","slug":"copper-ridge","platName":"Copper Ridge, Phase 5","recorded":1628553600000},"geometry":{"type":"Polygon","coordinates":[[[-121.213981,44.258346],[-121.214506,44.25835],[-121.214487,44.256312],[-121.213846,44.256223],[-121.213805,44.256498],[-121.213979,44.25667],[-121.213981,44.258346]]],"crs":null}},{"type":"Feature","properties":{"sourceId":3018,"name":"Canyon Ridge","slug":"canyon-ridge","platName":"CANYON RIDGE, PHASE 3","recorded":1628640000000},"geometry":{"type":"Polygon","coordinates":[[[-121.18824,44.30638],[-121.188468,44.306397],[-121.188471,44.306365],[-121.188472,44.306333],[-121.188473,44.306193],[-121.188892,44.306194],[-121.188894,44.305475],[-121.184032,44.305471],[-121.184032,44.305891],[-121.184029,44.305942],[-121.18402,44.305993],[-121.184006,44.306043],[-121.184005,44.306294],[-121.188243,44.306297],[-121.188243,44.306333],[-121.188242,44.306356],[-121.18824,44.30638]]],"crs":null}},{"type":"Feature","properties":{"sourceId":3020,"name":"Sego Estates","slug":"sego-estates","platName":"Sego Estates, Phase 1 711-18-000117-SUB 711-20-000109-PLNG-E","recorded":1629936000000},"geometry":{"type":"Polygon","coordinates":[[[-121.204504,44.281045],[-121.205431,44.281047],[-121.205433,44.280923],[-121.205529,44.280924],[-121.205544,44.280094],[-121.206128,44.280095],[-121.20614,44.279246],[-121.20614,44.27828],[-121.205081,44.278277],[-121.205004,44.27648],[-121.204357,44.27648],[-121.204311,44.28012],[-121.203975,44.28012],[-121.203976,44.281023],[-121.204504,44.281045]]],"crs":null}},{"type":"Feature","properties":{"sourceId":3030,"name":"Juniper Canyon Living","slug":"juniper-canyon-living","platName":"Juniper Canyon Living, 711-20-000041-SUB","recorded":1635811200000},"geometry":{"type":"Polygon","coordinates":[[[-121.173489,44.303844],[-121.173336,44.30458],[-121.175276,44.304572],[-121.175326,44.301913],[-121.174979,44.301914],[-121.173971,44.301917],[-121.173789,44.302035],[-121.173731,44.302409],[-121.173667,44.302782],[-121.173597,44.303155],[-121.173535,44.303468],[-121.173489,44.303844]]],"crs":null}},{"type":"Feature","properties":{"sourceId":3031,"name":"Lindsay Industrial Park","slug":"lindsay-industrial-park","platName":"LINDSAY INDUSTRIAL PARK LOT 9 OF MURPHY INDUSTRIAL TRACTS PHASE 1","recorded":1638144000000},"geometry":{"type":"Polygon","coordinates":[[[-121.171195,44.256939],[-121.171266,44.256958],[-121.171335,44.256972],[-121.171388,44.256982],[-121.171446,44.256991],[-121.171485,44.256996],[-121.171537,44.257001],[-121.171579,44.257005],[-121.171635,44.257008],[-121.171683,44.257009],[-121.171738,44.257009],[-121.17381,44.25701],[-121.173804,44.25479],[-121.172087,44.254791],[-121.172086,44.255526],[-121.172085,44.2559],[-121.172028,44.25613],[-121.171934,44.256509],[-121.171195,44.256939]]],"crs":null}},{"type":"Feature","properties":{"sourceId":3038,"name":"Cinder Butte Village","slug":"cinder-butte-village","platName":"Cinder Butte Village, Phase 3","recorded":1643760000000},"geometry":{"type":"Polygon","coordinates":[[[-121.176436,44.305507],[-121.17642,44.306728],[-121.178654,44.306716],[-121.17867,44.305495],[-121.176436,44.305507]]],"crs":null}},{"type":"Feature","properties":{"sourceId":3043,"name":"Rimview Estates","slug":"rimview-estates","platName":"RIMVIEW ESTATES","recorded":1645747200000},"geometry":{"type":"Polygon","coordinates":[[[-121.185188,44.275474],[-121.185203,44.275547],[-121.186662,44.27554],[-121.18666,44.274662],[-121.185522,44.274669],[-121.185475,44.274801],[-121.185451,44.27486],[-121.18542,44.274909],[-121.185394,44.274955],[-121.185345,44.275039],[-121.185274,44.275105],[-121.185299,44.275135],[-121.18532,44.275168],[-121.185264,44.275222],[-121.185241,44.275293],[-121.185188,44.275362],[-121.1852,44.275423],[-121.185188,44.275474]]],"crs":null}},{"type":"Feature","properties":{"sourceId":3052,"name":"Prairie Crossing East","slug":"prairie-crossing-east","platName":"Prairie Crossing East - Phase 1","recorded":1652313600000},"geometry":{"type":"Polygon","coordinates":[[[-121.215302,44.238517],[-121.215403,44.238543],[-121.215505,44.238564],[-121.215538,44.238409],[-121.215544,44.238373],[-121.215546,44.238337],[-121.215554,44.237065],[-121.215489,44.237063],[-121.215424,44.237058],[-121.215359,44.237049],[-121.215296,44.237037],[-121.215365,44.236879],[-121.215366,44.236638],[-121.214566,44.236635],[-121.214565,44.236824],[-121.214543,44.236806],[-121.214518,44.236792],[-121.214489,44.23678],[-121.214458,44.236773],[-121.214426,44.236769],[-121.214393,44.236769],[-121.214361,44.236774],[-121.21433,44.236782],[-121.214302,44.236794],[-121.214277,44.236809],[-121.214256,44.236827],[-121.214239,44.236847],[-121.214228,44.236869],[-121.214222,44.236892],[-121.214221,44.236916],[-121.214227,44.236939],[-121.214237,44.236961],[-121.214253,44.236982],[-121.214273,44.237],[-121.214298,44.237016],[-121.214301,44.237976],[-121.214298,44.238019],[-121.21429,44.238062],[-121.214276,44.238104],[-121.214257,44.238145],[-121.214218,44.238217],[-121.215302,44.238517]]],"crs":null}},{"type":"Feature","properties":{"sourceId":3058,"name":"Canyon Ridge","slug":"canyon-ridge","platName":"Canyon Ridge, Phase 4 711-18-000032-SUB","recorded":1657756800000},"geometry":{"type":"Polygon","coordinates":[[[-121.182905,44.308666],[-121.183133,44.308679],[-121.183145,44.308536],[-121.183607,44.308537],[-121.183607,44.308331],[-121.185574,44.308333],[-121.185575,44.308023],[-121.185571,44.307858],[-121.185454,44.307858],[-121.185456,44.307173],[-121.185354,44.307173],[-121.185355,44.306789],[-121.183424,44.306787],[-121.183355,44.306785],[-121.183286,44.306779],[-121.183251,44.30721],[-121.183022,44.3072],[-121.182447,44.307208],[-121.182333,44.308643],[-121.182905,44.308666]]],"crs":null}},{"type":"Feature","properties":{"sourceId":3062,"name":"Prairie Crossing East","slug":"prairie-crossing-east","platName":"Prairie Crossing East - Phase 2","recorded":1660780800000},"geometry":{"type":"Polygon","coordinates":[[[-121.215302,44.238517],[-121.215403,44.238543],[-121.215505,44.238564],[-121.215538,44.238409],[-121.215544,44.238373],[-121.215546,44.238337],[-121.215554,44.237065],[-121.21549,44.237063],[-121.215426,44.237058],[-121.215362,44.237049],[-121.2153,44.237037],[-121.215239,44.237022],[-121.215182,44.237008],[-121.215124,44.236998],[-121.215066,44.236992],[-121.215006,44.23699],[-121.214564,44.236989],[-121.214541,44.237006],[-121.214515,44.237021],[-121.214486,44.237032],[-121.214455,44.237039],[-121.214422,44.237043],[-121.214389,44.237042],[-121.214356,44.237037],[-121.214326,44.237028],[-121.214298,44.237016],[-121.214301,44.237976],[-121.214298,44.238019],[-121.21429,44.238062],[-121.214276,44.238104],[-121.214257,44.238145],[-121.214218,44.238217],[-121.215302,44.238517]]],"crs":null}},{"type":"Feature","properties":{"sourceId":3067,"name":"Dry Canyon","slug":"dry-canyon","platName":"Dry Canyon, Phase II North 711-17-000134-SUB , 711-17-000150-PUD","recorded":1663027200000},"geometry":{"type":"Polygon","coordinates":[[[-121.19623,44.305495],[-121.197316,44.305497],[-121.197851,44.305161],[-121.19814,44.304905],[-121.198864,44.304589],[-121.198866,44.304479],[-121.198881,44.303534],[-121.197531,44.303523],[-121.197533,44.303398],[-121.196426,44.303389],[-121.196415,44.304088],[-121.196224,44.304087],[-121.196219,44.304374],[-121.19617,44.304374],[-121.196168,44.304511],[-121.196341,44.304513],[-121.196333,44.305056],[-121.196202,44.305056],[-121.196201,44.30522],[-121.196232,44.30522],[-121.19623,44.305495]]],"crs":null}},{"type":"Feature","properties":{"sourceId":3072,"name":"Lavawood","slug":"lavawood","platName":"LAVAWOOD 711-20-000163-SUB","recorded":1664409600000},"geometry":{"type":"Polygon","coordinates":[[[-121.213268,44.260154],[-121.214525,44.260162],[-121.214507,44.258349],[-121.213252,44.25834],[-121.213268,44.260154]]],"crs":null}},{"type":"Feature","properties":{"sourceId":3073,"name":"Cinder Butte Village","slug":"cinder-butte-village","platName":"Cinder Butte Village Phase 4 711-19-000217-SUB","recorded":1664496000000},"geometry":{"type":"Polygon","coordinates":[[[-121.176399,44.308298],[-121.176379,44.30983],[-121.177477,44.309342],[-121.178586,44.309222],[-121.178621,44.309256],[-121.178633,44.308286],[-121.177904,44.30829],[-121.177904,44.308256],[-121.177056,44.30826],[-121.177056,44.308295],[-121.176399,44.308298]]],"crs":null}},{"type":"Feature","properties":{"sourceId":3074,"name":"Canyon Rim Village","slug":"canyon-rim-village","platName":"Canyon Rim Village , Phase 11 711-21-000087-PLNG , 711-21-000088-PLNG","recorded":1664841600000},"geometry":{"type":"Polygon","coordinates":[[[-121.187596,44.284896],[-121.187596,44.2852],[-121.188545,44.284876],[-121.189073,44.284876],[-121.189073,44.284876],[-121.189084,44.283711],[-121.187177,44.283711],[-121.187177,44.283901],[-121.187517,44.284501],[-121.187581,44.284702],[-121.187596,44.284896]]],"crs":null}},{"type":"Feature","properties":{"sourceId":3075,"name":"Korbin Meadows","slug":"korbin-meadows","platName":"Korbin Meadows Phase 1 711-21-000108-SUB","recorded":1665014400000},"geometry":{"type":"Polygon","coordinates":[[[-121.224825,44.243007],[-121.229524,44.243034],[-121.22953,44.242135],[-121.224843,44.242108],[-121.224787,44.242136],[-121.224729,44.242161],[-121.224668,44.242182],[-121.224605,44.2422],[-121.22454,44.242214],[-121.224502,44.242222],[-121.224825,44.243007]]],"crs":null}},{"type":"Feature","properties":{"sourceId":3077,"name":"Summerhaven","slug":"summerhaven","platName":"SummerHaven Phase 2 711-20-000076-SUB , 711-21-000150-PLNG","recorded":1666915200000},"geometry":{"type":"Polygon","coordinates":[[[-121.21463,44.25835],[-121.217004,44.258368],[-121.216965,44.255844],[-121.216405,44.255849],[-121.216398,44.255156],[-121.215301,44.255151],[-121.215296,44.254836],[-121.214473,44.254832],[-121.214487,44.256311],[-121.214716,44.256311],[-121.214718,44.256448],[-121.214716,44.256492],[-121.21471,44.256536],[-121.2147,44.25658],[-121.214685,44.256623],[-121.214667,44.256665],[-121.21465,44.256703],[-121.214638,44.256742],[-121.214631,44.256782],[-121.214629,44.256822],[-121.21463,44.25835]]],"crs":null}},{"type":"Feature","properties":{"sourceId":3080,"name":"North Trailside","slug":"north-trailside","platName":"North Trailside 711-20-000129-MD, 711-20-000130-ZMA, 711-20-000131-SUB","recorded":1668556800000},"geometry":{"type":"Polygon","coordinates":[[[-121.223498,44.240304],[-121.223547,44.240304],[-121.223547,44.240279],[-121.224481,44.240266],[-121.224486,44.236662],[-121.222035,44.236657],[-121.221901,44.237532],[-121.221895,44.237597],[-121.221894,44.237663],[-121.221899,44.237728],[-121.221911,44.237793],[-121.221929,44.237857],[-121.221953,44.23792],[-121.221982,44.237981],[-121.222018,44.238041],[-121.222744,44.239166],[-121.223498,44.240304]]],"crs":null}},{"type":"Feature","properties":{"sourceId":3083,"name":"Walter's Views","slug":"walter-s-views","platName":"Walter's Views 711-21-000185-PLNG-SUB","recorded":1671667200000},"geometry":{"type":"Polygon","coordinates":[[[-121.206949,44.278263],[-121.2075,44.278312],[-121.207503,44.278014],[-121.20753,44.277727],[-121.206833,44.277726],[-121.206832,44.277862],[-121.206833,44.277893],[-121.206838,44.277923],[-121.206848,44.27796],[-121.206862,44.277996],[-121.206881,44.27803],[-121.206905,44.278075],[-121.206924,44.278121],[-121.206938,44.278167],[-121.206946,44.278215],[-121.206949,44.278263]]],"crs":null}},{"type":"Feature","properties":{"sourceId":3090,"name":"Ward Commons","slug":"ward-commons","platName":"WARD COMMONS","recorded":1676505600000},"geometry":{"type":"Polygon","coordinates":[[[-121.219268,44.258276],[-121.220209,44.25828],[-121.220113,44.257307],[-121.219173,44.257307],[-121.219268,44.258276]]],"crs":null}},{"type":"Feature","properties":{"sourceId":3092,"name":"Sego Estates","slug":"sego-estates","platName":"SEGO ESTATES, PHASES 2 & 3 711-18-000117-SUB","recorded":1678147200000},"geometry":{"type":"Polygon","coordinates":[[[-121.204912,44.279381],[-121.204908,44.27968],[-121.206133,44.27968],[-121.20614,44.279246],[-121.206141,44.27828],[-121.205081,44.278277],[-121.205065,44.277884],[-121.204645,44.277881],[-121.204645,44.277974],[-121.204414,44.277973],[-121.204397,44.279381],[-121.204912,44.279381]]],"crs":null}},{"type":"Feature","properties":{"sourceId":3093,"name":"Canyon Trails","slug":"canyon-trails","platName":"Canyon Trails Phase 1 711-21-000194-SUB","recorded":1679011200000},"geometry":{"type":"Polygon","coordinates":[[[-121.178914,44.307349],[-121.178872,44.310752],[-121.17933,44.310555],[-121.180302,44.310151],[-121.180313,44.309313],[-121.181039,44.309537],[-121.181086,44.309549],[-121.181134,44.309558],[-121.181184,44.309563],[-121.181233,44.309564],[-121.181283,44.309561],[-121.181332,44.309554],[-121.181379,44.309544],[-121.181425,44.30953],[-121.181468,44.309512],[-121.181508,44.309491],[-121.181545,44.309467],[-121.181737,44.309329],[-121.181795,44.30929],[-121.181858,44.309254],[-121.181924,44.309222],[-121.181993,44.309193],[-121.182065,44.309167],[-121.18214,44.309146],[-121.182216,44.309129],[-121.182294,44.309116],[-121.182446,44.307208],[-121.180596,44.307235],[-121.180252,44.307344],[-121.17984,44.307397],[-121.178914,44.307349]]],"crs":null}},{"type":"Feature","properties":{"sourceId":3094,"name":"Canyon Ridge","slug":"canyon-ridge","platName":"Canyon Ridge, Phase 5 and 5A","recorded":1680739200000},"geometry":{"type":"Polygon","coordinates":[[[-121.180312,44.309313],[-121.180302,44.31012],[-121.181162,44.309762],[-121.181238,44.309733],[-121.181316,44.309708],[-121.181397,44.309686],[-121.181479,44.309668],[-121.181563,44.309655],[-121.181648,44.309645],[-121.181734,44.30964],[-121.18182,44.309638],[-121.181906,44.309641],[-121.18349,44.309418],[-121.183715,44.309254],[-121.184428,44.309124],[-121.184495,44.309311],[-121.185005,44.309399],[-121.18558,44.309149],[-121.18582,44.309107],[-121.186096,44.309182],[-121.18626,44.309185],[-121.18659,44.309061],[-121.187173,44.308943],[-121.18719,44.308122],[-121.187544,44.307646],[-121.187767,44.307628],[-121.187832,44.307585],[-121.187447,44.307281],[-121.187269,44.307175],[-121.185454,44.307173],[-121.185453,44.307859],[-121.18557,44.307859],[-121.185574,44.308023],[-121.185573,44.308333],[-121.183606,44.308331],[-121.183606,44.308537],[-121.183144,44.308537],[-121.183132,44.30868],[-121.182904,44.308667],[-121.182332,44.308643],[-121.182294,44.309116],[-121.182216,44.309129],[-121.182139,44.309147],[-121.182065,44.309168],[-121.181993,44.309193],[-121.181924,44.309222],[-121.181858,44.309255],[-121.181795,44.309291],[-121.181736,44.30933],[-121.181545,44.309468],[-121.181508,44.309492],[-121.181467,44.309512],[-121.181424,44.30953],[-121.181379,44.309544],[-121.181331,44.309555],[-121.181282,44.309561],[-121.181233,44.309564],[-121.181183,44.309563],[-121.181134,44.309558],[-121.181086,44.30955],[-121.181039,44.309538],[-121.180312,44.309313]]],"crs":null}},{"type":"Feature","properties":{"sourceId":3100,"name":"Summerhaven","slug":"summerhaven","platName":"Summerhaven, Phase 3 711-20-000076-SUB","recorded":1687219200000},"geometry":{"type":"Polygon","coordinates":[[[-121.215408,44.257025],[-121.216758,44.257033],[-121.216757,44.25694],[-121.216982,44.25694],[-121.216965,44.255844],[-121.216405,44.255848],[-121.216398,44.255156],[-121.215301,44.255151],[-121.215296,44.254836],[-121.214473,44.254832],[-121.214488,44.256311],[-121.214717,44.256311],[-121.214718,44.256448],[-121.214716,44.256492],[-121.21471,44.256536],[-121.2147,44.25658],[-121.214685,44.256623],[-121.214667,44.256665],[-121.214651,44.256702],[-121.214639,44.25674],[-121.214632,44.256779],[-121.214829,44.256811],[-121.214902,44.256821],[-121.214975,44.256826],[-121.215049,44.256827],[-121.215122,44.256823],[-121.215195,44.256815],[-121.215267,44.256802],[-121.215337,44.256785],[-121.215404,44.256765],[-121.215408,44.257025]]],"crs":null}},{"type":"Feature","properties":{"sourceId":3101,"name":"Obsidian Lofts","slug":"obsidian-lofts","platName":"Obsidian Lofts","recorded":1688083200000},"geometry":{"type":"Polygon","coordinates":[[[-121.183922,44.261989],[-121.183927,44.261725],[-121.182519,44.261729],[-121.182528,44.262078],[-121.183547,44.262066],[-121.183922,44.261989]]],"crs":null}},{"type":"Feature","properties":{"sourceId":3106,"name":"Dry Canyon","slug":"dry-canyon","platName":"DRY CANYON, PHASE 3 NORTH","recorded":1690848000000},"geometry":{"type":"Polygon","coordinates":[[[-121.194846,44.305491],[-121.19623,44.305495],[-121.196232,44.30522],[-121.196201,44.30522],[-121.196202,44.305056],[-121.196333,44.305056],[-121.196341,44.304512],[-121.196168,44.304511],[-121.19617,44.304374],[-121.196219,44.304374],[-121.196224,44.304086],[-121.194524,44.304073],[-121.194521,44.304293],[-121.194523,44.304337],[-121.194531,44.304381],[-121.194544,44.304424],[-121.194367,44.304478],[-121.193944,44.304571],[-121.193943,44.304611],[-121.194051,44.304659],[-121.194223,44.304932],[-121.194846,44.305491]]],"crs":null}},{"type":"Feature","properties":{"sourceId":3111,"name":"Timber Grove Villas","slug":"timber-grove-villas","platName":"TIMBER GROVE VILLAS 711-18-000243-SUB","recorded":1696464000000},"geometry":{"type":"Polygon","coordinates":[[[-121.195475,44.253843],[-121.19548,44.254254],[-121.196627,44.254248],[-121.196621,44.253836],[-121.195475,44.253843]]],"crs":null}},{"type":"Feature","properties":{"sourceId":3114,"name":"Korbin Meadows","slug":"korbin-meadows","platName":"Korbin Meadows, Phase 2 711-21-000108-SUB","recorded":1698969600000},"geometry":{"type":"Polygon","coordinates":[[[-121.227287,44.243021],[-121.229289,44.243033],[-121.229306,44.242133],[-121.227253,44.242122],[-121.22725,44.242463],[-121.22729,44.242628],[-121.227287,44.243021]]],"crs":null}},{"type":"Feature","properties":{"sourceId":3117,"name":"Crossings at Metolius","slug":"crossings-at-metolius","platName":"Crossings at Metolius, Phase 3 711-20-000063-PLNG","recorded":1701907200000},"geometry":{"type":"Polygon","coordinates":[[[-121.21258,44.265589],[-121.214518,44.2656],[-121.214527,44.2643],[-121.212592,44.264291],[-121.21258,44.265589]]],"crs":null}},{"type":"Feature","properties":{"sourceId":3124,"name":"Canyon Ridge","slug":"canyon-ridge","platName":"Canyon Ridge, Phase 6 711-18-000032-SUB","recorded":1705881600000},"geometry":{"type":"Polygon","coordinates":[[[-121.187448,44.30728],[-121.187833,44.307584],[-121.188478,44.307163],[-121.188682,44.307033],[-121.188889,44.306955],[-121.188892,44.306194],[-121.188473,44.306193],[-121.188473,44.306333],[-121.188471,44.306365],[-121.188468,44.306396],[-121.18824,44.30638],[-121.188243,44.306356],[-121.188243,44.306333],[-121.188244,44.306297],[-121.183865,44.306293],[-121.183822,44.306328],[-121.183776,44.30636],[-121.183726,44.30639],[-121.183673,44.306417],[-121.183618,44.306442],[-121.183618,44.306622],[-121.184922,44.306623],[-121.184921,44.306788],[-121.185355,44.306788],[-121.185354,44.307172],[-121.187269,44.307174],[-121.187448,44.30728]]],"crs":null}},{"type":"Feature","properties":{"sourceId":3130,"name":"Westmount Condominium","slug":"westmount-condominium","platName":"Westmount Condominium","recorded":1710288000000},"geometry":{"type":"Polygon","coordinates":[[[-121.212174,44.237048],[-121.212534,44.237314],[-121.212592,44.237268],[-121.212648,44.237221],[-121.212701,44.237172],[-121.213278,44.23663],[-121.211892,44.236625],[-121.211892,44.236626],[-121.211893,44.236651],[-121.211896,44.236696],[-121.211905,44.23674],[-121.21192,44.236784],[-121.21194,44.236826],[-121.211967,44.236867],[-121.211998,44.236905],[-121.212035,44.236942],[-121.212076,44.236975],[-121.21216,44.237037],[-121.212189,44.237037],[-121.212174,44.237048]]],"crs":null}},{"type":"Feature","properties":{"sourceId":3131,"name":"Canyon Trails","slug":"canyon-trails","platName":"Canyon Trails Phase 2 711-21-000194-SUB","recorded":1710374400000},"geometry":{"type":"Polygon","coordinates":[[[-121.181039,44.309537],[-121.181086,44.309549],[-121.181134,44.309558],[-121.181183,44.309563],[-121.181233,44.309564],[-121.181283,44.309561],[-121.181331,44.309554],[-121.181379,44.309544],[-121.181425,44.30953],[-121.181468,44.309512],[-121.181508,44.309491],[-121.181545,44.309467],[-121.181737,44.309329],[-121.181795,44.30929],[-121.181858,44.309254],[-121.181924,44.309222],[-121.181993,44.309193],[-121.182065,44.309167],[-121.18214,44.309146],[-121.182216,44.309129],[-121.182294,44.309116],[-121.182446,44.307208],[-121.181415,44.307223],[-121.181427,44.307662],[-121.181416,44.307662],[-121.181345,44.308551],[-121.180876,44.308531],[-121.18078,44.308577],[-121.180581,44.308412],[-121.180334,44.308285],[-121.180092,44.308216],[-121.179973,44.308216],[-121.179971,44.308423],[-121.179892,44.308636],[-121.17993,44.308644],[-121.179968,44.308654],[-121.17996,44.309255],[-121.180037,44.309255],[-121.180313,44.309313],[-121.181039,44.309537]]],"crs":null}},{"type":"Feature","properties":{"sourceId":3133,"name":"121 West","slug":"121-west","platName":"121 West Phases 1 and 2 711-21-000260-SUB","recorded":1711929600000},"geometry":{"type":"Polygon","coordinates":[[[-121.173789,44.310097],[-121.174168,44.310855],[-121.174843,44.310829],[-121.175308,44.310366],[-121.175695,44.310133],[-121.176376,44.30983],[-121.176428,44.306067],[-121.176435,44.305507],[-121.175901,44.30551],[-121.175901,44.305482],[-121.175542,44.305484],[-121.175484,44.305434],[-121.175392,44.305395],[-121.175331,44.305387],[-121.175211,44.305382],[-121.175087,44.305393],[-121.175033,44.305425],[-121.175003,44.305487],[-121.173138,44.305496],[-121.172424,44.3091],[-121.174826,44.309101],[-121.174693,44.309397],[-121.174498,44.309505],[-121.173789,44.310097]]],"crs":null}},{"type":"Feature","properties":{"sourceId":3139,"name":"Junegrass Meadows","slug":"junegrass-meadows","platName":"JUNEGRASS MEADOWS","recorded":1718668800000},"geometry":{"type":"Polygon","coordinates":[[[-121.178959,44.306796],[-121.180601,44.3068],[-121.180731,44.3068],[-121.180807,44.305468],[-121.178976,44.305466],[-121.178959,44.306796]]],"crs":null}},{"type":"Feature","properties":{"sourceId":3147,"name":"Links Condominiums at the Greens","slug":"links-condominiums-at-the-greens","platName":"LINKS CONDOMINIUMS AT THE GREENS, Supplemental Plat No. 1; Annexation of Stage 2","recorded":1724803200000},"geometry":{"type":"MultiPolygon","coordinates":[[[[-121.199535,44.242593],[-121.199793,44.242588],[-121.19978,44.24226],[-121.199775,44.242237],[-121.199772,44.242165],[-121.199769,44.242165],[-121.199767,44.24211],[-121.199515,44.242115],[-121.199535,44.242593]]],[[[-121.19988,44.242372],[-121.199886,44.242522],[-121.199913,44.242592],[-121.199979,44.242585],[-121.200045,44.24258],[-121.200036,44.242369],[-121.19988,44.242372]]]],"crs":null}},{"type":"Feature","properties":{"sourceId":3161,"name":"Feather Ridge","slug":"feather-ridge","platName":"Feather Ridge, Phase 1 711-21-000230-SUB","recorded":1742256000000},"geometry":{"type":"Polygon","coordinates":[[[-121.214536,44.261865],[-121.21957,44.261896],[-121.219505,44.258502],[-121.217004,44.258481],[-121.216231,44.258475],[-121.216135,44.258476],[-121.21604,44.25848],[-121.215945,44.258489],[-121.215567,44.258529],[-121.215468,44.258538],[-121.215367,44.258544],[-121.215267,44.258546],[-121.214824,44.258548],[-121.214763,44.258546],[-121.214703,44.258542],[-121.214643,44.258535],[-121.214653,44.258587],[-121.214656,44.25864],[-121.214665,44.259946],[-121.214664,44.259987],[-121.214658,44.260028],[-121.214649,44.260069],[-121.214641,44.260109],[-121.214667,44.260109],[-121.214661,44.260274],[-121.214562,44.260273],[-121.214567,44.260959],[-121.214529,44.260959],[-121.214536,44.261865]]],"crs":null}},{"type":"Feature","properties":{"sourceId":3163,"name":"Owen Ridge","slug":"owen-ridge","platName":"Owen Ridge Phases 1 and 2 711-22-000209-PLNG SUB","recorded":1744329600000},"geometry":{"type":"Polygon","coordinates":[[[-121.214068,44.244697],[-121.214413,44.24518],[-121.214413,44.24457],[-121.214416,44.240272],[-121.215458,44.240275],[-121.215455,44.238736],[-121.21416,44.238377],[-121.213005,44.238284],[-121.213005,44.238367],[-121.213004,44.240265],[-121.211357,44.240257],[-121.211236,44.240256],[-121.210892,44.240255],[-121.212151,44.242016],[-121.212255,44.242162],[-121.213963,44.244551],[-121.214068,44.244697]]],"crs":null}},{"type":"Feature","properties":{"sourceId":3167,"name":"Antler Meadows","slug":"antler-meadows","platName":"Antler Meadows 711-24-000089-PLNG","recorded":1747872000000},"geometry":{"type":"Polygon","coordinates":[[[-121.1859,44.278553],[-121.187072,44.27859],[-121.187074,44.278454],[-121.187077,44.277567],[-121.187081,44.27658],[-121.185913,44.276586],[-121.1859,44.278553]]],"crs":null}},{"type":"Feature","properties":{"sourceId":3168,"name":"Starview","slug":"starview","platName":"STARVIEW 711-23-000236-PLNG","recorded":1748908800000},"geometry":{"type":"Polygon","coordinates":[[[-121.21822,44.256573],[-121.218232,44.257307],[-121.220114,44.257307],[-121.220072,44.256885],[-121.220066,44.256792],[-121.220066,44.256698],[-121.220072,44.256604],[-121.220084,44.256511],[-121.220101,44.256419],[-121.220125,44.256327],[-121.220154,44.256235],[-121.220189,44.256145],[-121.22023,44.256056],[-121.220277,44.255969],[-121.220329,44.255883],[-121.220386,44.255799],[-121.220448,44.255717],[-121.220516,44.255637],[-121.220589,44.25556],[-121.220667,44.255485],[-121.220749,44.255412],[-121.220836,44.255342],[-121.220597,44.254777],[-121.220163,44.2545],[-121.22012,44.254508],[-121.219424,44.254637],[-121.219424,44.254774],[-121.219462,44.25658],[-121.21822,44.256573]]],"crs":null}},{"type":"Feature","properties":{"sourceId":3177,"name":"Dry Canyon","slug":"dry-canyon","platName":"Dry Canyon Phase 2 South 711-17-000134-SUB","recorded":1754352000000},"geometry":{"type":"Polygon","coordinates":[[[-121.196864,44.301736],[-121.19891,44.301752],[-121.198941,44.299898],[-121.198139,44.299891],[-121.19814,44.299798],[-121.198139,44.29977],[-121.198133,44.299741],[-121.198123,44.299713],[-121.198109,44.299686],[-121.198102,44.299675],[-121.197506,44.299674],[-121.197457,44.299705],[-121.197453,44.299939],[-121.197451,44.300015],[-121.197449,44.300092],[-121.197444,44.300343],[-121.197413,44.300352],[-121.19713,44.300572],[-121.197086,44.300605],[-121.196982,44.300687],[-121.196962,44.300702],[-121.196953,44.300714],[-121.196878,44.300817],[-121.196878,44.300831],[-121.196876,44.300948],[-121.196876,44.30096],[-121.196874,44.301064],[-121.196874,44.301103],[-121.19687,44.301385],[-121.196869,44.301412],[-121.196867,44.301528],[-121.196864,44.301736]]],"crs":null}},{"type":"Feature","properties":{"sourceId":3178,"name":"121 West","slug":"121-west","platName":"121 West, Phases 3-6 711-21-000260-SUB","recorded":1756339200000},"geometry":{"type":"Polygon","coordinates":[[[-121.173138,44.305496],[-121.172424,44.3091],[-121.174826,44.309101],[-121.175382,44.308964],[-121.17543,44.308964],[-121.175434,44.308642],[-121.175364,44.308485],[-121.175361,44.308198],[-121.175367,44.308198],[-121.17537,44.307923],[-121.175373,44.307759],[-121.175385,44.306898],[-121.175336,44.306898],[-121.175334,44.306733],[-121.175338,44.306445],[-121.175532,44.306444],[-121.175535,44.306211],[-121.175534,44.306047],[-121.176046,44.306044],[-121.176045,44.306069],[-121.176428,44.306067],[-121.176435,44.305507],[-121.175901,44.30551],[-121.175901,44.305482],[-121.175542,44.305484],[-121.175484,44.305434],[-121.175392,44.305395],[-121.175331,44.305387],[-121.175211,44.305382],[-121.175087,44.305393],[-121.175033,44.305425],[-121.175003,44.305487],[-121.173138,44.305496]]],"crs":null}},{"type":"Feature","properties":{"sourceId":3186,"name":"Rooted at 19th Condominium","slug":"rooted-at-19th-condominium","platName":"Rooted At 19th Condominium Parcel 2 and a Portion of Parcel 1 Minor Land Partition MP-80-93","recorded":1762473600000},"geometry":{"type":"Polygon","coordinates":[[[-121.189391,44.279295],[-121.191146,44.279304],[-121.191151,44.278797],[-121.189395,44.278788],[-121.189391,44.279295]]],"crs":null}},{"type":"Feature","properties":{"sourceId":3197,"name":"Feather Ridge","slug":"feather-ridge","platName":"Feather Ridge Phases 2A and 2B 711-21-000230-SUB","recorded":1769644800000},"geometry":{"type":"Polygon","coordinates":[[[-121.214655,44.261865],[-121.215496,44.261869],[-121.215486,44.260841],[-121.217214,44.26085],[-121.217248,44.260827],[-121.217292,44.260796],[-121.217331,44.260763],[-121.217366,44.260727],[-121.21756,44.260815],[-121.217525,44.260851],[-121.219553,44.260861],[-121.219537,44.260103],[-121.217249,44.260091],[-121.215479,44.260083],[-121.215481,44.260305],[-121.215451,44.260288],[-121.215422,44.260271],[-121.215367,44.260238],[-121.21531,44.260209],[-121.215249,44.260184],[-121.215185,44.260162],[-121.21512,44.260143],[-121.215052,44.260129],[-121.214983,44.260118],[-121.214913,44.260112],[-121.214843,44.260109],[-121.214668,44.260108],[-121.214663,44.260273],[-121.21464,44.260272],[-121.214655,44.261865]]],"crs":null}},{"type":"Feature","properties":{"sourceId":3200,"name":"Hearthstone","slug":"hearthstone","platName":"Hearthstone Phase 1","recorded":1770249600000},"geometry":{"type":"MultiPolygon","coordinates":[[[[-121.199141,44.30167],[-121.204367,44.30169],[-121.204367,44.298223],[-121.199197,44.298216],[-121.199141,44.30167]]],[[[-121.200482,44.304158],[-121.200854,44.304362],[-121.20106,44.304523],[-121.201269,44.30478],[-121.201283,44.304817],[-121.201312,44.304842],[-121.201393,44.304946],[-121.201681,44.305417],[-121.201695,44.305435],[-121.204007,44.305448],[-121.204035,44.303368],[-121.204056,44.301853],[-121.199138,44.301834],[-121.199097,44.304375],[-121.199094,44.304547],[-121.199423,44.304403],[-121.200076,44.304137],[-121.200331,44.304034],[-121.200482,44.304158]]]],"crs":null}},{"type":"Feature","properties":{"sourceId":3202,"name":"Dry Canyon","slug":"dry-canyon","platName":"Dry Canyon Phase 3 South 711-17-000134-SUB","recorded":1771459200000},"geometry":{"type":"Polygon","coordinates":[[[-121.194016,44.299893],[-121.194616,44.299896],[-121.194618,44.29978],[-121.19462,44.299752],[-121.194627,44.299724],[-121.194637,44.299697],[-121.194652,44.29967],[-121.194659,44.299659],[-121.195277,44.299664],[-121.195318,44.29969],[-121.195795,44.299307],[-121.195883,44.299207],[-121.195898,44.298239],[-121.194042,44.298237],[-121.194025,44.299295],[-121.194016,44.299893]]],"crs":null}},{"type":"Feature","properties":{"sourceId":3205,"name":"Owen Ridge","slug":"owen-ridge","platName":"Owen Ridge Phase 3 A Replat of Tracts Y & Z of Owen Ridge Phase 1 & 2 711-22-000209-PLNG","recorded":1772064000000},"geometry":{"type":"Polygon","coordinates":[[[-121.213963,44.244551],[-121.214068,44.244697],[-121.214413,44.24457],[-121.214416,44.240272],[-121.215458,44.240275],[-121.215456,44.239045],[-121.214724,44.239045],[-121.214724,44.239483],[-121.214606,44.239483],[-121.214605,44.239836],[-121.213004,44.239835],[-121.213004,44.240265],[-121.211357,44.240257],[-121.212517,44.241881],[-121.212151,44.242016],[-121.212255,44.242162],[-121.212621,44.242028],[-121.214327,44.244416],[-121.213963,44.244551]]],"crs":null}},{"type":"Feature","properties":{"sourceId":3215,"name":"Rooted at 19th Condominium","slug":"rooted-at-19th-condominium","platName":"Rooted At 19th Condominium - Supplemental Plat No 1: Reclassification of Variable Property Tract A","recorded":1778544000000},"geometry":{"type":"Polygon","coordinates":[[[-121.189391,44.279295],[-121.19035,44.2793],[-121.190353,44.278928],[-121.189834,44.278926],[-121.189832,44.279114],[-121.189392,44.279112],[-121.189391,44.279295]]],"crs":null}},{"type":"Feature","properties":{"sourceId":3216,"name":"Dry Canyon","slug":"dry-canyon","platName":"Dry Canyon Phase 2B South 711-17-000134-SUB","recorded":1778716800000},"geometry":{"type":"MultiPolygon","coordinates":[[[[-121.198328,44.300003],[-121.198326,44.30011],[-121.198326,44.300112],[-121.198324,44.300236],[-121.198782,44.30024],[-121.198784,44.300116],[-121.198784,44.300114],[-121.198786,44.300006],[-121.198788,44.299897],[-121.19833,44.299893],[-121.198328,44.300003]]],[[[-121.1975,44.300866],[-121.197485,44.300879],[-121.197473,44.300892],[-121.197463,44.300907],[-121.197812,44.30091],[-121.197814,44.300784],[-121.198177,44.300786],[-121.198179,44.300691],[-121.198178,44.300676],[-121.198174,44.30066],[-121.198165,44.300638],[-121.19815,44.300618],[-121.198131,44.300599],[-121.198108,44.300583],[-121.198082,44.30057],[-121.198053,44.300561],[-121.198022,44.300555],[-121.19799,44.300552],[-121.197959,44.300554],[-121.197927,44.300559],[-121.197898,44.300568],[-121.197871,44.300581],[-121.197848,44.300596],[-121.1975,44.300866]]]],"crs":null}},{"type":"Feature","properties":{"sourceId":3219,"name":"Vista Point","slug":"vista-point","platName":"Vista Point 711-21-000245-PLNG","recorded":1782864000000},"geometry":{"type":"Polygon","coordinates":[[[-121.203465,44.281003],[-121.203976,44.281023],[-121.203975,44.280119],[-121.203169,44.280118],[-121.203168,44.280173],[-121.202834,44.280448],[-121.202431,44.280447],[-121.202199,44.280447],[-121.20184,44.280446],[-121.20184,44.28095],[-121.203084,44.281001],[-121.203089,44.280977],[-121.203099,44.280955],[-121.203115,44.280934],[-121.203136,44.280915],[-121.203161,44.280899],[-121.203187,44.280888],[-121.203216,44.280879],[-121.203245,44.280874],[-121.203276,44.280873],[-121.203307,44.280875],[-121.203336,44.28088],[-121.203364,44.280889],[-121.20339,44.280901],[-121.203415,44.280917],[-121.203435,44.280936],[-121.20345,44.280957],[-121.20346,44.280979],[-121.203465,44.281003]]],"crs":null}},{"type":"Feature","properties":{"sourceId":3221,"name":"Feather Ridge","slug":"feather-ridge","platName":"Feather Ridge Phases 3A and 3B 711-21-000230-PLNG-SUB","recorded":1786579200000},"geometry":{"type":"Polygon","coordinates":[[[-121.217249,44.260092],[-121.219537,44.260103],[-121.219521,44.259326],[-121.219503,44.258496],[-121.217002,44.258478],[-121.216229,44.258472],[-121.216133,44.258473],[-121.216038,44.258478],[-121.215943,44.258487],[-121.215566,44.258527],[-121.215465,44.258536],[-121.215472,44.259316],[-121.215479,44.260083],[-121.217249,44.260092]]],"crs":null}},{"type":"Feature","properties":{"sourceId":3222,"name":"Antelope Flatts","slug":"antelope-flatts","platName":"Antelope Flatts, Phase 1","recorded":1789430400000},"geometry":{"type":"Polygon","coordinates":[[[-121.224481,44.241206],[-121.229399,44.241231],[-121.229405,44.2409],[-121.229409,44.240626],[-121.229412,44.240324],[-121.224481,44.240307],[-121.224481,44.241206]]],"crs":null}}]}
